item_id,pedido_id,produto_id,quantidade,preco_unit,subtotal
1,1,13,4,195.9,783.6
2,1,30,2,1115.17,2230.34
3,1,52,5,204.26,1021.3
4,2,15,2,559.13,1118.26
5,2,78,3,2851.02,8553.06
6,3,29,1,56.79,56.79
7,4,40,3,875.77,2627.31
8,5,78,5,2851.02,14255.1
9,6,68,2,19.08,38.16
10,7,49,2,804.66,1609.32
11,7,37,4,368.6,1474.4
12,7,24,4,33.34,133.36
13,8,14,1,506.49,506.49
14,9,8,5,180.66,903.3
15,9,49,5,804.66,4023.3
16,9,35,4,106.43,425.72
17,10,20,4,65.78,263.12
18,10,77,4,149.55,598.2
19,10,48,1,265.86,265.86
20,10,63,3,181.06,543.18
21,10,68,2,19.08,38.16
22,11,26,5,184.74,923.7
23,12,13,3,195.9,587.7
24,13,40,4,875.77,3503.08
25,14,57,1,309.44,309.44
26,15,31,4,180.39,721.56
27,15,42,3,80.53,241.59
28,16,31,2,180.39,360.78
29,16,38,3,313.65,940.95
30,17,18,3,146.84,440.52
31,17,31,4,180.39,721.56
32,18,55,1,537.2,537.2
33,18,16,3,413.4,1240.2
34,18,1,1,212.07,212.07
35,19,21,5,139.98,699.9
36,20,79,2,66.15,132.3
37,20,24,4,33.34,133.36
38,21,49,1,804.66,804.66
39,21,37,3,368.6,1105.8
40,21,5,2,169.65,339.3
41,21,76,4,9.81,39.24
42,21,68,4,19.08,76.32
43,22,32,2,112.33,224.66
44,23,4,5,200.21,1001.05
45,23,22,1,73.8,73.8
46,23,16,3,413.4,1240.2
47,23,58,3,580.12,1740.36
48,24,52,4,204.26,817.04
49,24,68,1,19.08,19.08
50,25,73,5,381.37,1906.85
51,25,54,2,100.69,201.38
52,26,36,2,142.92,285.84
53,26,57,1,309.44,309.44
54,27,67,5,62.15,310.75
55,27,52,1,204.26,204.26
56,28,2,4,159.24,636.96
57,29,18,5,146.84,734.2
58,30,64,1,66.81,66.81
59,30,27,5,146.85,734.25
60,31,75,5,107.38,536.9
61,32,13,3,195.9,587.7
62,32,58,5,580.12,2900.6
63,33,49,3,804.66,2413.98
64,33,4,3,200.21,600.63
65,34,43,3,240.77,722.31
66,34,75,1,107.38,107.38
67,34,22,2,73.8,147.6
68,35,31,3,180.39,541.17
69,35,26,5,184.74,923.7
70,35,61,4,1408.26,5633.04
71,36,15,4,559.13,2236.52
72,37,6,3,45.27,135.81
73,38,71,1,1883.43,1883.43
74,38,13,4,195.9,783.6
75,38,79,5,66.15,330.75
76,39,74,1,102.75,102.75
77,39,11,1,28.03,28.03
78,39,77,4,149.55,598.2
79,39,52,3,204.26,612.78
80,40,6,1,45.27,45.27
81,40,42,2,80.53,161.06
82,40,27,3,146.85,440.55
83,41,40,5,875.77,4378.85
84,41,60,5,342.84,1714.2
85,41,25,5,383.92,1919.6
86,41,65,1,43.77,43.77
87,42,29,2,56.79,113.58
88,42,70,5,150.13,750.65
89,43,78,3,2851.02,8553.06
90,43,33,5,119.54,597.7
91,44,79,2,66.15,132.3
92,45,72,3,215.38,646.14
93,46,9,4,4886.22,19544.88
94,46,1,1,212.07,212.07
95,46,72,3,215.38,646.14
96,47,37,1,368.6,368.6
97,48,52,5,204.26,1021.3
98,48,56,1,117.4,117.4
99,49,56,3,117.4,352.2
100,49,30,2,1115.17,2230.34
101,49,31,5,180.39,901.95
102,49,18,4,146.84,587.36
103,50,59,2,309.22,618.44
104,50,55,5,537.2,2686.0
105,50,1,2,212.07,424.14
106,50,78,4,2851.02,11404.08
107,51,52,3,204.26,612.78
108,52,29,1,56.79,56.79
109,52,70,3,150.13,450.39
110,52,58,1,580.12,580.12
111,53,13,2,195.9,391.8
112,53,48,2,265.86,531.72
113,54,47,5,145.99,729.95
114,54,67,1,62.15,62.15
115,54,51,3,3965.72,11897.16
116,55,14,2,506.49,1012.98
117,55,27,1,146.85,146.85
118,56,53,3,477.39,1432.17
119,57,7,1,2939.07,2939.07
120,58,41,4,175.34,701.36
121,58,60,5,342.84,1714.2
122,59,74,3,102.75,308.25
123,59,39,1,130.63,130.63
124,59,61,5,1408.26,7041.3
125,60,58,3,580.12,1740.36
126,61,24,2,33.34,66.68
127,62,59,1,309.22,309.22
128,62,22,1,73.8,73.8
129,62,29,5,56.79,283.95
130,63,26,5,184.74,923.7
131,63,43,3,240.77,722.31
132,64,40,2,875.77,1751.54
133,65,38,3,313.65,940.95
134,66,25,4,383.92,1535.68
135,66,54,1,100.69,100.69
136,67,9,5,4886.22,24431.1
137,67,30,4,1115.17,4460.68
138,68,10,4,236.68,946.72
139,69,23,5,419.81,2099.05
140,69,3,4,762.92,3051.68
141,69,33,2,119.54,239.08
142,69,77,2,149.55,299.1
143,69,54,2,100.69,201.38
144,70,25,4,383.92,1535.68
145,71,29,2,56.79,113.58
146,71,55,2,537.2,1074.4
147,71,69,3,852.39,2557.17
148,72,44,2,18.97,37.94
149,73,72,1,215.38,215.38
150,74,31,5,180.39,901.95
151,75,37,2,368.6,737.2
152,76,56,5,117.4,587.0
153,77,2,4,159.24,636.96
154,78,35,4,106.43,425.72
155,79,19,5,77.01,385.05
156,80,69,2,852.39,1704.78
157,81,2,2,159.24,318.48
158,82,72,1,215.38,215.38
159,82,24,5,33.34,166.7
160,82,10,3,236.68,710.04
161,83,47,2,145.99,291.98
162,83,61,4,1408.26,5633.04
163,83,64,4,66.81,267.24
164,84,27,1,146.85,146.85
165,84,48,5,265.86,1329.3
166,85,43,4,240.77,963.08
167,86,29,5,56.79,283.95
168,86,23,1,419.81,419.81
169,86,40,1,875.77,875.77
170,86,42,3,80.53,241.59
171,87,13,5,195.9,979.5
172,87,7,3,2939.07,8817.21
173,88,78,1,2851.02,2851.02
174,89,26,2,184.74,369.48
175,89,17,3,288.0,864.0
176,90,28,5,572.84,2864.2
177,90,58,1,580.12,580.12
178,90,31,1,180.39,180.39
179,90,50,4,138.67,554.68
180,91,62,4,269.1,1076.4
181,92,75,1,107.38,107.38
182,93,72,2,215.38,430.76
183,93,44,2,18.97,37.94
184,94,76,2,9.81,19.62
185,95,36,4,142.92,571.68
186,95,32,5,112.33,561.65
187,96,36,5,142.92,714.6
188,97,26,1,184.74,184.74
189,97,61,4,1408.26,5633.04
190,98,1,2,212.07,424.14
191,98,34,1,150.04,150.04
192,99,42,3,80.53,241.59
193,100,23,3,419.81,1259.43
194,101,6,1,45.27,45.27
195,101,53,4,477.39,1909.56
196,102,44,2,18.97,37.94
197,103,73,1,381.37,381.37
198,103,43,4,240.77,963.08
199,104,45,4,344.12,1376.48
200,104,23,3,419.81,1259.43
201,104,2,3,159.24,477.72
202,105,8,1,180.66,180.66
203,106,48,2,265.86,531.72
204,106,30,2,1115.17,2230.34
205,106,11,3,28.03,84.09
206,106,40,3,875.77,2627.31
207,106,71,2,1883.43,3766.86
208,107,78,2,2851.02,5702.04
209,108,25,4,383.92,1535.68
210,109,68,3,19.08,57.24
211,110,27,5,146.85,734.25
212,111,23,1,419.81,419.81
213,112,18,1,146.84,146.84
214,113,62,3,269.1,807.3
215,113,46,4,113.28,453.12
216,114,39,4,130.63,522.52
217,114,40,2,875.77,1751.54
218,114,62,4,269.1,1076.4
219,115,63,2,181.06,362.12
220,115,9,2,4886.22,9772.44
221,116,65,3,43.77,131.31
222,117,49,2,804.66,1609.32
223,118,74,4,102.75,411.0
224,118,2,4,159.24,636.96
225,118,44,1,18.97,18.97
226,118,62,4,269.1,1076.4
227,119,41,3,175.34,526.02
228,119,27,5,146.85,734.25
229,120,34,2,150.04,300.08
230,121,15,3,559.13,1677.39
231,122,72,3,215.38,646.14
232,122,61,5,1408.26,7041.3
233,122,76,5,9.81,49.05
234,123,35,4,106.43,425.72
235,124,66,1,605.81,605.81
236,125,21,1,139.98,139.98
237,126,80,5,113.53,567.65
238,127,3,1,762.92,762.92
239,127,12,2,3234.73,6469.46
240,128,3,5,762.92,3814.6
241,128,65,4,43.77,175.08
242,128,36,3,142.92,428.76
243,129,38,5,313.65,1568.25
244,129,1,4,212.07,848.28
245,130,23,5,419.81,2099.05
246,131,29,5,56.79,283.95
247,132,26,2,184.74,369.48
248,132,6,2,45.27,90.54
249,133,34,1,150.04,150.04
250,133,25,1,383.92,383.92
251,134,20,3,65.78,197.34
252,134,52,3,204.26,612.78
253,135,62,1,269.1,269.1
254,135,42,5,80.53,402.65
255,136,54,4,100.69,402.76
256,136,56,5,117.4,587.0
257,137,39,5,130.63,653.15
258,137,62,1,269.1,269.1
259,137,8,5,180.66,903.3
260,137,7,1,2939.07,2939.07
261,137,1,4,212.07,848.28
262,138,71,5,1883.43,9417.15
263,139,24,4,33.34,133.36
264,140,21,1,139.98,139.98
265,141,27,5,146.85,734.25
266,142,43,2,240.77,481.54
267,142,9,4,4886.22,19544.88
268,142,12,5,3234.73,16173.65
269,142,30,2,1115.17,2230.34
270,143,65,3,43.77,131.31
271,143,51,2,3965.72,7931.44
272,143,29,3,56.79,170.37
273,144,19,5,77.01,385.05
274,144,43,4,240.77,963.08
275,145,76,1,9.81,9.81
276,146,37,1,368.6,368.6
277,146,51,2,3965.72,7931.44
278,147,73,5,381.37,1906.85
279,147,68,4,19.08,76.32
280,148,28,4,572.84,2291.36
281,149,41,1,175.34,175.34
282,150,21,2,139.98,279.96
283,151,29,4,56.79,227.16
284,152,38,2,313.65,627.3
285,152,47,1,145.99,145.99
286,153,63,3,181.06,543.18
287,154,30,2,1115.17,2230.34
288,155,76,1,9.81,9.81
289,155,41,1,175.34,175.34
290,155,14,1,506.49,506.49
291,156,61,5,1408.26,7041.3
292,157,64,3,66.81,200.43
293,158,80,4,113.53,454.12
294,158,73,4,381.37,1525.48
295,159,77,1,149.55,149.55
296,160,14,1,506.49,506.49
297,160,55,5,537.2,2686.0
298,161,10,5,236.68,1183.4
299,161,20,1,65.78,65.78
300,162,3,1,762.92,762.92
301,163,33,1,119.54,119.54
302,164,45,1,344.12,344.12
303,165,58,2,580.12,1160.24
304,166,64,2,66.81,133.62
305,166,71,4,1883.43,7533.72
306,166,79,2,66.15,132.3
307,167,57,5,309.44,1547.2
308,167,13,5,195.9,979.5
309,167,53,5,477.39,2386.95
310,167,2,4,159.24,636.96
311,168,61,5,1408.26,7041.3
312,168,43,1,240.77,240.77
313,169,32,5,112.33,561.65
314,170,32,3,112.33,336.99
315,170,30,3,1115.17,3345.51
316,170,24,5,33.34,166.7
317,171,65,1,43.77,43.77
318,171,69,5,852.39,4261.95
319,171,61,4,1408.26,5633.04
320,171,30,4,1115.17,4460.68
321,171,62,3,269.1,807.3
322,172,33,1,119.54,119.54
323,173,78,5,2851.02,14255.1
324,174,71,5,1883.43,9417.15
325,174,34,5,150.04,750.2
326,174,4,3,200.21,600.63
327,175,9,2,4886.22,9772.44
328,175,62,4,269.1,1076.4
329,176,62,1,269.1,269.1
330,177,75,2,107.38,214.76
331,177,38,4,313.65,1254.6
332,178,62,1,269.1,269.1
333,179,4,1,200.21,200.21
334,179,76,3,9.81,29.43
335,180,1,5,212.07,1060.35
336,181,42,3,80.53,241.59
337,181,68,3,19.08,57.24
338,182,71,2,1883.43,3766.86
339,183,68,3,19.08,57.24
340,183,71,2,1883.43,3766.86
341,183,61,1,1408.26,1408.26
342,184,72,3,215.38,646.14
343,185,63,1,181.06,181.06
344,185,68,1,19.08,19.08
345,185,57,3,309.44,928.32
346,186,16,2,413.4,826.8
347,187,66,4,605.81,2423.24
348,188,21,3,139.98,419.94
349,189,11,5,28.03,140.15
350,190,58,3,580.12,1740.36
351,190,71,3,1883.43,5650.29
352,191,73,3,381.37,1144.11
353,191,42,4,80.53,322.12
354,192,11,2,28.03,56.06
355,193,55,1,537.2,537.2
356,193,50,1,138.67,138.67
357,194,78,3,2851.02,8553.06
358,194,18,1,146.84,146.84
359,195,1,5,212.07,1060.35
360,195,69,1,852.39,852.39
361,195,7,5,2939.07,14695.35
362,196,70,2,150.13,300.26
363,197,36,5,142.92,714.6
364,197,19,4,77.01,308.04
365,198,63,3,181.06,543.18
366,198,12,1,3234.73,3234.73
367,199,29,4,56.79,227.16
368,200,45,5,344.12,1720.6
369,201,65,1,43.77,43.77
370,202,7,3,2939.07,8817.21
371,202,54,2,100.69,201.38
372,203,6,3,45.27,135.81
373,203,49,2,804.66,1609.32
374,204,4,2,200.21,400.42
375,205,9,2,4886.22,9772.44
376,205,14,3,506.49,1519.47
377,205,23,4,419.81,1679.24
378,205,34,1,150.04,150.04
379,206,80,1,113.53,113.53
380,207,58,1,580.12,580.12
381,208,10,5,236.68,1183.4
382,208,74,2,102.75,205.5
383,208,22,5,73.8,369.0
384,208,30,3,1115.17,3345.51
385,208,18,1,146.84,146.84
386,209,62,4,269.1,1076.4
387,209,6,1,45.27,45.27
388,210,33,3,119.54,358.62
389,210,14,3,506.49,1519.47
390,211,70,3,150.13,450.39
391,211,59,4,309.22,1236.88
392,212,16,1,413.4,413.4
393,213,33,5,119.54,597.7
394,214,2,1,159.24,159.24
395,215,45,4,344.12,1376.48
396,216,53,1,477.39,477.39
397,217,74,2,102.75,205.5
398,218,31,4,180.39,721.56
399,218,12,1,3234.73,3234.73
400,219,37,2,368.6,737.2
401,220,64,2,66.81,133.62
402,221,35,4,106.43,425.72
403,221,10,1,236.68,236.68
404,222,35,2,106.43,212.86
405,223,11,3,28.03,84.09
406,224,31,3,180.39,541.17
407,224,55,1,537.2,537.2
408,224,39,4,130.63,522.52
409,224,28,4,572.84,2291.36
410,225,9,3,4886.22,14658.66
411,226,28,3,572.84,1718.52
412,227,20,1,65.78,65.78
413,228,62,3,269.1,807.3
414,228,18,2,146.84,293.68
415,228,51,2,3965.72,7931.44
416,228,28,4,572.84,2291.36
417,228,31,4,180.39,721.56
418,229,30,3,1115.17,3345.51
419,229,65,4,43.77,175.08
420,229,47,1,145.99,145.99
421,229,75,1,107.38,107.38
422,229,54,5,100.69,503.45
423,230,24,2,33.34,66.68
424,231,59,4,309.22,1236.88
425,232,18,2,146.84,293.68
426,232,36,3,142.92,428.76
427,233,12,2,3234.73,6469.46
428,233,29,3,56.79,170.37
429,234,33,5,119.54,597.7
430,235,50,1,138.67,138.67
431,235,25,4,383.92,1535.68
432,235,36,4,142.92,571.68
433,235,62,5,269.1,1345.5
434,236,24,3,33.34,100.02
435,237,7,2,2939.07,5878.14
436,237,15,4,559.13,2236.52
437,237,59,2,309.22,618.44
438,238,63,1,181.06,181.06
439,239,49,4,804.66,3218.64
440,239,12,4,3234.73,12938.92
441,240,48,4,265.86,1063.44
442,240,61,2,1408.26,2816.52
443,240,68,2,19.08,38.16
444,240,12,3,3234.73,9704.19
445,241,1,5,212.07,1060.35
446,241,6,4,45.27,181.08
447,241,19,4,77.01,308.04
448,241,62,5,269.1,1345.5
449,241,30,4,1115.17,4460.68
450,242,69,3,852.39,2557.17
451,242,70,5,150.13,750.65
452,243,49,4,804.66,3218.64
453,244,68,2,19.08,38.16
454,244,43,5,240.77,1203.85
455,244,5,1,169.65,169.65
456,245,35,3,106.43,319.29
457,245,26,1,184.74,184.74
458,246,31,1,180.39,180.39
459,247,31,3,180.39,541.17
460,247,73,5,381.37,1906.85
461,247,76,5,9.81,49.05
462,248,61,3,1408.26,4224.78
463,248,19,2,77.01,154.02
464,249,41,3,175.34,526.02
465,250,14,2,506.49,1012.98
466,250,20,3,65.78,197.34
467,250,16,1,413.4,413.4
468,251,35,4,106.43,425.72
469,252,16,4,413.4,1653.6
470,252,79,5,66.15,330.75
471,252,77,2,149.55,299.1
472,253,70,2,150.13,300.26
473,253,15,1,559.13,559.13
474,253,4,3,200.21,600.63
475,253,74,4,102.75,411.0
476,254,65,5,43.77,218.85
477,254,71,3,1883.43,5650.29
478,254,39,2,130.63,261.26
479,255,5,5,169.65,848.25
480,256,29,1,56.79,56.79
481,256,79,4,66.15,264.6
482,256,47,3,145.99,437.97
483,257,12,1,3234.73,3234.73
484,257,9,1,4886.22,4886.22
485,257,18,1,146.84,146.84
486,258,2,5,159.24,796.2
487,258,67,4,62.15,248.6
488,259,69,5,852.39,4261.95
489,259,54,5,100.69,503.45
490,259,65,1,43.77,43.77
491,260,26,4,184.74,738.96
492,260,56,2,117.4,234.8
493,261,11,4,28.03,112.12
494,262,78,2,2851.02,5702.04
495,263,15,5,559.13,2795.65
496,264,14,5,506.49,2532.45
497,264,10,5,236.68,1183.4
498,264,16,2,413.4,826.8
499,265,11,5,28.03,140.15
500,265,22,5,73.8,369.0
501,266,10,4,236.68,946.72
502,267,67,4,62.15,248.6
503,267,56,4,117.4,469.6
504,268,49,1,804.66,804.66
505,269,29,1,56.79,56.79
506,270,77,1,149.55,149.55
507,270,5,2,169.65,339.3
508,270,31,1,180.39,180.39
509,271,15,3,559.13,1677.39
510,272,12,3,3234.73,9704.19
511,273,52,2,204.26,408.52
512,274,17,1,288.0,288.0
513,275,13,4,195.9,783.6
514,276,18,5,146.84,734.2
515,277,76,5,9.81,49.05
516,277,75,4,107.38,429.52
517,278,18,2,146.84,293.68
518,279,39,1,130.63,130.63
519,279,76,5,9.81,49.05
520,280,16,1,413.4,413.4
521,281,20,1,65.78,65.78
522,282,42,2,80.53,161.06
523,282,3,1,762.92,762.92
524,282,28,5,572.84,2864.2
525,282,5,4,169.65,678.6
526,282,51,5,3965.72,19828.6
527,283,4,5,200.21,1001.05
528,283,69,5,852.39,4261.95
529,283,33,1,119.54,119.54
530,284,40,3,875.77,2627.31
531,285,26,1,184.74,184.74
532,286,80,4,113.53,454.12
533,287,44,2,18.97,37.94
534,287,59,1,309.22,309.22
535,287,65,4,43.77,175.08
536,288,72,5,215.38,1076.9
537,288,48,4,265.86,1063.44
538,289,49,5,804.66,4023.3
539,289,29,4,56.79,227.16
540,289,48,1,265.86,265.86
541,290,45,1,344.12,344.12
542,290,3,4,762.92,3051.68
543,290,1,2,212.07,424.14
544,291,72,3,215.38,646.14
545,291,10,5,236.68,1183.4
546,291,22,1,73.8,73.8
547,292,21,3,139.98,419.94
548,292,48,1,265.86,265.86
549,293,75,3,107.38,322.14
550,293,18,4,146.84,587.36
551,294,52,3,204.26,612.78
552,294,55,3,537.2,1611.6
553,294,5,1,169.65,169.65
554,295,7,1,2939.07,2939.07
555,295,30,2,1115.17,2230.34
556,296,1,3,212.07,636.21
557,296,59,2,309.22,618.44
558,296,11,3,28.03,84.09
559,296,22,5,73.8,369.0
560,297,50,1,138.67,138.67
561,298,53,2,477.39,954.78
562,299,64,4,66.81,267.24
563,299,63,5,181.06,905.3
564,300,23,4,419.81,1679.24
565,300,79,2,66.15,132.3
566,301,4,5,200.21,1001.05
567,301,5,1,169.65,169.65
568,301,9,2,4886.22,9772.44
569,302,66,4,605.81,2423.24
570,302,17,1,288.0,288.0
571,303,27,5,146.85,734.25
572,304,18,1,146.84,146.84
573,304,69,5,852.39,4261.95
574,305,56,2,117.4,234.8
575,305,58,2,580.12,1160.24
576,306,21,5,139.98,699.9
577,306,22,5,73.8,369.0
578,306,77,4,149.55,598.2
579,307,71,4,1883.43,7533.72
580,308,63,5,181.06,905.3
581,308,10,2,236.68,473.36
582,308,61,4,1408.26,5633.04
583,309,51,2,3965.72,7931.44
584,310,12,4,3234.73,12938.92
585,311,19,1,77.01,77.01
586,311,69,1,852.39,852.39
587,312,3,3,762.92,2288.76
588,313,38,5,313.65,1568.25
589,313,37,3,368.6,1105.8
590,314,29,4,56.79,227.16
591,314,64,5,66.81,334.05
592,314,30,1,1115.17,1115.17
593,315,23,3,419.81,1259.43
594,316,64,3,66.81,200.43
595,316,63,2,181.06,362.12
596,317,32,2,112.33,224.66
597,317,9,2,4886.22,9772.44
598,317,49,4,804.66,3218.64
599,318,21,2,139.98,279.96
600,318,53,1,477.39,477.39
601,318,32,4,112.33,449.32
602,318,28,5,572.84,2864.2
603,319,33,4,119.54,478.16
604,320,21,4,139.98,559.92
605,320,34,5,150.04,750.2
606,321,43,4,240.77,963.08
607,322,50,4,138.67,554.68
608,323,63,4,181.06,724.24
609,324,36,3,142.92,428.76
610,324,42,1,80.53,80.53
611,325,43,1,240.77,240.77
612,326,27,3,146.85,440.55
613,327,28,2,572.84,1145.68
614,327,64,1,66.81,66.81
615,328,44,1,18.97,18.97
616,329,11,3,28.03,84.09
617,329,27,2,146.85,293.7
618,329,21,4,139.98,559.92
619,330,61,4,1408.26,5633.04
620,331,33,2,119.54,239.08
621,331,8,2,180.66,361.32
622,331,57,3,309.44,928.32
623,331,1,1,212.07,212.07
624,332,2,5,159.24,796.2
625,332,68,3,19.08,57.24
626,332,62,2,269.1,538.2
627,332,17,3,288.0,864.0
628,332,64,2,66.81,133.62
629,333,37,1,368.6,368.6
630,333,56,5,117.4,587.0
631,334,23,2,419.81,839.62
632,334,47,5,145.99,729.95
633,335,6,5,45.27,226.35
634,336,76,5,9.81,49.05
635,336,20,1,65.78,65.78
636,336,37,2,368.6,737.2
637,337,58,3,580.12,1740.36
638,338,22,4,73.8,295.2
639,338,9,5,4886.22,24431.1
640,338,41,1,175.34,175.34
641,338,71,1,1883.43,1883.43
642,339,68,2,19.08,38.16
643,340,38,1,313.65,313.65
644,341,26,1,184.74,184.74
645,342,18,3,146.84,440.52
646,343,58,5,580.12,2900.6
647,343,16,4,413.4,1653.6
648,343,73,3,381.37,1144.11
649,344,41,2,175.34,350.68
650,345,46,5,113.28,566.4
651,346,26,2,184.74,369.48
652,346,6,3,45.27,135.81
653,346,38,5,313.65,1568.25
654,347,43,1,240.77,240.77
655,348,57,1,309.44,309.44
656,349,75,3,107.38,322.14
657,349,64,4,66.81,267.24
658,349,18,4,146.84,587.36
659,350,52,2,204.26,408.52
660,351,35,5,106.43,532.15
661,351,41,4,175.34,701.36
662,352,15,1,559.13,559.13
663,352,56,3,117.4,352.2
664,352,22,4,73.8,295.2
665,353,28,3,572.84,1718.52
666,354,40,1,875.77,875.77
667,355,21,1,139.98,139.98
668,356,74,4,102.75,411.0
669,356,59,3,309.22,927.66
670,356,57,1,309.44,309.44
671,356,68,2,19.08,38.16
672,357,48,3,265.86,797.58
673,358,2,4,159.24,636.96
674,358,57,5,309.44,1547.2
675,358,79,1,66.15,66.15
676,359,41,3,175.34,526.02
677,360,47,1,145.99,145.99
678,361,76,5,9.81,49.05
679,361,57,4,309.44,1237.76
680,361,54,2,100.69,201.38
681,362,61,4,1408.26,5633.04
682,363,60,3,342.84,1028.52
683,364,24,4,33.34,133.36
684,364,49,3,804.66,2413.98
685,364,4,3,200.21,600.63
686,365,8,4,180.66,722.64
687,366,72,1,215.38,215.38
688,366,23,3,419.81,1259.43
689,367,24,1,33.34,33.34
690,368,43,2,240.77,481.54
691,369,40,5,875.77,4378.85
692,370,73,3,381.37,1144.11
693,370,41,4,175.34,701.36
694,371,5,4,169.65,678.6
695,371,8,5,180.66,903.3
696,371,48,2,265.86,531.72
697,372,35,1,106.43,106.43
698,372,74,2,102.75,205.5
699,373,12,3,3234.73,9704.19
700,374,50,2,138.67,277.34
701,375,4,2,200.21,400.42
702,375,47,4,145.99,583.96
703,376,23,1,419.81,419.81
704,377,29,5,56.79,283.95
705,377,39,3,130.63,391.89
706,377,3,4,762.92,3051.68
707,378,32,4,112.33,449.32
708,378,61,1,1408.26,1408.26
709,379,43,2,240.77,481.54
710,380,47,4,145.99,583.96
711,381,80,4,113.53,454.12
712,381,67,2,62.15,124.3
713,382,25,2,383.92,767.84
714,382,78,5,2851.02,14255.1
715,382,10,5,236.68,1183.4
716,383,30,1,1115.17,1115.17
717,383,28,4,572.84,2291.36
718,383,8,4,180.66,722.64
719,384,79,2,66.15,132.3
720,385,4,4,200.21,800.84
721,386,42,2,80.53,161.06
722,386,38,4,313.65,1254.6
723,387,23,2,419.81,839.62
724,387,61,3,1408.26,4224.78
725,387,70,2,150.13,300.26
726,387,34,5,150.04,750.2
727,388,27,4,146.85,587.4
728,388,11,4,28.03,112.12
729,388,78,4,2851.02,11404.08
730,388,65,2,43.77,87.54
731,389,40,2,875.77,1751.54
732,390,72,5,215.38,1076.9
733,391,35,5,106.43,532.15
734,392,22,5,73.8,369.0
735,392,5,1,169.65,169.65
736,392,59,4,309.22,1236.88
737,393,48,1,265.86,265.86
738,393,29,3,56.79,170.37
739,393,80,5,113.53,567.65
740,394,27,5,146.85,734.25
741,394,45,4,344.12,1376.48
742,394,36,5,142.92,714.6
743,394,6,2,45.27,90.54
744,395,74,3,102.75,308.25
745,396,37,2,368.6,737.2
746,396,68,3,19.08,57.24
747,396,61,1,1408.26,1408.26
748,397,23,1,419.81,419.81
749,398,61,5,1408.26,7041.3
750,398,76,2,9.81,19.62
751,399,24,5,33.34,166.7
752,399,16,4,413.4,1653.6
753,400,56,3,117.4,352.2
754,400,19,5,77.01,385.05
755,401,70,4,150.13,600.52
756,401,48,3,265.86,797.58
757,401,47,1,145.99,145.99
758,402,71,3,1883.43,5650.29
759,403,14,1,506.49,506.49
760,404,31,5,180.39,901.95
761,404,30,5,1115.17,5575.85
762,405,54,4,100.69,402.76
763,405,72,3,215.38,646.14
764,405,40,3,875.77,2627.31
765,406,72,4,215.38,861.52
766,407,18,5,146.84,734.2
767,407,2,1,159.24,159.24
768,407,26,2,184.74,369.48
769,408,72,5,215.38,1076.9
770,408,5,3,169.65,508.95
771,408,15,2,559.13,1118.26
772,409,73,4,381.37,1525.48
773,409,60,2,342.84,685.68
774,409,27,4,146.85,587.4
775,410,20,2,65.78,131.56
776,410,1,4,212.07,848.28
777,411,46,2,113.28,226.56
778,411,14,1,506.49,506.49
779,412,15,2,559.13,1118.26
780,412,51,2,3965.72,7931.44
781,413,71,1,1883.43,1883.43
782,413,41,1,175.34,175.34
783,414,28,3,572.84,1718.52
784,414,31,4,180.39,721.56
785,414,20,4,65.78,263.12
786,415,44,4,18.97,75.88
787,415,76,1,9.81,9.81
788,416,22,1,73.8,73.8
789,417,8,2,180.66,361.32
790,417,14,5,506.49,2532.45
791,417,60,5,342.84,1714.2
792,418,14,3,506.49,1519.47
793,419,59,5,309.22,1546.1
794,420,13,5,195.9,979.5
795,421,48,3,265.86,797.58
796,422,63,1,181.06,181.06
797,423,12,5,3234.73,16173.65
798,423,73,1,381.37,381.37
799,423,38,2,313.65,627.3
800,424,80,2,113.53,227.06
801,424,76,2,9.81,19.62
802,425,35,2,106.43,212.86
803,426,48,5,265.86,1329.3
804,426,24,5,33.34,166.7
805,427,15,3,559.13,1677.39
806,428,77,4,149.55,598.2
807,429,42,1,80.53,80.53
808,430,43,5,240.77,1203.85
809,431,19,1,77.01,77.01
810,432,23,1,419.81,419.81
811,432,40,2,875.77,1751.54
812,433,31,1,180.39,180.39
813,433,42,4,80.53,322.12
814,433,11,2,28.03,56.06
815,434,56,1,117.4,117.4
816,435,48,1,265.86,265.86
817,435,67,1,62.15,62.15
818,435,73,3,381.37,1144.11
819,436,6,2,45.27,90.54
820,436,62,2,269.1,538.2
821,437,34,4,150.04,600.16
822,438,50,3,138.67,416.01
823,439,78,2,2851.02,5702.04
824,440,13,4,195.9,783.6
825,440,38,2,313.65,627.3
826,440,59,5,309.22,1546.1
827,441,22,4,73.8,295.2
828,442,68,2,19.08,38.16
829,443,42,1,80.53,80.53
830,443,62,5,269.1,1345.5
831,443,37,2,368.6,737.2
832,443,53,5,477.39,2386.95
833,444,23,4,419.81,1679.24
834,445,44,3,18.97,56.91
835,445,8,3,180.66,541.98
836,445,10,1,236.68,236.68
837,446,31,3,180.39,541.17
838,447,47,5,145.99,729.95
839,447,72,5,215.38,1076.9
840,448,10,5,236.68,1183.4
841,449,39,5,130.63,653.15
842,450,34,4,150.04,600.16
843,451,68,4,19.08,76.32
844,451,59,2,309.22,618.44
845,452,24,1,33.34,33.34
846,452,37,2,368.6,737.2
847,453,16,1,413.4,413.4
848,453,22,4,73.8,295.2
849,453,42,2,80.53,161.06
850,454,9,1,4886.22,4886.22
851,455,75,5,107.38,536.9
852,456,72,1,215.38,215.38
853,456,9,2,4886.22,9772.44
854,456,13,4,195.9,783.6
855,457,7,4,2939.07,11756.28
856,457,79,4,66.15,264.6
857,458,74,2,102.75,205.5
858,458,16,4,413.4,1653.6
859,459,73,5,381.37,1906.85
860,459,80,3,113.53,340.59
861,459,8,3,180.66,541.98
862,460,3,5,762.92,3814.6
863,460,65,4,43.77,175.08
864,460,74,3,102.75,308.25
865,460,44,5,18.97,94.85
866,460,13,5,195.9,979.5
867,461,60,4,342.84,1371.36
868,462,8,5,180.66,903.3
869,462,56,5,117.4,587.0
870,463,47,1,145.99,145.99
871,464,7,4,2939.07,11756.28
872,465,68,4,19.08,76.32
873,465,31,1,180.39,180.39
874,465,79,2,66.15,132.3
875,465,76,1,9.81,9.81
876,465,51,5,3965.72,19828.6
877,466,35,1,106.43,106.43
878,467,76,2,9.81,19.62
879,467,35,5,106.43,532.15
880,468,14,2,506.49,1012.98
881,469,2,3,159.24,477.72
882,469,36,3,142.92,428.76
883,469,17,2,288.0,576.0
884,470,47,3,145.99,437.97
885,470,72,3,215.38,646.14
886,471,66,1,605.81,605.81
887,471,46,5,113.28,566.4
888,472,30,2,1115.17,2230.34
889,473,23,2,419.81,839.62
890,474,47,2,145.99,291.98
891,475,72,2,215.38,430.76
892,476,42,1,80.53,80.53
893,477,52,3,204.26,612.78
894,478,37,3,368.6,1105.8
895,478,56,3,117.4,352.2
896,478,67,1,62.15,62.15
897,478,33,1,119.54,119.54
898,479,58,2,580.12,1160.24
899,479,76,3,9.81,29.43
900,480,25,1,383.92,383.92
901,481,34,4,150.04,600.16
902,482,76,5,9.81,49.05
903,482,52,5,204.26,1021.3
904,483,25,2,383.92,767.84
905,484,71,2,1883.43,3766.86
906,484,75,2,107.38,214.76
907,485,37,3,368.6,1105.8
908,485,9,2,4886.22,9772.44
909,485,20,4,65.78,263.12
910,486,4,5,200.21,1001.05
911,486,66,4,605.81,2423.24
912,486,28,2,572.84,1145.68
913,486,41,1,175.34,175.34
914,487,57,1,309.44,309.44
915,487,72,3,215.38,646.14
916,487,56,5,117.4,587.0
917,488,42,5,80.53,402.65
918,488,34,2,150.04,300.08
919,489,17,3,288.0,864.0
920,490,9,1,4886.22,4886.22
921,490,69,2,852.39,1704.78
922,490,14,5,506.49,2532.45
923,491,9,3,4886.22,14658.66
924,492,8,4,180.66,722.64
925,492,59,3,309.22,927.66
926,492,56,5,117.4,587.0
927,493,73,2,381.37,762.74
928,493,31,1,180.39,180.39
929,494,49,2,804.66,1609.32
930,495,14,4,506.49,2025.96
931,495,65,2,43.77,87.54
932,495,61,1,1408.26,1408.26
933,495,11,4,28.03,112.12
934,496,31,5,180.39,901.95
935,496,38,3,313.65,940.95
936,497,22,1,73.8,73.8
937,498,48,4,265.86,1063.44
938,498,43,2,240.77,481.54
939,498,63,5,181.06,905.3
940,498,77,3,149.55,448.65
941,499,59,5,309.22,1546.1
942,499,61,2,1408.26,2816.52
943,500,29,3,56.79,170.37
944,500,35,5,106.43,532.15
945,500,51,1,3965.72,3965.72
946,500,60,5,342.84,1714.2
947,501,6,4,45.27,181.08
948,502,32,2,112.33,224.66
949,503,24,3,33.34,100.02
950,504,73,4,381.37,1525.48
951,505,46,4,113.28,453.12
952,506,5,3,169.65,508.95
953,506,39,4,130.63,522.52
954,506,41,3,175.34,526.02
955,507,76,5,9.81,49.05
956,508,4,4,200.21,800.84
957,508,40,3,875.77,2627.31
958,509,45,2,344.12,688.24
959,510,52,5,204.26,1021.3
960,510,44,4,18.97,75.88
961,511,40,2,875.77,1751.54
962,512,39,5,130.63,653.15
963,513,43,5,240.77,1203.85
964,513,21,3,139.98,419.94
965,514,7,2,2939.07,5878.14
966,515,14,2,506.49,1012.98
967,516,65,1,43.77,43.77
968,517,67,2,62.15,124.3
969,518,27,3,146.85,440.55
970,518,57,1,309.44,309.44
971,518,35,3,106.43,319.29
972,519,69,2,852.39,1704.78
973,520,31,2,180.39,360.78
974,520,41,1,175.34,175.34
975,521,34,1,150.04,150.04
976,521,16,3,413.4,1240.2
977,522,66,1,605.81,605.81
978,523,75,4,107.38,429.52
979,523,39,4,130.63,522.52
980,524,51,4,3965.72,15862.88
981,524,32,2,112.33,224.66
982,524,21,3,139.98,419.94
983,524,46,4,113.28,453.12
984,525,41,2,175.34,350.68
985,525,66,3,605.81,1817.43
986,526,1,3,212.07,636.21
987,526,20,2,65.78,131.56
988,527,9,1,4886.22,4886.22
989,528,9,2,4886.22,9772.44
990,528,78,3,2851.02,8553.06
991,529,73,3,381.37,1144.11
992,529,9,5,4886.22,24431.1
993,530,45,5,344.12,1720.6
994,530,22,2,73.8,147.6
995,530,78,1,2851.02,2851.02
996,531,34,5,150.04,750.2
997,532,31,1,180.39,180.39
998,532,4,4,200.21,800.84
999,533,70,4,150.13,600.52
1000,533,18,5,146.84,734.2
1001,534,10,2,236.68,473.36
1002,535,75,2,107.38,214.76
1003,535,78,5,2851.02,14255.1
1004,535,12,5,3234.73,16173.65
1005,536,61,4,1408.26,5633.04
1006,536,21,3,139.98,419.94
1007,536,62,1,269.1,269.1
1008,536,54,3,100.69,302.07
1009,536,78,5,2851.02,14255.1
1010,537,55,2,537.2,1074.4
1011,537,49,3,804.66,2413.98
1012,537,21,4,139.98,559.92
1013,537,25,5,383.92,1919.6
1014,538,34,4,150.04,600.16
1015,538,39,3,130.63,391.89
1016,539,52,5,204.26,1021.3
1017,540,35,5,106.43,532.15
1018,541,80,3,113.53,340.59
1019,541,55,5,537.2,2686.0
1020,541,57,5,309.44,1547.2
1021,542,71,5,1883.43,9417.15
1022,543,3,3,762.92,2288.76
1023,544,46,4,113.28,453.12
1024,544,55,2,537.2,1074.4
1025,545,47,2,145.99,291.98
1026,546,12,5,3234.73,16173.65
1027,547,42,4,80.53,322.12
1028,548,29,5,56.79,283.95
1029,549,49,3,804.66,2413.98
1030,549,3,3,762.92,2288.76
1031,549,18,2,146.84,293.68
1032,550,5,3,169.65,508.95
1033,550,78,3,2851.02,8553.06
1034,550,46,1,113.28,113.28
1035,551,52,4,204.26,817.04
1036,551,33,2,119.54,239.08
1037,551,71,5,1883.43,9417.15
1038,552,2,2,159.24,318.48
1039,553,14,1,506.49,506.49
1040,553,42,1,80.53,80.53
1041,553,3,5,762.92,3814.6
1042,554,75,4,107.38,429.52
1043,555,79,3,66.15,198.45
1044,556,40,5,875.77,4378.85
1045,557,31,5,180.39,901.95
1046,558,78,2,2851.02,5702.04
1047,558,45,1,344.12,344.12
1048,558,47,1,145.99,145.99
1049,559,67,2,62.15,124.3
1050,559,51,2,3965.72,7931.44
1051,559,48,2,265.86,531.72
1052,560,80,1,113.53,113.53
1053,560,4,3,200.21,600.63
1054,560,53,5,477.39,2386.95
1055,560,49,5,804.66,4023.3
1056,561,9,1,4886.22,4886.22
1057,562,44,5,18.97,94.85
1058,562,76,4,9.81,39.24
1059,562,48,4,265.86,1063.44
1060,563,53,4,477.39,1909.56
1061,564,60,4,342.84,1371.36
1062,565,50,3,138.67,416.01
1063,566,15,3,559.13,1677.39
1064,566,74,1,102.75,102.75
1065,566,79,5,66.15,330.75
1066,566,31,3,180.39,541.17
1067,567,63,2,181.06,362.12
1068,568,15,3,559.13,1677.39
1069,569,42,1,80.53,80.53
1070,569,5,2,169.65,339.3
1071,570,5,1,169.65,169.65
1072,570,38,1,313.65,313.65
1073,571,16,2,413.4,826.8
1074,571,56,3,117.4,352.2
1075,572,68,5,19.08,95.4
1076,572,57,5,309.44,1547.2
1077,572,34,2,150.04,300.08
1078,573,68,3,19.08,57.24
1079,574,70,1,150.13,150.13
1080,574,58,1,580.12,580.12
1081,574,26,5,184.74,923.7
1082,575,79,1,66.15,66.15
1083,576,60,4,342.84,1371.36
1084,576,34,1,150.04,150.04
1085,577,15,2,559.13,1118.26
1086,577,44,4,18.97,75.88
1087,577,61,4,1408.26,5633.04
1088,577,69,1,852.39,852.39
1089,578,60,3,342.84,1028.52
1090,579,73,4,381.37,1525.48
1091,580,41,1,175.34,175.34
1092,580,16,4,413.4,1653.6
1093,580,48,4,265.86,1063.44
1094,581,64,4,66.81,267.24
1095,581,80,3,113.53,340.59
1096,581,65,2,43.77,87.54
1097,582,1,3,212.07,636.21
1098,582,75,1,107.38,107.38
1099,583,19,3,77.01,231.03
1100,584,18,2,146.84,293.68
1101,585,58,4,580.12,2320.48
1102,586,49,4,804.66,3218.64
1103,587,5,2,169.65,339.3
1104,587,9,1,4886.22,4886.22
1105,588,60,2,342.84,685.68
1106,589,2,1,159.24,159.24
1107,589,14,1,506.49,506.49
1108,589,20,5,65.78,328.9
1109,590,22,1,73.8,73.8
1110,591,25,3,383.92,1151.76
1111,591,49,2,804.66,1609.32
1112,591,64,2,66.81,133.62
1113,591,50,1,138.67,138.67
1114,592,13,3,195.9,587.7
1115,593,33,3,119.54,358.62
1116,593,36,1,142.92,142.92
1117,593,65,2,43.77,87.54
1118,594,16,4,413.4,1653.6
1119,594,77,4,149.55,598.2
1120,595,34,4,150.04,600.16
1121,595,71,5,1883.43,9417.15
1122,596,27,4,146.85,587.4
1123,597,57,1,309.44,309.44
1124,597,21,4,139.98,559.92
1125,597,33,2,119.54,239.08
1126,598,65,5,43.77,218.85
1127,598,67,3,62.15,186.45
1128,598,45,2,344.12,688.24
1129,599,10,1,236.68,236.68
1130,599,37,3,368.6,1105.8
1131,600,9,1,4886.22,4886.22
1132,600,27,4,146.85,587.4
1133,600,55,3,537.2,1611.6
1134,601,8,1,180.66,180.66
1135,601,34,5,150.04,750.2
1136,601,64,5,66.81,334.05
1137,602,43,1,240.77,240.77
1138,603,71,4,1883.43,7533.72
1139,603,47,5,145.99,729.95
1140,603,45,5,344.12,1720.6
1141,604,26,2,184.74,369.48
1142,604,79,3,66.15,198.45
1143,605,70,1,150.13,150.13
1144,605,18,2,146.84,293.68
1145,606,31,2,180.39,360.78
1146,607,48,3,265.86,797.58
1147,608,55,1,537.2,537.2
1148,608,53,4,477.39,1909.56
1149,608,26,2,184.74,369.48
1150,609,39,3,130.63,391.89
1151,610,64,3,66.81,200.43
1152,611,62,5,269.1,1345.5
1153,611,27,4,146.85,587.4
1154,611,15,5,559.13,2795.65
1155,612,8,5,180.66,903.3
1156,613,8,1,180.66,180.66
1157,613,62,2,269.1,538.2
1158,613,17,3,288.0,864.0
1159,614,46,5,113.28,566.4
1160,614,32,3,112.33,336.99
1161,614,18,2,146.84,293.68
1162,615,30,2,1115.17,2230.34
1163,616,12,5,3234.73,16173.65
1164,617,66,4,605.81,2423.24
1165,618,30,5,1115.17,5575.85
1166,619,7,3,2939.07,8817.21
1167,620,46,1,113.28,113.28
1168,621,55,1,537.2,537.2
1169,621,78,5,2851.02,14255.1
1170,621,35,3,106.43,319.29
1171,621,45,2,344.12,688.24
1172,621,49,5,804.66,4023.3
1173,622,16,3,413.4,1240.2
1174,622,70,4,150.13,600.52
1175,622,29,3,56.79,170.37
1176,623,19,4,77.01,308.04
1177,624,2,2,159.24,318.48
1178,624,77,3,149.55,448.65
1179,625,59,5,309.22,1546.1
1180,625,61,1,1408.26,1408.26
1181,625,32,1,112.33,112.33
1182,626,65,2,43.77,87.54
1183,626,42,4,80.53,322.12
1184,627,46,3,113.28,339.84
1185,627,5,4,169.65,678.6
1186,628,49,4,804.66,3218.64
1187,629,25,4,383.92,1535.68
1188,629,53,1,477.39,477.39
1189,629,71,3,1883.43,5650.29
1190,630,36,5,142.92,714.6
1191,631,27,5,146.85,734.25
1192,631,37,3,368.6,1105.8
1193,631,7,3,2939.07,8817.21
1194,631,29,2,56.79,113.58
1195,632,24,4,33.34,133.36
1196,632,13,4,195.9,783.6
1197,633,14,4,506.49,2025.96
1198,634,63,3,181.06,543.18
1199,634,6,4,45.27,181.08
1200,634,48,3,265.86,797.58
1201,635,6,4,45.27,181.08
1202,635,44,2,18.97,37.94
1203,635,10,4,236.68,946.72
1204,636,52,4,204.26,817.04
1205,636,30,5,1115.17,5575.85
1206,636,75,1,107.38,107.38
1207,637,40,3,875.77,2627.31
1208,638,17,1,288.0,288.0
1209,638,27,5,146.85,734.25
1210,638,24,3,33.34,100.02
1211,639,23,5,419.81,2099.05
1212,639,15,5,559.13,2795.65
1213,639,79,1,66.15,66.15
1214,640,65,2,43.77,87.54
1215,640,51,4,3965.72,15862.88
1216,640,11,4,28.03,112.12
1217,640,71,2,1883.43,3766.86
1218,641,36,1,142.92,142.92
1219,641,1,1,212.07,212.07
1220,642,69,3,852.39,2557.17
1221,642,21,3,139.98,419.94
1222,642,25,1,383.92,383.92
1223,643,66,5,605.81,3029.05
1224,643,20,4,65.78,263.12
1225,644,69,2,852.39,1704.78
1226,645,78,4,2851.02,11404.08
1227,646,71,1,1883.43,1883.43
1228,647,13,2,195.9,391.8
1229,648,42,4,80.53,322.12
1230,649,45,2,344.12,688.24
1231,649,43,2,240.77,481.54
1232,650,68,4,19.08,76.32
1233,651,1,2,212.07,424.14
1234,651,21,1,139.98,139.98
1235,652,73,4,381.37,1525.48
1236,652,26,1,184.74,184.74
1237,652,80,5,113.53,567.65
1238,653,78,2,2851.02,5702.04
1239,653,60,2,342.84,685.68
1240,653,4,4,200.21,800.84
1241,653,13,4,195.9,783.6
1242,654,1,4,212.07,848.28
1243,654,35,5,106.43,532.15
1244,654,56,3,117.4,352.2
1245,655,9,5,4886.22,24431.1
1246,655,68,1,19.08,19.08
1247,655,61,5,1408.26,7041.3
1248,656,23,5,419.81,2099.05
1249,656,5,4,169.65,678.6
1250,657,27,5,146.85,734.25
1251,658,17,5,288.0,1440.0
1252,658,19,1,77.01,77.01
1253,658,41,4,175.34,701.36
1254,659,14,2,506.49,1012.98
1255,659,35,5,106.43,532.15
1256,660,41,3,175.34,526.02
1257,661,7,2,2939.07,5878.14
1258,661,36,5,142.92,714.6
1259,662,46,5,113.28,566.4
1260,662,52,4,204.26,817.04
1261,663,47,1,145.99,145.99
1262,663,78,3,2851.02,8553.06
1263,663,74,3,102.75,308.25
1264,663,31,1,180.39,180.39
1265,663,27,3,146.85,440.55
1266,664,33,2,119.54,239.08
1267,664,63,1,181.06,181.06
1268,665,48,1,265.86,265.86
1269,665,62,3,269.1,807.3
1270,666,60,5,342.84,1714.2
1271,666,8,4,180.66,722.64
1272,667,58,1,580.12,580.12
1273,667,5,5,169.65,848.25
1274,667,28,4,572.84,2291.36
1275,668,61,4,1408.26,5633.04
1276,668,74,1,102.75,102.75
1277,669,18,2,146.84,293.68
1278,670,70,1,150.13,150.13
1279,671,2,4,159.24,636.96
1280,671,10,2,236.68,473.36
1281,671,47,5,145.99,729.95
1282,672,64,1,66.81,66.81
1283,672,74,4,102.75,411.0
1284,672,45,2,344.12,688.24
1285,672,3,5,762.92,3814.6
1286,673,58,5,580.12,2900.6
1287,673,74,5,102.75,513.75
1288,674,5,5,169.65,848.25
1289,675,45,2,344.12,688.24
1290,675,10,4,236.68,946.72
1291,675,29,1,56.79,56.79
1292,676,20,4,65.78,263.12
1293,676,36,3,142.92,428.76
1294,677,63,2,181.06,362.12
1295,677,15,2,559.13,1118.26
1296,677,41,4,175.34,701.36
1297,677,3,1,762.92,762.92
1298,678,69,1,852.39,852.39
1299,678,26,5,184.74,923.7
1300,679,59,3,309.22,927.66
1301,680,51,2,3965.72,7931.44
1302,680,41,4,175.34,701.36
1303,681,51,2,3965.72,7931.44
1304,681,73,1,381.37,381.37
1305,682,22,5,73.8,369.0
1306,683,52,2,204.26,408.52
1307,683,27,1,146.85,146.85
1308,684,36,2,142.92,285.84
1309,684,60,3,342.84,1028.52
1310,685,73,5,381.37,1906.85
1311,686,60,1,342.84,342.84
1312,686,29,3,56.79,170.37
1313,687,53,5,477.39,2386.95
1314,688,3,4,762.92,3051.68
1315,688,12,4,3234.73,12938.92
1316,689,22,4,73.8,295.2
1317,690,52,1,204.26,204.26
1318,690,2,5,159.24,796.2
1319,691,72,5,215.38,1076.9
1320,692,79,1,66.15,66.15
1321,693,70,5,150.13,750.65
1322,694,38,3,313.65,940.95
1323,694,60,2,342.84,685.68
1324,695,75,5,107.38,536.9
1325,695,40,3,875.77,2627.31
1326,696,80,2,113.53,227.06
1327,696,54,1,100.69,100.69
1328,697,52,1,204.26,204.26
1329,697,38,4,313.65,1254.6
1330,698,63,1,181.06,181.06
1331,698,68,4,19.08,76.32
1332,699,25,1,383.92,383.92
1333,699,68,4,19.08,76.32
1334,700,74,3,102.75,308.25
1335,700,30,2,1115.17,2230.34
1336,701,5,3,169.65,508.95
1337,701,33,5,119.54,597.7
1338,702,56,1,117.4,117.4
1339,702,10,1,236.68,236.68
1340,703,73,3,381.37,1144.11
1341,704,41,5,175.34,876.7
1342,704,45,2,344.12,688.24
1343,704,48,5,265.86,1329.3
1344,705,55,1,537.2,537.2
1345,706,45,4,344.12,1376.48
1346,707,60,1,342.84,342.84
1347,707,47,4,145.99,583.96
1348,707,51,1,3965.72,3965.72
1349,708,15,2,559.13,1118.26
1350,708,6,4,45.27,181.08
1351,708,78,3,2851.02,8553.06
1352,708,46,1,113.28,113.28
1353,709,41,1,175.34,175.34
1354,710,14,5,506.49,2532.45
1355,711,33,1,119.54,119.54
1356,711,71,5,1883.43,9417.15
1357,712,69,1,852.39,852.39
1358,712,43,4,240.77,963.08
1359,713,50,2,138.67,277.34
1360,714,13,5,195.9,979.5
1361,714,23,4,419.81,1679.24
1362,715,58,3,580.12,1740.36
1363,715,6,3,45.27,135.81
1364,716,79,3,66.15,198.45
1365,716,1,1,212.07,212.07
1366,716,4,1,200.21,200.21
1367,717,50,5,138.67,693.35
1368,717,44,5,18.97,94.85
1369,718,28,3,572.84,1718.52
1370,718,1,5,212.07,1060.35
1371,719,76,4,9.81,39.24
1372,720,6,1,45.27,45.27
1373,720,48,1,265.86,265.86
1374,721,43,1,240.77,240.77
1375,722,40,5,875.77,4378.85
1376,723,27,5,146.85,734.25
1377,723,78,4,2851.02,11404.08
1378,724,26,2,184.74,369.48
1379,724,29,4,56.79,227.16
1380,724,28,4,572.84,2291.36
1381,725,50,1,138.67,138.67
1382,726,73,5,381.37,1906.85
1383,726,38,2,313.65,627.3
1384,727,42,2,80.53,161.06
1385,727,11,5,28.03,140.15
1386,727,44,1,18.97,18.97
1387,728,1,2,212.07,424.14
1388,728,70,4,150.13,600.52
1389,729,69,3,852.39,2557.17
1390,730,30,2,1115.17,2230.34
1391,731,57,5,309.44,1547.2
1392,732,22,2,73.8,147.6
1393,733,57,3,309.44,928.32
1394,733,32,5,112.33,561.65
1395,734,74,4,102.75,411.0
1396,734,1,1,212.07,212.07
1397,735,71,1,1883.43,1883.43
1398,736,5,3,169.65,508.95
1399,736,66,2,605.81,1211.62
1400,737,70,3,150.13,450.39
1401,738,54,5,100.69,503.45
1402,739,41,1,175.34,175.34
1403,740,23,2,419.81,839.62
1404,740,52,2,204.26,408.52
1405,740,72,4,215.38,861.52
1406,740,70,3,150.13,450.39
1407,741,68,2,19.08,38.16
1408,742,4,3,200.21,600.63
1409,742,65,5,43.77,218.85
1410,743,72,1,215.38,215.38
1411,743,18,2,146.84,293.68
1412,744,61,4,1408.26,5633.04
1413,744,30,1,1115.17,1115.17
1414,745,10,3,236.68,710.04
1415,746,12,3,3234.73,9704.19
1416,747,74,3,102.75,308.25
1417,748,58,3,580.12,1740.36
1418,749,13,4,195.9,783.6
1419,750,45,1,344.12,344.12
1420,751,54,4,100.69,402.76
1421,751,13,3,195.9,587.7
1422,752,62,3,269.1,807.3
1423,752,80,1,113.53,113.53
1424,752,13,2,195.9,391.8
1425,753,52,3,204.26,612.78
1426,753,46,5,113.28,566.4
1427,753,17,5,288.0,1440.0
1428,754,26,3,184.74,554.22
1429,755,64,5,66.81,334.05
1430,755,22,4,73.8,295.2
1431,755,29,4,56.79,227.16
1432,756,70,3,150.13,450.39
1433,757,74,4,102.75,411.0
1434,758,1,2,212.07,424.14
1435,759,32,2,112.33,224.66
1436,759,59,4,309.22,1236.88
1437,759,1,1,212.07,212.07
1438,759,61,4,1408.26,5633.04
1439,760,16,4,413.4,1653.6
1440,761,10,5,236.68,1183.4
1441,761,49,5,804.66,4023.3
1442,762,59,5,309.22,1546.1
1443,763,25,3,383.92,1151.76
1444,764,5,5,169.65,848.25
1445,764,57,4,309.44,1237.76
1446,765,27,2,146.85,293.7
1447,765,6,2,45.27,90.54
1448,765,10,1,236.68,236.68
1449,765,35,3,106.43,319.29
1450,766,4,5,200.21,1001.05
1451,767,50,2,138.67,277.34
1452,768,50,5,138.67,693.35
1453,768,38,5,313.65,1568.25
1454,768,52,2,204.26,408.52
1455,768,13,1,195.9,195.9
1456,769,77,4,149.55,598.2
1457,770,18,4,146.84,587.36
1458,771,1,5,212.07,1060.35
1459,771,14,5,506.49,2532.45
1460,771,5,4,169.65,678.6
1461,771,54,2,100.69,201.38
1462,772,59,3,309.22,927.66
1463,773,80,5,113.53,567.65
1464,774,36,5,142.92,714.6
1465,774,57,2,309.44,618.88
1466,774,42,5,80.53,402.65
1467,774,1,5,212.07,1060.35
1468,775,79,5,66.15,330.75
1469,775,57,2,309.44,618.88
1470,775,21,2,139.98,279.96
1471,776,18,5,146.84,734.2
1472,777,58,4,580.12,2320.48
1473,777,67,5,62.15,310.75
1474,778,71,4,1883.43,7533.72
1475,778,12,4,3234.73,12938.92
1476,779,59,3,309.22,927.66
1477,779,75,4,107.38,429.52
1478,780,29,1,56.79,56.79
1479,781,53,5,477.39,2386.95
1480,782,71,5,1883.43,9417.15
1481,783,63,3,181.06,543.18
1482,783,60,5,342.84,1714.2
1483,783,15,2,559.13,1118.26
1484,783,80,1,113.53,113.53
1485,784,1,5,212.07,1060.35
1486,785,30,2,1115.17,2230.34
1487,785,78,5,2851.02,14255.1
1488,786,3,2,762.92,1525.84
1489,787,25,1,383.92,383.92
1490,788,59,1,309.22,309.22
1491,789,25,1,383.92,383.92
1492,790,78,4,2851.02,11404.08
1493,790,3,4,762.92,3051.68
1494,791,27,5,146.85,734.25
1495,792,19,1,77.01,77.01
1496,792,79,3,66.15,198.45
1497,793,20,2,65.78,131.56
1498,793,35,1,106.43,106.43
1499,794,24,5,33.34,166.7
1500,794,78,1,2851.02,2851.02
1501,794,74,2,102.75,205.5
1502,795,56,1,117.4,117.4
1503,796,15,5,559.13,2795.65
1504,797,33,2,119.54,239.08
1505,797,47,5,145.99,729.95
1506,798,14,1,506.49,506.49
1507,798,26,5,184.74,923.7
1508,799,26,4,184.74,738.96
1509,799,28,3,572.84,1718.52
1510,800,13,4,195.9,783.6
1511,800,28,3,572.84,1718.52
1512,800,58,2,580.12,1160.24
1513,801,49,2,804.66,1609.32
1514,801,44,3,18.97,56.91
1515,802,47,3,145.99,437.97
1516,802,60,5,342.84,1714.2
1517,802,37,2,368.6,737.2
1518,802,38,1,313.65,313.65
1519,803,48,2,265.86,531.72
1520,803,9,3,4886.22,14658.66
1521,804,50,1,138.67,138.67
1522,804,45,5,344.12,1720.6
1523,804,13,4,195.9,783.6
1524,805,14,4,506.49,2025.96
1525,805,35,5,106.43,532.15
1526,805,34,1,150.04,150.04
1527,805,51,5,3965.72,19828.6
1528,805,47,3,145.99,437.97
1529,806,33,5,119.54,597.7
1530,806,51,4,3965.72,15862.88
1531,807,50,5,138.67,693.35
1532,808,43,5,240.77,1203.85
1533,808,50,1,138.67,138.67
1534,808,55,3,537.2,1611.6
1535,808,74,4,102.75,411.0
1536,809,73,1,381.37,381.37
1537,809,21,1,139.98,139.98
1538,810,25,3,383.92,1151.76
1539,810,74,2,102.75,205.5
1540,811,28,1,572.84,572.84
1541,811,51,4,3965.72,15862.88
1542,812,53,4,477.39,1909.56
1543,812,15,1,559.13,559.13
1544,813,33,4,119.54,478.16
1545,813,1,5,212.07,1060.35
1546,813,74,3,102.75,308.25
1547,813,49,4,804.66,3218.64
1548,814,17,3,288.0,864.0
1549,815,1,1,212.07,212.07
1550,815,69,3,852.39,2557.17
1551,815,13,2,195.9,391.8
1552,816,52,3,204.26,612.78
1553,816,13,4,195.9,783.6
1554,816,50,3,138.67,416.01
1555,817,55,2,537.2,1074.4
1556,818,79,1,66.15,66.15
1557,819,13,4,195.9,783.6
1558,819,30,5,1115.17,5575.85
1559,820,54,4,100.69,402.76
1560,821,56,1,117.4,117.4
1561,822,42,4,80.53,322.12
1562,822,12,2,3234.73,6469.46
1563,823,22,1,73.8,73.8
1564,823,54,4,100.69,402.76
1565,824,60,3,342.84,1028.52
1566,824,46,1,113.28,113.28
1567,824,17,2,288.0,576.0
1568,824,72,4,215.38,861.52
1569,824,68,1,19.08,19.08
1570,825,42,2,80.53,161.06
1571,825,66,1,605.81,605.81
1572,825,72,2,215.38,430.76
1573,826,34,5,150.04,750.2
1574,826,64,5,66.81,334.05
1575,827,59,1,309.22,309.22
1576,827,76,5,9.81,49.05
1577,828,28,4,572.84,2291.36
1578,829,47,4,145.99,583.96
1579,830,65,3,43.77,131.31
1580,831,56,3,117.4,352.2
1581,831,25,3,383.92,1151.76
1582,832,59,4,309.22,1236.88
1583,833,39,5,130.63,653.15
1584,834,36,3,142.92,428.76
1585,835,53,1,477.39,477.39
1586,835,56,4,117.4,469.6
1587,836,13,5,195.9,979.5
1588,836,8,4,180.66,722.64
1589,837,47,2,145.99,291.98
1590,837,46,3,113.28,339.84
1591,837,79,1,66.15,66.15
1592,838,68,1,19.08,19.08
1593,838,79,4,66.15,264.6
1594,838,50,4,138.67,554.68
1595,838,1,3,212.07,636.21
1596,839,41,5,175.34,876.7
1597,840,57,4,309.44,1237.76
1598,841,30,5,1115.17,5575.85
1599,841,12,3,3234.73,9704.19
1600,842,56,2,117.4,234.8
1601,843,43,2,240.77,481.54
1602,843,73,5,381.37,1906.85
1603,843,30,5,1115.17,5575.85
1604,843,14,3,506.49,1519.47
1605,844,50,3,138.67,416.01
1606,845,68,3,19.08,57.24
1607,846,37,1,368.6,368.6
1608,847,67,3,62.15,186.45
1609,847,1,5,212.07,1060.35
1610,848,62,3,269.1,807.3
1611,849,56,1,117.4,117.4
1612,849,64,1,66.81,66.81
1613,850,15,4,559.13,2236.52
1614,851,36,5,142.92,714.6
1615,852,66,3,605.81,1817.43
1616,853,42,1,80.53,80.53
1617,854,10,1,236.68,236.68
1618,854,26,4,184.74,738.96
1619,854,18,4,146.84,587.36
1620,854,67,1,62.15,62.15
1621,855,19,1,77.01,77.01
1622,856,25,1,383.92,383.92
1623,856,23,3,419.81,1259.43
1624,857,29,3,56.79,170.37
1625,858,40,3,875.77,2627.31
1626,859,74,2,102.75,205.5
1627,859,24,5,33.34,166.7
1628,859,22,5,73.8,369.0
1629,859,79,2,66.15,132.3
1630,859,18,2,146.84,293.68
1631,860,64,5,66.81,334.05
1632,861,12,2,3234.73,6469.46
1633,862,29,4,56.79,227.16
1634,862,46,2,113.28,226.56
1635,863,64,1,66.81,66.81
1636,863,36,2,142.92,285.84
1637,863,57,5,309.44,1547.2
1638,864,35,5,106.43,532.15
1639,865,61,3,1408.26,4224.78
1640,865,65,1,43.77,43.77
1641,866,35,5,106.43,532.15
1642,866,66,5,605.81,3029.05
1643,867,47,4,145.99,583.96
1644,868,50,5,138.67,693.35
1645,869,9,1,4886.22,4886.22
1646,869,39,4,130.63,522.52
1647,870,52,4,204.26,817.04
1648,871,44,2,18.97,37.94
1649,871,77,2,149.55,299.1
1650,872,67,3,62.15,186.45
1651,872,49,4,804.66,3218.64
1652,873,50,1,138.67,138.67
1653,874,56,5,117.4,587.0
1654,874,29,4,56.79,227.16
1655,874,61,3,1408.26,4224.78
1656,874,1,3,212.07,636.21
1657,875,38,5,313.65,1568.25
1658,875,68,5,19.08,95.4
1659,875,7,1,2939.07,2939.07
1660,876,44,4,18.97,75.88
1661,876,61,4,1408.26,5633.04
1662,876,35,1,106.43,106.43
1663,877,52,5,204.26,1021.3
1664,877,77,5,149.55,747.75
1665,878,45,1,344.12,344.12
1666,878,76,5,9.81,49.05
1667,879,22,1,73.8,73.8
1668,880,10,5,236.68,1183.4
1669,880,2,1,159.24,159.24
1670,881,11,3,28.03,84.09
1671,881,66,2,605.81,1211.62
1672,882,19,2,77.01,154.02
1673,883,7,2,2939.07,5878.14
1674,883,6,4,45.27,181.08
1675,884,4,1,200.21,200.21
1676,885,32,3,112.33,336.99
1677,886,33,5,119.54,597.7
1678,886,45,1,344.12,344.12
1679,887,11,4,28.03,112.12
1680,888,77,1,149.55,149.55
1681,889,17,4,288.0,1152.0
1682,890,4,4,200.21,800.84
1683,891,64,2,66.81,133.62
1684,891,8,2,180.66,361.32
1685,891,42,1,80.53,80.53
1686,892,29,5,56.79,283.95
1687,893,1,1,212.07,212.07
1688,893,43,4,240.77,963.08
1689,893,51,4,3965.72,15862.88
1690,893,61,3,1408.26,4224.78
1691,894,3,3,762.92,2288.76
1692,895,70,1,150.13,150.13
1693,896,45,2,344.12,688.24
1694,896,29,2,56.79,113.58
1695,896,64,1,66.81,66.81
1696,897,34,1,150.04,150.04
1697,898,43,1,240.77,240.77
1698,899,73,5,381.37,1906.85
1699,899,54,3,100.69,302.07
1700,899,46,2,113.28,226.56
1701,900,31,4,180.39,721.56
1702,900,21,4,139.98,559.92
1703,901,28,4,572.84,2291.36
1704,901,38,2,313.65,627.3
1705,901,71,4,1883.43,7533.72
1706,902,48,3,265.86,797.58
1707,903,22,5,73.8,369.0
1708,903,62,4,269.1,1076.4
1709,904,66,3,605.81,1817.43
1710,904,18,2,146.84,293.68
1711,904,19,1,77.01,77.01
1712,904,52,2,204.26,408.52
1713,905,53,1,477.39,477.39
1714,905,41,5,175.34,876.7
1715,906,24,2,33.34,66.68
1716,907,9,5,4886.22,24431.1
1717,908,4,1,200.21,200.21
1718,908,27,2,146.85,293.7
1719,908,26,4,184.74,738.96
1720,908,48,5,265.86,1329.3
1721,909,26,3,184.74,554.22
1722,910,61,1,1408.26,1408.26
1723,910,37,4,368.6,1474.4
1724,910,38,2,313.65,627.3
1725,910,79,1,66.15,66.15
1726,911,13,2,195.9,391.8
1727,912,75,1,107.38,107.38
1728,913,61,2,1408.26,2816.52
1729,914,44,1,18.97,18.97
1730,914,26,4,184.74,738.96
1731,915,60,1,342.84,342.84
1732,916,62,5,269.1,1345.5
1733,916,30,1,1115.17,1115.17
1734,917,73,2,381.37,762.74
1735,918,8,5,180.66,903.3
1736,918,54,1,100.69,100.69
1737,919,69,1,852.39,852.39
1738,919,47,2,145.99,291.98
1739,919,67,1,62.15,62.15
1740,919,28,2,572.84,1145.68
1741,919,4,3,200.21,600.63
1742,920,53,5,477.39,2386.95
1743,921,57,2,309.44,618.88
1744,922,41,4,175.34,701.36
1745,922,37,3,368.6,1105.8
1746,923,25,5,383.92,1919.6
1747,923,70,3,150.13,450.39
1748,924,48,1,265.86,265.86
1749,925,10,2,236.68,473.36
1750,925,7,4,2939.07,11756.28
1751,926,64,5,66.81,334.05
1752,927,10,4,236.68,946.72
1753,927,19,1,77.01,77.01
1754,928,23,4,419.81,1679.24
1755,929,72,4,215.38,861.52
1756,930,30,3,1115.17,3345.51
1757,930,8,3,180.66,541.98
1758,930,21,3,139.98,419.94
1759,930,75,5,107.38,536.9
1760,931,57,1,309.44,309.44
1761,931,75,3,107.38,322.14
1762,931,35,3,106.43,319.29
1763,931,68,5,19.08,95.4
1764,932,49,3,804.66,2413.98
1765,932,21,3,139.98,419.94
1766,932,68,3,19.08,57.24
1767,932,78,2,2851.02,5702.04
1768,933,25,1,383.92,383.92
1769,933,32,5,112.33,561.65
1770,934,75,5,107.38,536.9
1771,935,58,5,580.12,2900.6
1772,936,57,3,309.44,928.32
1773,936,36,3,142.92,428.76
1774,937,76,3,9.81,29.43
1775,937,42,3,80.53,241.59
1776,938,69,4,852.39,3409.56
1777,938,57,4,309.44,1237.76
1778,938,5,2,169.65,339.3
1779,939,10,5,236.68,1183.4
1780,939,1,3,212.07,636.21
1781,939,19,2,77.01,154.02
1782,940,30,5,1115.17,5575.85
1783,941,67,3,62.15,186.45
1784,941,16,4,413.4,1653.6
1785,942,65,2,43.77,87.54
1786,943,77,4,149.55,598.2
1787,943,54,1,100.69,100.69
1788,943,73,4,381.37,1525.48
1789,943,69,2,852.39,1704.78
1790,944,64,4,66.81,267.24
1791,945,25,1,383.92,383.92
1792,946,37,2,368.6,737.2
1793,947,75,4,107.38,429.52
1794,947,57,1,309.44,309.44
1795,947,44,2,18.97,37.94
1796,948,66,1,605.81,605.81
1797,949,35,3,106.43,319.29
1798,950,80,3,113.53,340.59
1799,951,39,1,130.63,130.63
1800,951,64,1,66.81,66.81
1801,951,13,4,195.9,783.6
1802,951,62,2,269.1,538.2
1803,952,20,1,65.78,65.78
1804,952,35,4,106.43,425.72
1805,953,73,1,381.37,381.37
1806,953,49,3,804.66,2413.98
1807,954,51,3,3965.72,11897.16
1808,955,53,5,477.39,2386.95
1809,955,44,1,18.97,18.97
1810,956,53,2,477.39,954.78
1811,957,39,1,130.63,130.63
1812,958,63,5,181.06,905.3
1813,959,26,4,184.74,738.96
1814,960,21,1,139.98,139.98
1815,960,64,4,66.81,267.24
1816,961,29,3,56.79,170.37
1817,961,7,2,2939.07,5878.14
1818,961,28,1,572.84,572.84
1819,961,41,3,175.34,526.02
1820,962,32,4,112.33,449.32
1821,962,71,5,1883.43,9417.15
1822,963,69,4,852.39,3409.56
1823,964,56,1,117.4,117.4
1824,965,43,5,240.77,1203.85
1825,965,47,5,145.99,729.95
1826,965,69,5,852.39,4261.95
1827,966,68,3,19.08,57.24
1828,967,33,4,119.54,478.16
1829,967,17,5,288.0,1440.0
1830,967,40,2,875.77,1751.54
1831,968,61,4,1408.26,5633.04
1832,969,76,5,9.81,49.05
1833,969,18,2,146.84,293.68
1834,969,31,2,180.39,360.78
1835,970,73,5,381.37,1906.85
1836,970,78,4,2851.02,11404.08
1837,970,8,3,180.66,541.98
1838,971,63,5,181.06,905.3
1839,971,3,4,762.92,3051.68
1840,972,19,1,77.01,77.01
1841,973,34,4,150.04,600.16
1842,974,76,2,9.81,19.62
1843,975,35,4,106.43,425.72
1844,975,31,4,180.39,721.56
1845,975,72,1,215.38,215.38
1846,975,40,5,875.77,4378.85
1847,975,62,3,269.1,807.3
1848,976,29,1,56.79,56.79
1849,977,4,1,200.21,200.21
1850,977,5,5,169.65,848.25
1851,977,79,2,66.15,132.3
1852,978,2,5,159.24,796.2
1853,979,60,4,342.84,1371.36
1854,980,6,2,45.27,90.54
1855,981,48,2,265.86,531.72
1856,981,14,5,506.49,2532.45
1857,981,50,4,138.67,554.68
1858,982,76,2,9.81,19.62
1859,983,9,4,4886.22,19544.88
1860,984,57,1,309.44,309.44
1861,985,14,5,506.49,2532.45
1862,986,50,3,138.67,416.01
1863,986,53,2,477.39,954.78
1864,986,20,2,65.78,131.56
1865,986,63,4,181.06,724.24
1866,987,51,4,3965.72,15862.88
1867,987,13,4,195.9,783.6
1868,987,54,5,100.69,503.45
1869,987,46,5,113.28,566.4
1870,988,31,3,180.39,541.17
1871,988,2,2,159.24,318.48
1872,989,16,2,413.4,826.8
1873,990,5,2,169.65,339.3
1874,990,2,2,159.24,318.48
1875,991,1,3,212.07,636.21
1876,991,3,2,762.92,1525.84
1877,992,49,2,804.66,1609.32
1878,993,40,1,875.77,875.77
1879,993,15,5,559.13,2795.65
1880,994,76,1,9.81,9.81
1881,995,45,5,344.12,1720.6
1882,996,16,2,413.4,826.8
1883,997,29,3,56.79,170.37
1884,997,62,2,269.1,538.2
1885,998,70,3,150.13,450.39
1886,999,45,1,344.12,344.12
1887,999,47,5,145.99,729.95
1888,1000,26,2,184.74,369.48
1889,1000,50,5,138.67,693.35
1890,1001,46,4,113.28,453.12
1891,1002,10,3,236.68,710.04
1892,1003,44,3,18.97,56.91
1893,1003,57,3,309.44,928.32
1894,1003,18,3,146.84,440.52
1895,1004,9,4,4886.22,19544.88
1896,1005,59,4,309.22,1236.88
1897,1006,66,5,605.81,3029.05
1898,1007,48,5,265.86,1329.3
1899,1007,39,1,130.63,130.63
1900,1008,8,2,180.66,361.32
1901,1009,25,1,383.92,383.92
1902,1010,69,4,852.39,3409.56
1903,1010,28,3,572.84,1718.52
1904,1011,5,2,169.65,339.3
1905,1011,48,2,265.86,531.72
1906,1011,35,2,106.43,212.86
1907,1011,16,4,413.4,1653.6
1908,1011,63,2,181.06,362.12
1909,1012,65,4,43.77,175.08
1910,1012,62,4,269.1,1076.4
1911,1012,7,4,2939.07,11756.28
1912,1012,8,4,180.66,722.64
1913,1013,14,1,506.49,506.49
1914,1014,23,5,419.81,2099.05
1915,1015,80,1,113.53,113.53
1916,1015,24,4,33.34,133.36
1917,1016,56,3,117.4,352.2
1918,1017,30,1,1115.17,1115.17
1919,1017,26,4,184.74,738.96
1920,1018,15,5,559.13,2795.65
1921,1019,3,2,762.92,1525.84
1922,1020,11,1,28.03,28.03
1923,1021,79,3,66.15,198.45
1924,1022,2,5,159.24,796.2
1925,1023,29,2,56.79,113.58
1926,1023,14,3,506.49,1519.47
1927,1023,28,1,572.84,572.84
1928,1024,53,1,477.39,477.39
1929,1024,8,4,180.66,722.64
1930,1025,70,3,150.13,450.39
1931,1025,67,1,62.15,62.15
1932,1025,46,2,113.28,226.56
1933,1026,41,3,175.34,526.02
1934,1026,32,1,112.33,112.33
1935,1026,39,4,130.63,522.52
1936,1027,45,3,344.12,1032.36
1937,1027,44,5,18.97,94.85
1938,1028,64,4,66.81,267.24
1939,1029,68,3,19.08,57.24
1940,1030,8,1,180.66,180.66
1941,1030,12,4,3234.73,12938.92
1942,1031,4,1,200.21,200.21
1943,1031,14,1,506.49,506.49
1944,1031,21,2,139.98,279.96
1945,1032,50,2,138.67,277.34
1946,1032,29,5,56.79,283.95
1947,1033,39,3,130.63,391.89
1948,1033,25,4,383.92,1535.68
1949,1034,57,3,309.44,928.32
1950,1034,29,4,56.79,227.16
1951,1034,60,1,342.84,342.84
1952,1035,79,4,66.15,264.6
1953,1036,62,5,269.1,1345.5
1954,1037,1,5,212.07,1060.35
1955,1037,72,2,215.38,430.76
1956,1038,39,2,130.63,261.26
1957,1039,10,5,236.68,1183.4
1958,1039,80,4,113.53,454.12
1959,1039,39,5,130.63,653.15
1960,1039,73,5,381.37,1906.85
1961,1039,21,3,139.98,419.94
1962,1040,6,5,45.27,226.35
1963,1040,28,1,572.84,572.84
1964,1040,64,3,66.81,200.43
1965,1041,17,5,288.0,1440.0
1966,1041,13,4,195.9,783.6
1967,1042,10,5,236.68,1183.4
1968,1043,15,3,559.13,1677.39
1969,1043,78,1,2851.02,2851.02
1970,1043,57,3,309.44,928.32
1971,1044,66,2,605.81,1211.62
1972,1044,69,2,852.39,1704.78
1973,1045,15,4,559.13,2236.52
1974,1045,23,3,419.81,1259.43
1975,1045,3,2,762.92,1525.84
1976,1046,42,2,80.53,161.06
1977,1047,71,3,1883.43,5650.29
1978,1047,68,4,19.08,76.32
1979,1047,26,1,184.74,184.74
1980,1047,8,2,180.66,361.32
1981,1047,38,1,313.65,313.65
1982,1048,45,5,344.12,1720.6
1983,1049,70,5,150.13,750.65
1984,1049,19,1,77.01,77.01
1985,1050,6,1,45.27,45.27
1986,1050,5,3,169.65,508.95
1987,1051,71,5,1883.43,9417.15
1988,1051,1,3,212.07,636.21
1989,1052,57,1,309.44,309.44
1990,1053,76,1,9.81,9.81
1991,1054,43,4,240.77,963.08
1992,1055,5,2,169.65,339.3
1993,1056,66,2,605.81,1211.62
1994,1057,58,5,580.12,2900.6
1995,1057,54,3,100.69,302.07
1996,1057,75,4,107.38,429.52
1997,1058,1,2,212.07,424.14
1998,1059,41,4,175.34,701.36
1999,1060,5,4,169.65,678.6
2000,1060,36,1,142.92,142.92
2001,1061,43,5,240.77,1203.85
2002,1061,36,5,142.92,714.6
2003,1061,29,2,56.79,113.58
2004,1062,45,2,344.12,688.24
2005,1062,38,2,313.65,627.3
2006,1062,31,4,180.39,721.56
2007,1062,14,5,506.49,2532.45
2008,1063,36,4,142.92,571.68
2009,1063,9,1,4886.22,4886.22
2010,1064,57,5,309.44,1547.2
2011,1065,20,3,65.78,197.34
2012,1065,39,1,130.63,130.63
2013,1065,59,4,309.22,1236.88
2014,1065,48,5,265.86,1329.3
2015,1065,63,1,181.06,181.06
2016,1066,13,1,195.9,195.9
2017,1067,73,2,381.37,762.74
2018,1067,16,3,413.4,1240.2
2019,1067,35,5,106.43,532.15
2020,1067,33,3,119.54,358.62
2021,1067,4,4,200.21,800.84
2022,1068,50,5,138.67,693.35
2023,1069,60,3,342.84,1028.52
2024,1069,51,4,3965.72,15862.88
2025,1070,5,3,169.65,508.95
2026,1071,22,4,73.8,295.2
2027,1071,21,5,139.98,699.9
2028,1072,49,4,804.66,3218.64
2029,1073,50,5,138.67,693.35
2030,1074,76,1,9.81,9.81
2031,1075,19,4,77.01,308.04
2032,1075,16,2,413.4,826.8
2033,1075,23,2,419.81,839.62
2034,1076,24,1,33.34,33.34
2035,1077,37,5,368.6,1843.0
2036,1078,58,2,580.12,1160.24
2037,1079,9,4,4886.22,19544.88
2038,1080,10,1,236.68,236.68
2039,1081,4,3,200.21,600.63
2040,1082,40,3,875.77,2627.31
2041,1083,21,5,139.98,699.9
2042,1083,31,4,180.39,721.56
2043,1084,19,3,77.01,231.03
2044,1084,39,4,130.63,522.52
2045,1084,59,5,309.22,1546.1
2046,1084,79,4,66.15,264.6
2047,1085,62,3,269.1,807.3
2048,1086,11,3,28.03,84.09
2049,1086,35,1,106.43,106.43
2050,1086,22,2,73.8,147.6
2051,1087,9,4,4886.22,19544.88
2052,1088,5,1,169.65,169.65
2053,1089,80,5,113.53,567.65
2054,1090,33,5,119.54,597.7
2055,1091,64,4,66.81,267.24
2056,1091,74,5,102.75,513.75
2057,1091,59,2,309.22,618.44
2058,1092,26,1,184.74,184.74
2059,1093,53,4,477.39,1909.56
2060,1094,64,3,66.81,200.43
2061,1095,30,2,1115.17,2230.34
2062,1096,64,3,66.81,200.43
2063,1097,50,3,138.67,416.01
2064,1097,44,1,18.97,18.97
2065,1097,23,5,419.81,2099.05
2066,1098,58,4,580.12,2320.48
2067,1098,60,3,342.84,1028.52
2068,1099,32,2,112.33,224.66
2069,1100,20,4,65.78,263.12
2070,1101,48,4,265.86,1063.44
2071,1101,38,1,313.65,313.65
2072,1101,35,5,106.43,532.15
2073,1101,3,2,762.92,1525.84
2074,1102,67,4,62.15,248.6
2075,1102,3,1,762.92,762.92
2076,1102,5,1,169.65,169.65
2077,1103,2,2,159.24,318.48
2078,1103,71,4,1883.43,7533.72
2079,1104,58,5,580.12,2900.6
2080,1105,57,3,309.44,928.32
2081,1106,11,2,28.03,56.06
2082,1107,44,4,18.97,75.88
2083,1107,79,1,66.15,66.15
2084,1108,52,3,204.26,612.78
2085,1109,60,5,342.84,1714.2
2086,1109,7,5,2939.07,14695.35
2087,1110,42,2,80.53,161.06
2088,1110,63,1,181.06,181.06
2089,1111,20,3,65.78,197.34
2090,1111,74,1,102.75,102.75
2091,1111,61,2,1408.26,2816.52
2092,1111,1,3,212.07,636.21
2093,1111,41,5,175.34,876.7
2094,1112,76,4,9.81,39.24
2095,1113,73,5,381.37,1906.85
2096,1113,66,4,605.81,2423.24
2097,1114,33,5,119.54,597.7
2098,1114,63,4,181.06,724.24
2099,1115,73,3,381.37,1144.11
2100,1116,79,2,66.15,132.3
2101,1117,73,1,381.37,381.37
2102,1117,21,2,139.98,279.96
2103,1118,52,5,204.26,1021.3
2104,1119,70,1,150.13,150.13
2105,1120,17,1,288.0,288.0
2106,1121,20,3,65.78,197.34
2107,1121,34,4,150.04,600.16
2108,1122,29,4,56.79,227.16
2109,1122,33,3,119.54,358.62
2110,1122,34,5,150.04,750.2
2111,1123,56,1,117.4,117.4
2112,1123,28,5,572.84,2864.2
2113,1123,11,3,28.03,84.09
2114,1123,4,4,200.21,800.84
2115,1123,37,2,368.6,737.2
2116,1124,47,1,145.99,145.99
2117,1124,24,3,33.34,100.02
2118,1125,72,5,215.38,1076.9
2119,1125,17,1,288.0,288.0
2120,1126,61,4,1408.26,5633.04
2121,1127,21,5,139.98,699.9
2122,1128,5,2,169.65,339.3
2123,1129,33,1,119.54,119.54
2124,1129,25,2,383.92,767.84
2125,1130,49,3,804.66,2413.98
2126,1130,34,5,150.04,750.2
2127,1130,54,5,100.69,503.45
2128,1130,39,2,130.63,261.26
2129,1131,62,3,269.1,807.3
2130,1132,36,1,142.92,142.92
2131,1132,14,4,506.49,2025.96
2132,1133,32,3,112.33,336.99
2133,1134,12,2,3234.73,6469.46
2134,1135,79,4,66.15,264.6
2135,1136,69,4,852.39,3409.56
2136,1136,15,3,559.13,1677.39
2137,1137,12,4,3234.73,12938.92
2138,1137,15,3,559.13,1677.39
2139,1138,80,1,113.53,113.53
2140,1138,28,3,572.84,1718.52
2141,1139,32,4,112.33,449.32
2142,1140,67,5,62.15,310.75
2143,1140,19,2,77.01,154.02
2144,1141,63,5,181.06,905.3
2145,1142,80,2,113.53,227.06
2146,1142,50,5,138.67,693.35
2147,1143,72,5,215.38,1076.9
2148,1144,22,5,73.8,369.0
2149,1144,80,3,113.53,340.59
2150,1144,14,1,506.49,506.49
2151,1145,27,2,146.85,293.7
2152,1145,15,2,559.13,1118.26
2153,1146,77,2,149.55,299.1
2154,1146,73,2,381.37,762.74
2155,1147,55,4,537.2,2148.8
2156,1147,13,1,195.9,195.9
2157,1147,45,3,344.12,1032.36
2158,1147,72,5,215.38,1076.9
2159,1147,17,4,288.0,1152.0
2160,1148,43,3,240.77,722.31
2161,1148,26,2,184.74,369.48
2162,1149,29,4,56.79,227.16
2163,1149,30,3,1115.17,3345.51
2164,1150,62,2,269.1,538.2
2165,1150,24,1,33.34,33.34
2166,1150,71,4,1883.43,7533.72
2167,1150,77,2,149.55,299.1
2168,1151,69,4,852.39,3409.56
2169,1151,61,4,1408.26,5633.04
2170,1152,22,5,73.8,369.0
2171,1153,64,1,66.81,66.81
2172,1154,33,5,119.54,597.7
2173,1155,25,1,383.92,383.92
2174,1155,63,4,181.06,724.24
2175,1155,55,5,537.2,2686.0
2176,1155,58,5,580.12,2900.6
2177,1156,1,2,212.07,424.14
2178,1157,3,3,762.92,2288.76
2179,1157,36,3,142.92,428.76
2180,1157,42,5,80.53,402.65
2181,1158,78,5,2851.02,14255.1
2182,1159,9,1,4886.22,4886.22
2183,1159,35,4,106.43,425.72
2184,1160,31,2,180.39,360.78
2185,1160,7,2,2939.07,5878.14
2186,1160,2,4,159.24,636.96
2187,1160,24,2,33.34,66.68
2188,1161,43,4,240.77,963.08
2189,1162,38,5,313.65,1568.25
2190,1163,21,5,139.98,699.9
2191,1163,5,1,169.65,169.65
2192,1164,47,2,145.99,291.98
2193,1164,19,2,77.01,154.02
2194,1164,1,4,212.07,848.28
2195,1164,24,5,33.34,166.7
2196,1164,68,1,19.08,19.08
2197,1165,34,4,150.04,600.16
2198,1166,15,3,559.13,1677.39
2199,1167,62,5,269.1,1345.5
2200,1167,59,4,309.22,1236.88
2201,1167,64,1,66.81,66.81
2202,1168,30,5,1115.17,5575.85
2203,1168,26,3,184.74,554.22
2204,1169,6,4,45.27,181.08
2205,1169,44,5,18.97,94.85
2206,1169,9,3,4886.22,14658.66
2207,1170,35,1,106.43,106.43
2208,1170,63,4,181.06,724.24
2209,1171,64,3,66.81,200.43
2210,1172,63,5,181.06,905.3
2211,1173,63,5,181.06,905.3
2212,1173,20,5,65.78,328.9
2213,1174,36,1,142.92,142.92
2214,1174,13,4,195.9,783.6
2215,1175,14,4,506.49,2025.96
2216,1175,19,5,77.01,385.05
2217,1176,1,5,212.07,1060.35
2218,1177,39,4,130.63,522.52
2219,1178,39,5,130.63,653.15
2220,1178,28,5,572.84,2864.2
2221,1179,49,5,804.66,4023.3
2222,1180,16,4,413.4,1653.6
2223,1180,62,2,269.1,538.2
2224,1180,41,4,175.34,701.36
2225,1180,49,5,804.66,4023.3
2226,1180,1,2,212.07,424.14
2227,1181,32,5,112.33,561.65
2228,1181,7,5,2939.07,14695.35
2229,1182,40,2,875.77,1751.54
2230,1183,2,2,159.24,318.48
2231,1183,38,1,313.65,313.65
2232,1184,14,4,506.49,2025.96
2233,1184,79,1,66.15,66.15
2234,1185,24,5,33.34,166.7
2235,1186,62,1,269.1,269.1
2236,1187,3,5,762.92,3814.6
2237,1188,1,3,212.07,636.21
2238,1189,23,5,419.81,2099.05
2239,1189,63,5,181.06,905.3
2240,1190,42,5,80.53,402.65
2241,1191,2,5,159.24,796.2
2242,1191,11,5,28.03,140.15
2243,1192,51,1,3965.72,3965.72
2244,1192,34,5,150.04,750.2
2245,1193,8,1,180.66,180.66
2246,1193,6,4,45.27,181.08
2247,1193,58,1,580.12,580.12
2248,1194,39,4,130.63,522.52
2249,1194,14,5,506.49,2532.45
2250,1194,56,1,117.4,117.4
2251,1194,52,1,204.26,204.26
2252,1195,60,5,342.84,1714.2
2253,1196,20,4,65.78,263.12
2254,1197,8,5,180.66,903.3
2255,1197,41,5,175.34,876.7
2256,1197,18,2,146.84,293.68
2257,1198,3,5,762.92,3814.6
2258,1199,73,2,381.37,762.74
2259,1199,64,3,66.81,200.43
2260,1199,68,5,19.08,95.4
2261,1200,62,4,269.1,1076.4
2262,1200,66,3,605.81,1817.43
2263,1201,7,4,2939.07,11756.28
2264,1201,4,1,200.21,200.21
2265,1202,33,3,119.54,358.62
2266,1203,17,4,288.0,1152.0
2267,1204,13,5,195.9,979.5
2268,1205,27,5,146.85,734.25
2269,1205,9,2,4886.22,9772.44
2270,1206,56,2,117.4,234.8
2271,1206,14,3,506.49,1519.47
2272,1206,66,3,605.81,1817.43
2273,1206,41,4,175.34,701.36
2274,1206,4,1,200.21,200.21
2275,1207,17,4,288.0,1152.0
2276,1207,49,2,804.66,1609.32
2277,1207,31,1,180.39,180.39
2278,1208,25,2,383.92,767.84
2279,1208,17,1,288.0,288.0
2280,1208,51,3,3965.72,11897.16
2281,1209,75,1,107.38,107.38
2282,1210,48,3,265.86,797.58
2283,1210,77,4,149.55,598.2
2284,1211,25,1,383.92,383.92
2285,1211,14,3,506.49,1519.47
2286,1212,55,1,537.2,537.2
2287,1213,6,5,45.27,226.35
2288,1213,41,5,175.34,876.7
2289,1214,80,2,113.53,227.06
2290,1214,3,5,762.92,3814.6
2291,1215,68,3,19.08,57.24
2292,1216,58,3,580.12,1740.36
2293,1217,41,5,175.34,876.7
2294,1218,51,1,3965.72,3965.72
2295,1218,8,1,180.66,180.66
2296,1219,45,3,344.12,1032.36
2297,1220,78,1,2851.02,2851.02
2298,1220,55,1,537.2,537.2
2299,1220,53,2,477.39,954.78
2300,1221,31,3,180.39,541.17
2301,1221,47,1,145.99,145.99
2302,1221,21,2,139.98,279.96
2303,1221,5,4,169.65,678.6
2304,1222,68,4,19.08,76.32
2305,1222,58,1,580.12,580.12
2306,1223,30,4,1115.17,4460.68
2307,1224,42,5,80.53,402.65
2308,1224,51,5,3965.72,19828.6
2309,1224,49,1,804.66,804.66
2310,1225,59,5,309.22,1546.1
2311,1225,62,4,269.1,1076.4
2312,1226,16,4,413.4,1653.6
2313,1226,63,5,181.06,905.3
2314,1226,55,4,537.2,2148.8
2315,1227,78,2,2851.02,5702.04
2316,1227,42,2,80.53,161.06
2317,1228,52,3,204.26,612.78
2318,1228,2,3,159.24,477.72
2319,1229,76,5,9.81,49.05
2320,1230,72,4,215.38,861.52
2321,1231,55,5,537.2,2686.0
2322,1231,15,3,559.13,1677.39
2323,1231,6,1,45.27,45.27
2324,1231,42,2,80.53,161.06
2325,1231,30,4,1115.17,4460.68
2326,1232,67,4,62.15,248.6
2327,1232,75,3,107.38,322.14
2328,1233,17,1,288.0,288.0
2329,1233,71,4,1883.43,7533.72
2330,1233,44,2,18.97,37.94
2331,1234,80,5,113.53,567.65
2332,1234,21,3,139.98,419.94
2333,1234,55,4,537.2,2148.8
2334,1234,64,2,66.81,133.62
2335,1235,44,5,18.97,94.85
2336,1235,2,2,159.24,318.48
2337,1235,43,1,240.77,240.77
2338,1236,69,4,852.39,3409.56
2339,1237,14,2,506.49,1012.98
2340,1238,71,2,1883.43,3766.86
2341,1238,66,4,605.81,2423.24
2342,1239,53,5,477.39,2386.95
2343,1240,41,5,175.34,876.7
2344,1241,68,2,19.08,38.16
2345,1241,53,1,477.39,477.39
2346,1241,23,2,419.81,839.62
2347,1242,16,1,413.4,413.4
2348,1242,37,3,368.6,1105.8
2349,1243,45,3,344.12,1032.36
2350,1243,43,2,240.77,481.54
2351,1244,46,2,113.28,226.56
2352,1244,8,2,180.66,361.32
2353,1244,7,2,2939.07,5878.14
2354,1244,77,3,149.55,448.65
2355,1244,55,1,537.2,537.2
2356,1245,39,3,130.63,391.89
2357,1246,41,3,175.34,526.02
2358,1247,36,3,142.92,428.76
2359,1247,39,5,130.63,653.15
2360,1248,4,4,200.21,800.84
2361,1249,46,1,113.28,113.28
2362,1249,13,4,195.9,783.6
2363,1249,5,2,169.65,339.3
2364,1250,62,4,269.1,1076.4
2365,1251,37,3,368.6,1105.8
2366,1251,5,4,169.65,678.6
2367,1251,65,2,43.77,87.54
2368,1252,4,3,200.21,600.63
2369,1252,48,5,265.86,1329.3
2370,1253,19,3,77.01,231.03
2371,1254,66,4,605.81,2423.24
2372,1254,10,3,236.68,710.04
2373,1255,37,5,368.6,1843.0
2374,1255,68,1,19.08,19.08
2375,1256,25,4,383.92,1535.68
2376,1257,47,1,145.99,145.99
2377,1258,36,2,142.92,285.84
2378,1258,17,1,288.0,288.0
2379,1258,11,5,28.03,140.15
2380,1258,57,1,309.44,309.44
2381,1259,51,5,3965.72,19828.6
2382,1260,63,3,181.06,543.18
2383,1261,37,1,368.6,368.6
2384,1261,34,2,150.04,300.08
2385,1261,4,3,200.21,600.63
2386,1262,77,4,149.55,598.2
2387,1262,80,4,113.53,454.12
2388,1262,27,1,146.85,146.85
2389,1263,48,3,265.86,797.58
2390,1263,79,5,66.15,330.75
2391,1264,4,4,200.21,800.84
2392,1265,24,3,33.34,100.02
2393,1265,52,1,204.26,204.26
2394,1265,60,2,342.84,685.68
2395,1266,66,2,605.81,1211.62
2396,1266,17,5,288.0,1440.0
2397,1267,41,2,175.34,350.68
2398,1268,54,1,100.69,100.69
2399,1268,21,2,139.98,279.96
2400,1268,6,4,45.27,181.08
2401,1268,42,3,80.53,241.59
2402,1268,64,1,66.81,66.81
2403,1269,74,5,102.75,513.75
2404,1269,73,4,381.37,1525.48
2405,1270,72,2,215.38,430.76
2406,1270,57,1,309.44,309.44
2407,1271,1,2,212.07,424.14
2408,1271,31,4,180.39,721.56
2409,1272,79,4,66.15,264.6
2410,1273,74,4,102.75,411.0
2411,1274,3,4,762.92,3051.68
2412,1274,53,4,477.39,1909.56
2413,1274,16,1,413.4,413.4
2414,1274,4,1,200.21,200.21
2415,1274,10,2,236.68,473.36
2416,1275,10,4,236.68,946.72
2417,1275,24,2,33.34,66.68
2418,1275,17,3,288.0,864.0
2419,1275,45,2,344.12,688.24
2420,1275,2,1,159.24,159.24
2421,1276,70,2,150.13,300.26
2422,1277,17,2,288.0,576.0
2423,1278,36,5,142.92,714.6
2424,1279,72,1,215.38,215.38
2425,1279,5,2,169.65,339.3
2426,1280,9,4,4886.22,19544.88
2427,1280,39,5,130.63,653.15
2428,1281,56,4,117.4,469.6
2429,1282,69,5,852.39,4261.95
2430,1282,30,1,1115.17,1115.17
2431,1283,41,4,175.34,701.36
2432,1284,47,3,145.99,437.97
2433,1284,68,2,19.08,38.16
2434,1285,70,3,150.13,450.39
2435,1285,6,4,45.27,181.08
2436,1286,64,3,66.81,200.43
2437,1287,78,2,2851.02,5702.04
2438,1288,45,3,344.12,1032.36
2439,1289,58,3,580.12,1740.36
2440,1290,17,3,288.0,864.0
2441,1290,11,4,28.03,112.12
2442,1290,40,3,875.77,2627.31
2443,1291,49,4,804.66,3218.64
2444,1292,41,1,175.34,175.34
2445,1292,13,5,195.9,979.5
2446,1292,17,4,288.0,1152.0
2447,1293,3,2,762.92,1525.84
2448,1294,17,1,288.0,288.0
2449,1295,34,3,150.04,450.12
2450,1295,67,4,62.15,248.6
2451,1296,26,3,184.74,554.22
2452,1296,72,3,215.38,646.14
2453,1296,50,5,138.67,693.35
2454,1297,47,2,145.99,291.98
2455,1297,70,4,150.13,600.52
2456,1297,15,4,559.13,2236.52
2457,1298,8,3,180.66,541.98
2458,1299,54,3,100.69,302.07
2459,1299,57,5,309.44,1547.2
2460,1299,63,1,181.06,181.06
2461,1300,66,5,605.81,3029.05
2462,1301,10,2,236.68,473.36
2463,1302,74,3,102.75,308.25
2464,1302,70,3,150.13,450.39
2465,1303,64,2,66.81,133.62
2466,1304,64,3,66.81,200.43
2467,1304,39,3,130.63,391.89
2468,1304,31,3,180.39,541.17
2469,1305,62,4,269.1,1076.4
2470,1305,33,4,119.54,478.16
2471,1305,31,2,180.39,360.78
2472,1306,34,5,150.04,750.2
2473,1307,59,1,309.22,309.22
2474,1308,52,2,204.26,408.52
2475,1309,29,1,56.79,56.79
2476,1309,66,3,605.81,1817.43
2477,1309,56,3,117.4,352.2
2478,1309,15,3,559.13,1677.39
2479,1310,78,1,2851.02,2851.02
2480,1311,70,4,150.13,600.52
2481,1312,14,2,506.49,1012.98
2482,1313,53,1,477.39,477.39
2483,1314,23,5,419.81,2099.05
2484,1315,51,5,3965.72,19828.6
2485,1315,62,4,269.1,1076.4
2486,1316,16,3,413.4,1240.2
2487,1316,65,2,43.77,87.54
2488,1317,59,1,309.22,309.22
2489,1318,39,5,130.63,653.15
2490,1319,67,2,62.15,124.3
2491,1320,46,4,113.28,453.12
2492,1321,40,5,875.77,4378.85
2493,1322,54,5,100.69,503.45
2494,1323,47,5,145.99,729.95
2495,1323,67,1,62.15,62.15
2496,1323,28,1,572.84,572.84
2497,1324,44,5,18.97,94.85
2498,1325,35,2,106.43,212.86
2499,1325,43,1,240.77,240.77
2500,1326,67,5,62.15,310.75
2501,1327,73,1,381.37,381.37
2502,1328,40,3,875.77,2627.31
2503,1328,29,2,56.79,113.58
2504,1328,56,4,117.4,469.6
2505,1328,17,4,288.0,1152.0
2506,1329,74,2,102.75,205.5
2507,1329,46,1,113.28,113.28
2508,1330,45,1,344.12,344.12
2509,1330,52,4,204.26,817.04
2510,1330,68,5,19.08,95.4
2511,1330,4,1,200.21,200.21
2512,1331,63,1,181.06,181.06
2513,1331,67,1,62.15,62.15
2514,1332,3,4,762.92,3051.68
2515,1332,66,5,605.81,3029.05
2516,1333,75,3,107.38,322.14
2517,1334,16,4,413.4,1653.6
2518,1335,15,4,559.13,2236.52
2519,1335,36,5,142.92,714.6
2520,1335,80,1,113.53,113.53
2521,1336,69,4,852.39,3409.56
2522,1337,53,2,477.39,954.78
2523,1337,4,2,200.21,400.42
2524,1337,72,1,215.38,215.38
2525,1338,64,3,66.81,200.43
2526,1339,72,2,215.38,430.76
2527,1340,67,1,62.15,62.15
2528,1341,37,2,368.6,737.2
2529,1342,27,5,146.85,734.25
2530,1343,71,3,1883.43,5650.29
2531,1344,80,3,113.53,340.59
2532,1344,73,1,381.37,381.37
2533,1344,49,3,804.66,2413.98
2534,1344,69,2,852.39,1704.78
2535,1344,45,2,344.12,688.24
2536,1345,2,1,159.24,159.24
2537,1346,30,2,1115.17,2230.34
2538,1347,31,4,180.39,721.56
2539,1348,27,1,146.85,146.85
2540,1348,39,3,130.63,391.89
2541,1349,44,3,18.97,56.91
2542,1350,30,5,1115.17,5575.85
2543,1350,53,2,477.39,954.78
2544,1351,60,4,342.84,1371.36
2545,1352,20,2,65.78,131.56
2546,1353,5,5,169.65,848.25
2547,1354,68,2,19.08,38.16
2548,1355,32,3,112.33,336.99
2549,1355,80,1,113.53,113.53
2550,1355,1,1,212.07,212.07
2551,1356,52,2,204.26,408.52
2552,1356,79,5,66.15,330.75
2553,1356,26,2,184.74,369.48
2554,1356,57,2,309.44,618.88
2555,1356,72,2,215.38,430.76
2556,1357,20,4,65.78,263.12
2557,1358,64,1,66.81,66.81
2558,1359,47,5,145.99,729.95
2559,1360,77,1,149.55,149.55
2560,1360,51,1,3965.72,3965.72
2561,1360,18,2,146.84,293.68
2562,1361,76,3,9.81,29.43
2563,1362,61,5,1408.26,7041.3
2564,1363,36,2,142.92,285.84
2565,1364,65,3,43.77,131.31
2566,1364,45,2,344.12,688.24
2567,1365,40,1,875.77,875.77
2568,1365,70,2,150.13,300.26
2569,1366,55,5,537.2,2686.0
2570,1367,33,4,119.54,478.16
2571,1368,10,3,236.68,710.04
2572,1368,56,2,117.4,234.8
2573,1369,51,2,3965.72,7931.44
2574,1370,27,3,146.85,440.55
2575,1370,2,3,159.24,477.72
2576,1371,46,4,113.28,453.12
2577,1371,20,1,65.78,65.78
2578,1372,56,5,117.4,587.0
2579,1373,1,4,212.07,848.28
2580,1373,54,2,100.69,201.38
2581,1374,59,1,309.22,309.22
2582,1375,18,5,146.84,734.2
2583,1375,4,3,200.21,600.63
2584,1376,61,4,1408.26,5633.04
2585,1377,77,4,149.55,598.2
2586,1377,31,2,180.39,360.78
2587,1378,13,5,195.9,979.5
2588,1379,34,3,150.04,450.12
2589,1379,9,2,4886.22,9772.44
2590,1380,52,2,204.26,408.52
2591,1380,79,3,66.15,198.45
2592,1381,67,1,62.15,62.15
2593,1382,11,2,28.03,56.06
2594,1383,58,4,580.12,2320.48
2595,1383,43,3,240.77,722.31
2596,1383,18,3,146.84,440.52
2597,1383,26,5,184.74,923.7
2598,1383,45,1,344.12,344.12
2599,1384,31,4,180.39,721.56
2600,1385,20,3,65.78,197.34
2601,1385,14,2,506.49,1012.98
2602,1385,46,5,113.28,566.4
2603,1385,2,1,159.24,159.24
2604,1386,42,4,80.53,322.12
2605,1386,18,4,146.84,587.36
2606,1387,71,3,1883.43,5650.29
2607,1388,19,3,77.01,231.03
2608,1388,66,2,605.81,1211.62
2609,1389,48,5,265.86,1329.3
2610,1390,4,2,200.21,400.42
2611,1390,61,3,1408.26,4224.78
2612,1391,9,3,4886.22,14658.66
2613,1391,8,4,180.66,722.64
2614,1391,7,4,2939.07,11756.28
2615,1392,73,2,381.37,762.74
2616,1392,49,3,804.66,2413.98
2617,1393,77,5,149.55,747.75
2618,1394,53,4,477.39,1909.56
2619,1394,77,2,149.55,299.1
2620,1395,4,5,200.21,1001.05
2621,1395,47,5,145.99,729.95
2622,1395,8,3,180.66,541.98
2623,1396,22,2,73.8,147.6
2624,1396,18,3,146.84,440.52
2625,1397,10,4,236.68,946.72
2626,1398,54,5,100.69,503.45
2627,1398,22,2,73.8,147.6
2628,1399,57,3,309.44,928.32
2629,1400,10,2,236.68,473.36
2630,1400,62,4,269.1,1076.4
2631,1401,73,4,381.37,1525.48
2632,1401,39,2,130.63,261.26
2633,1401,27,5,146.85,734.25
2634,1402,61,3,1408.26,4224.78
2635,1402,79,3,66.15,198.45
2636,1402,48,2,265.86,531.72
2637,1402,50,3,138.67,416.01
2638,1403,63,3,181.06,543.18
2639,1404,20,4,65.78,263.12
2640,1404,28,2,572.84,1145.68
2641,1405,2,1,159.24,159.24
2642,1405,7,4,2939.07,11756.28
2643,1406,67,4,62.15,248.6
2644,1406,28,5,572.84,2864.2
2645,1406,71,2,1883.43,3766.86
2646,1407,9,4,4886.22,19544.88
2647,1408,32,2,112.33,224.66
2648,1408,17,5,288.0,1440.0
2649,1409,76,5,9.81,49.05
2650,1409,36,1,142.92,142.92
2651,1410,9,3,4886.22,14658.66
2652,1411,4,5,200.21,1001.05
2653,1411,63,1,181.06,181.06
2654,1411,49,1,804.66,804.66
2655,1412,23,5,419.81,2099.05
2656,1413,50,4,138.67,554.68
2657,1413,7,1,2939.07,2939.07
2658,1414,76,1,9.81,9.81
2659,1415,59,2,309.22,618.44
2660,1415,36,4,142.92,571.68
2661,1416,8,1,180.66,180.66
2662,1417,17,2,288.0,576.0
2663,1417,33,1,119.54,119.54
2664,1418,55,3,537.2,1611.6
2665,1418,59,5,309.22,1546.1
2666,1418,5,5,169.65,848.25
2667,1418,27,4,146.85,587.4
2668,1419,78,5,2851.02,14255.1
2669,1419,79,1,66.15,66.15
2670,1419,1,5,212.07,1060.35
2671,1420,59,4,309.22,1236.88
2672,1420,32,3,112.33,336.99
2673,1420,3,5,762.92,3814.6
2674,1421,44,2,18.97,37.94
2675,1422,55,3,537.2,1611.6
2676,1422,29,4,56.79,227.16
2677,1422,76,2,9.81,19.62
2678,1422,17,5,288.0,1440.0
2679,1422,44,3,18.97,56.91
2680,1423,26,4,184.74,738.96
2681,1423,17,4,288.0,1152.0
2682,1423,73,2,381.37,762.74
2683,1424,67,3,62.15,186.45
2684,1425,40,5,875.77,4378.85
2685,1425,16,2,413.4,826.8
2686,1425,56,4,117.4,469.6
2687,1426,64,3,66.81,200.43
2688,1426,34,3,150.04,450.12
2689,1426,29,4,56.79,227.16
2690,1427,17,2,288.0,576.0
2691,1428,60,4,342.84,1371.36
2692,1428,11,2,28.03,56.06
2693,1429,44,5,18.97,94.85
2694,1429,64,5,66.81,334.05
2695,1430,53,3,477.39,1432.17
2696,1430,39,1,130.63,130.63
2697,1431,62,5,269.1,1345.5
2698,1432,27,1,146.85,146.85
2699,1433,74,1,102.75,102.75
2700,1433,38,2,313.65,627.3
2701,1433,34,4,150.04,600.16
2702,1433,20,4,65.78,263.12
2703,1433,5,3,169.65,508.95
2704,1434,54,1,100.69,100.69
2705,1434,51,5,3965.72,19828.6
2706,1435,42,1,80.53,80.53
2707,1436,63,5,181.06,905.3
2708,1437,25,3,383.92,1151.76
2709,1438,32,1,112.33,112.33
2710,1439,54,4,100.69,402.76
2711,1440,24,3,33.34,100.02
2712,1441,9,5,4886.22,24431.1
2713,1441,20,1,65.78,65.78
2714,1441,39,1,130.63,130.63
2715,1442,16,2,413.4,826.8
2716,1443,58,3,580.12,1740.36
2717,1443,29,5,56.79,283.95
2718,1444,68,1,19.08,19.08
2719,1445,57,2,309.44,618.88
2720,1446,72,3,215.38,646.14
2721,1447,1,4,212.07,848.28
2722,1448,67,2,62.15,124.3
2723,1448,48,3,265.86,797.58
2724,1448,11,5,28.03,140.15
2725,1449,17,3,288.0,864.0
2726,1449,1,1,212.07,212.07
2727,1449,65,5,43.77,218.85
2728,1450,27,3,146.85,440.55
2729,1450,41,1,175.34,175.34
2730,1451,56,1,117.4,117.4
2731,1451,38,4,313.65,1254.6
2732,1452,3,2,762.92,1525.84
2733,1452,60,1,342.84,342.84
2734,1453,73,3,381.37,1144.11
2735,1454,43,1,240.77,240.77
2736,1454,34,1,150.04,150.04
2737,1454,19,4,77.01,308.04
2738,1454,42,1,80.53,80.53
2739,1455,18,5,146.84,734.2
2740,1455,47,5,145.99,729.95
2741,1455,43,1,240.77,240.77
2742,1455,52,1,204.26,204.26
2743,1455,48,1,265.86,265.86
2744,1456,77,2,149.55,299.1
2745,1456,80,1,113.53,113.53
2746,1456,38,2,313.65,627.3
2747,1457,50,4,138.67,554.68
2748,1457,4,4,200.21,800.84
2749,1458,19,4,77.01,308.04
2750,1458,51,5,3965.72,19828.6
2751,1458,16,1,413.4,413.4
2752,1458,32,1,112.33,112.33
2753,1459,11,5,28.03,140.15
2754,1459,37,1,368.6,368.6
2755,1459,47,2,145.99,291.98
2756,1460,21,1,139.98,139.98
2757,1461,4,2,200.21,400.42
2758,1461,70,3,150.13,450.39
2759,1461,68,5,19.08,95.4
2760,1461,1,3,212.07,636.21
2761,1462,22,3,73.8,221.4
2762,1463,12,1,3234.73,3234.73
2763,1463,46,2,113.28,226.56
2764,1463,4,3,200.21,600.63
2765,1464,36,4,142.92,571.68
2766,1465,4,4,200.21,800.84
2767,1466,53,1,477.39,477.39
2768,1466,33,4,119.54,478.16
2769,1467,53,5,477.39,2386.95
2770,1467,64,1,66.81,66.81
2771,1467,58,2,580.12,1160.24
2772,1468,34,4,150.04,600.16
2773,1468,10,1,236.68,236.68
2774,1468,33,1,119.54,119.54
2775,1468,69,3,852.39,2557.17
2776,1469,17,1,288.0,288.0
2777,1469,34,1,150.04,150.04
2778,1469,57,4,309.44,1237.76
2779,1470,1,2,212.07,424.14
2780,1471,17,1,288.0,288.0
2781,1471,79,5,66.15,330.75
2782,1471,62,3,269.1,807.3
2783,1472,52,1,204.26,204.26
2784,1472,64,2,66.81,133.62
2785,1472,43,3,240.77,722.31
2786,1472,37,4,368.6,1474.4
2787,1473,71,1,1883.43,1883.43
2788,1473,36,2,142.92,285.84
2789,1474,62,5,269.1,1345.5
2790,1474,1,5,212.07,1060.35
2791,1474,41,1,175.34,175.34
2792,1474,54,3,100.69,302.07
2793,1474,43,1,240.77,240.77
2794,1475,8,5,180.66,903.3
2795,1476,10,3,236.68,710.04
2796,1476,71,3,1883.43,5650.29
2797,1477,18,4,146.84,587.36
2798,1478,42,1,80.53,80.53
2799,1478,11,5,28.03,140.15
2800,1478,68,2,19.08,38.16
2801,1478,38,4,313.65,1254.6
2802,1479,51,5,3965.72,19828.6
2803,1479,17,3,288.0,864.0
2804,1480,36,3,142.92,428.76
2805,1480,65,4,43.77,175.08
2806,1481,10,1,236.68,236.68
2807,1482,27,1,146.85,146.85
2808,1483,2,4,159.24,636.96
2809,1484,49,1,804.66,804.66
2810,1485,20,4,65.78,263.12
2811,1485,9,1,4886.22,4886.22
2812,1486,9,3,4886.22,14658.66
2813,1486,46,2,113.28,226.56
2814,1486,40,2,875.77,1751.54
2815,1487,11,1,28.03,28.03
2816,1487,71,3,1883.43,5650.29
2817,1488,40,1,875.77,875.77
2818,1489,27,2,146.85,293.7
2819,1490,68,3,19.08,57.24
2820,1491,47,1,145.99,145.99
2821,1492,55,4,537.2,2148.8
2822,1493,29,2,56.79,113.58
2823,1493,66,4,605.81,2423.24
2824,1493,33,1,119.54,119.54
2825,1493,65,4,43.77,175.08
2826,1494,66,3,605.81,1817.43
2827,1494,79,3,66.15,198.45
2828,1495,74,3,102.75,308.25
2829,1496,66,4,605.81,2423.24
2830,1497,44,1,18.97,18.97
2831,1497,78,1,2851.02,2851.02
2832,1498,28,3,572.84,1718.52
2833,1499,15,1,559.13,559.13
2834,1500,14,4,506.49,2025.96
2835,1500,15,5,559.13,2795.65
2836,1500,59,5,309.22,1546.1
2837,1500,45,5,344.12,1720.6
2838,1501,15,3,559.13,1677.39
2839,1501,63,5,181.06,905.3
2840,1502,20,3,65.78,197.34
2841,1502,64,4,66.81,267.24
2842,1503,21,3,139.98,419.94
2843,1504,73,5,381.37,1906.85
2844,1504,32,2,112.33,224.66
2845,1505,5,1,169.65,169.65
2846,1505,14,3,506.49,1519.47
2847,1505,29,1,56.79,56.79
2848,1505,77,5,149.55,747.75
2849,1505,31,3,180.39,541.17
2850,1506,12,3,3234.73,9704.19
2851,1507,30,4,1115.17,4460.68
2852,1507,71,2,1883.43,3766.86
2853,1507,35,3,106.43,319.29
2854,1507,62,3,269.1,807.3
2855,1508,5,3,169.65,508.95
2856,1508,51,2,3965.72,7931.44
2857,1508,33,2,119.54,239.08
2858,1509,17,1,288.0,288.0
2859,1510,8,4,180.66,722.64
2860,1510,75,4,107.38,429.52
2861,1511,62,3,269.1,807.3
2862,1512,77,1,149.55,149.55
2863,1513,33,1,119.54,119.54
2864,1514,58,1,580.12,580.12
2865,1514,27,1,146.85,146.85
2866,1515,35,3,106.43,319.29
2867,1516,54,2,100.69,201.38
2868,1517,46,4,113.28,453.12
2869,1518,50,4,138.67,554.68
2870,1518,8,2,180.66,361.32
2871,1519,26,5,184.74,923.7
2872,1520,15,1,559.13,559.13
2873,1521,45,1,344.12,344.12
2874,1521,10,4,236.68,946.72
2875,1521,18,4,146.84,587.36
2876,1522,50,1,138.67,138.67
2877,1522,17,3,288.0,864.0
2878,1523,36,1,142.92,142.92
2879,1523,37,4,368.6,1474.4
2880,1523,40,2,875.77,1751.54
2881,1523,54,5,100.69,503.45
2882,1523,68,2,19.08,38.16
2883,1524,12,4,3234.73,12938.92
2884,1525,56,5,117.4,587.0
2885,1526,53,1,477.39,477.39
2886,1526,12,3,3234.73,9704.19
2887,1527,19,2,77.01,154.02
2888,1527,50,2,138.67,277.34
2889,1527,14,2,506.49,1012.98
2890,1528,67,2,62.15,124.3
2891,1529,25,5,383.92,1919.6
2892,1530,56,1,117.4,117.4
2893,1531,64,4,66.81,267.24
2894,1531,80,3,113.53,340.59
2895,1532,36,5,142.92,714.6
2896,1532,32,2,112.33,224.66
2897,1532,34,3,150.04,450.12
2898,1533,60,5,342.84,1714.2
2899,1533,42,5,80.53,402.65
2900,1533,29,3,56.79,170.37
2901,1533,74,1,102.75,102.75
2902,1533,6,1,45.27,45.27
2903,1534,57,1,309.44,309.44
2904,1535,23,5,419.81,2099.05
2905,1535,7,3,2939.07,8817.21
2906,1536,76,1,9.81,9.81
2907,1536,65,2,43.77,87.54
2908,1537,53,1,477.39,477.39
2909,1538,33,2,119.54,239.08
2910,1538,60,3,342.84,1028.52
2911,1539,68,3,19.08,57.24
2912,1539,76,2,9.81,19.62
2913,1540,45,4,344.12,1376.48
2914,1541,54,2,100.69,201.38
2915,1541,15,5,559.13,2795.65
2916,1541,58,5,580.12,2900.6
2917,1541,46,2,113.28,226.56
2918,1542,55,1,537.2,537.2
2919,1542,12,4,3234.73,12938.92
2920,1542,61,3,1408.26,4224.78
2921,1542,56,1,117.4,117.4
2922,1543,10,3,236.68,710.04
2923,1543,54,4,100.69,402.76
2924,1544,27,1,146.85,146.85
2925,1544,57,5,309.44,1547.2
2926,1545,19,5,77.01,385.05
2927,1545,61,2,1408.26,2816.52
2928,1545,55,1,537.2,537.2
2929,1546,69,5,852.39,4261.95
2930,1547,27,1,146.85,146.85
2931,1548,67,3,62.15,186.45
2932,1549,6,3,45.27,135.81
2933,1550,19,3,77.01,231.03
2934,1550,56,2,117.4,234.8
2935,1550,40,3,875.77,2627.31
2936,1550,70,1,150.13,150.13
2937,1551,68,2,19.08,38.16
2938,1551,60,5,342.84,1714.2
2939,1552,9,1,4886.22,4886.22
2940,1552,6,3,45.27,135.81
2941,1552,19,3,77.01,231.03
2942,1553,35,4,106.43,425.72
2943,1553,39,4,130.63,522.52
2944,1554,77,2,149.55,299.1
2945,1555,18,2,146.84,293.68
2946,1555,11,1,28.03,28.03
2947,1556,52,5,204.26,1021.3
2948,1556,67,5,62.15,310.75
2949,1557,30,4,1115.17,4460.68
2950,1558,8,3,180.66,541.98
2951,1559,80,5,113.53,567.65
2952,1559,32,1,112.33,112.33
2953,1560,64,2,66.81,133.62
2954,1560,68,4,19.08,76.32
2955,1561,76,1,9.81,9.81
2956,1561,62,2,269.1,538.2
2957,1562,21,5,139.98,699.9
2958,1563,1,4,212.07,848.28
2959,1563,73,3,381.37,1144.11
2960,1564,22,2,73.8,147.6
2961,1564,23,4,419.81,1679.24
2962,1564,53,5,477.39,2386.95
2963,1564,25,5,383.92,1919.6
2964,1565,58,3,580.12,1740.36
2965,1566,26,3,184.74,554.22
2966,1566,48,4,265.86,1063.44
2967,1567,60,5,342.84,1714.2
2968,1567,23,5,419.81,2099.05
2969,1567,39,3,130.63,391.89
2970,1568,65,1,43.77,43.77
2971,1568,38,5,313.65,1568.25
2972,1569,40,2,875.77,1751.54
2973,1569,7,5,2939.07,14695.35
2974,1569,13,1,195.9,195.9
2975,1570,6,5,45.27,226.35
2976,1570,27,4,146.85,587.4
2977,1570,59,5,309.22,1546.1
2978,1571,65,3,43.77,131.31
2979,1571,3,3,762.92,2288.76
2980,1572,32,5,112.33,561.65
2981,1572,8,5,180.66,903.3
2982,1572,72,5,215.38,1076.9
2983,1573,36,4,142.92,571.68
2984,1574,18,1,146.84,146.84
2985,1575,79,4,66.15,264.6
2986,1576,54,2,100.69,201.38
2987,1576,21,4,139.98,559.92
2988,1577,43,3,240.77,722.31
2989,1577,75,4,107.38,429.52
2990,1577,2,1,159.24,159.24
2991,1578,37,3,368.6,1105.8
2992,1579,19,4,77.01,308.04
2993,1580,47,2,145.99,291.98
2994,1581,16,5,413.4,2067.0
2995,1582,5,5,169.65,848.25
2996,1583,39,1,130.63,130.63
2997,1583,35,2,106.43,212.86
2998,1583,52,3,204.26,612.78
2999,1584,47,1,145.99,145.99
3000,1585,24,2,33.34,66.68
3001,1585,13,4,195.9,783.6
3002,1586,78,5,2851.02,14255.1
3003,1586,2,5,159.24,796.2
3004,1587,13,5,195.9,979.5
3005,1588,33,3,119.54,358.62
3006,1588,2,3,159.24,477.72
3007,1588,18,3,146.84,440.52
3008,1589,57,4,309.44,1237.76
3009,1589,2,2,159.24,318.48
3010,1590,75,1,107.38,107.38
3011,1591,65,2,43.77,87.54
3012,1591,77,2,149.55,299.1
3013,1592,62,3,269.1,807.3
3014,1592,22,2,73.8,147.6
3015,1593,46,5,113.28,566.4
3016,1594,58,1,580.12,580.12
3017,1595,10,4,236.68,946.72
3018,1596,66,3,605.81,1817.43
3019,1596,61,1,1408.26,1408.26
3020,1597,72,3,215.38,646.14
3021,1597,27,2,146.85,293.7
3022,1598,60,4,342.84,1371.36
3023,1598,56,5,117.4,587.0
3024,1598,43,1,240.77,240.77
3025,1598,4,3,200.21,600.63
3026,1599,27,3,146.85,440.55
3027,1599,15,4,559.13,2236.52
3028,1600,4,5,200.21,1001.05
3029,1601,31,4,180.39,721.56
3030,1601,65,2,43.77,87.54
3031,1601,30,4,1115.17,4460.68
3032,1601,32,5,112.33,561.65
3033,1602,77,1,149.55,149.55
3034,1602,6,2,45.27,90.54
3035,1602,61,3,1408.26,4224.78
3036,1603,34,4,150.04,600.16
3037,1604,76,2,9.81,19.62
3038,1605,58,2,580.12,1160.24
3039,1606,77,3,149.55,448.65
3040,1606,22,5,73.8,369.0
3041,1607,4,2,200.21,400.42
3042,1608,31,1,180.39,180.39
3043,1608,6,3,45.27,135.81
3044,1608,50,5,138.67,693.35
3045,1608,36,2,142.92,285.84
3046,1609,7,2,2939.07,5878.14
3047,1609,21,1,139.98,139.98
3048,1610,78,2,2851.02,5702.04
3049,1611,80,4,113.53,454.12
3050,1611,30,2,1115.17,2230.34
3051,1612,57,5,309.44,1547.2
3052,1612,59,5,309.22,1546.1
3053,1612,72,1,215.38,215.38
3054,1612,37,4,368.6,1474.4
3055,1613,4,4,200.21,800.84
3056,1614,72,2,215.38,430.76
3057,1615,49,2,804.66,1609.32
3058,1615,61,1,1408.26,1408.26
3059,1616,8,4,180.66,722.64
3060,1617,48,2,265.86,531.72
3061,1617,37,1,368.6,368.6
3062,1618,78,2,2851.02,5702.04
3063,1619,13,4,195.9,783.6
3064,1619,36,4,142.92,571.68
3065,1620,68,4,19.08,76.32
3066,1620,58,1,580.12,580.12
3067,1621,31,2,180.39,360.78
3068,1622,56,1,117.4,117.4
3069,1622,43,2,240.77,481.54
3070,1622,36,1,142.92,142.92
3071,1623,5,5,169.65,848.25
3072,1623,78,2,2851.02,5702.04
3073,1623,64,5,66.81,334.05
3074,1624,68,5,19.08,95.4
3075,1625,80,3,113.53,340.59
3076,1625,65,1,43.77,43.77
3077,1625,24,2,33.34,66.68
3078,1626,70,4,150.13,600.52
3079,1627,15,5,559.13,2795.65
3080,1628,58,5,580.12,2900.6
3081,1629,57,2,309.44,618.88
3082,1630,31,5,180.39,901.95
3083,1631,57,5,309.44,1547.2
3084,1632,74,5,102.75,513.75
3085,1632,77,1,149.55,149.55
3086,1633,57,1,309.44,309.44
3087,1634,24,5,33.34,166.7
3088,1635,18,4,146.84,587.36
3089,1635,80,1,113.53,113.53
3090,1636,4,2,200.21,400.42
3091,1637,28,4,572.84,2291.36
3092,1637,50,3,138.67,416.01
3093,1637,29,4,56.79,227.16
3094,1638,64,3,66.81,200.43
3095,1639,51,5,3965.72,19828.6
3096,1640,11,4,28.03,112.12
3097,1641,19,5,77.01,385.05
3098,1641,60,2,342.84,685.68
3099,1642,36,3,142.92,428.76
3100,1643,51,3,3965.72,11897.16
3101,1643,25,2,383.92,767.84
3102,1643,73,2,381.37,762.74
3103,1644,68,1,19.08,19.08
3104,1644,42,4,80.53,322.12
3105,1645,43,4,240.77,963.08
3106,1645,73,4,381.37,1525.48
3107,1646,56,5,117.4,587.0
3108,1646,16,1,413.4,413.4
3109,1646,12,3,3234.73,9704.19
3110,1646,34,3,150.04,450.12
3111,1647,14,4,506.49,2025.96
3112,1648,76,2,9.81,19.62
3113,1648,28,4,572.84,2291.36
3114,1649,54,1,100.69,100.69
3115,1650,30,3,1115.17,3345.51
3116,1650,72,2,215.38,430.76
3117,1651,64,1,66.81,66.81
3118,1651,53,1,477.39,477.39
3119,1652,39,4,130.63,522.52
3120,1652,36,4,142.92,571.68
3121,1653,40,4,875.77,3503.08
3122,1653,44,3,18.97,56.91
3123,1653,29,1,56.79,56.79
3124,1653,5,3,169.65,508.95
3125,1654,13,4,195.9,783.6
3126,1655,36,4,142.92,571.68
3127,1655,40,1,875.77,875.77
3128,1656,64,5,66.81,334.05
3129,1657,70,1,150.13,150.13
3130,1658,49,3,804.66,2413.98
3131,1658,73,4,381.37,1525.48
3132,1658,1,5,212.07,1060.35
3133,1659,28,1,572.84,572.84
3134,1660,41,5,175.34,876.7
3135,1660,22,1,73.8,73.8
3136,1660,8,2,180.66,361.32
3137,1661,21,1,139.98,139.98
3138,1662,39,4,130.63,522.52
3139,1662,65,4,43.77,175.08
3140,1663,52,4,204.26,817.04
3141,1663,3,1,762.92,762.92
3142,1664,26,4,184.74,738.96
3143,1665,26,2,184.74,369.48
3144,1665,19,3,77.01,231.03
3145,1666,46,2,113.28,226.56
3146,1667,11,4,28.03,112.12
3147,1668,14,3,506.49,1519.47
3148,1669,13,1,195.9,195.9
3149,1669,58,2,580.12,1160.24
3150,1670,56,5,117.4,587.0
3151,1671,57,5,309.44,1547.2
3152,1671,47,3,145.99,437.97
3153,1672,30,4,1115.17,4460.68
3154,1673,72,3,215.38,646.14
3155,1674,18,5,146.84,734.2
3156,1674,69,3,852.39,2557.17
3157,1674,17,2,288.0,576.0
3158,1675,63,1,181.06,181.06
3159,1676,2,2,159.24,318.48
3160,1676,45,4,344.12,1376.48
3161,1676,59,3,309.22,927.66
3162,1676,36,2,142.92,285.84
3163,1677,18,5,146.84,734.2
3164,1677,38,5,313.65,1568.25
3165,1678,29,2,56.79,113.58
3166,1678,49,2,804.66,1609.32
3167,1678,36,1,142.92,142.92
3168,1678,23,2,419.81,839.62
3169,1679,21,4,139.98,559.92
3170,1680,40,5,875.77,4378.85
3171,1681,78,4,2851.02,11404.08
3172,1681,9,5,4886.22,24431.1
3173,1681,43,2,240.77,481.54
3174,1682,6,4,45.27,181.08
3175,1683,27,5,146.85,734.25
3176,1683,36,3,142.92,428.76
3177,1683,52,1,204.26,204.26
3178,1684,14,5,506.49,2532.45
3179,1684,17,2,288.0,576.0
3180,1685,4,4,200.21,800.84
3181,1685,51,4,3965.72,15862.88
3182,1685,1,3,212.07,636.21
3183,1686,54,3,100.69,302.07
3184,1686,71,2,1883.43,3766.86
3185,1687,30,2,1115.17,2230.34
3186,1687,43,1,240.77,240.77
3187,1687,14,1,506.49,506.49
3188,1687,21,1,139.98,139.98
3189,1688,73,1,381.37,381.37
3190,1688,36,4,142.92,571.68
3191,1688,14,3,506.49,1519.47
3192,1689,38,4,313.65,1254.6
3193,1690,78,2,2851.02,5702.04
3194,1691,5,2,169.65,339.3
3195,1692,13,3,195.9,587.7
3196,1692,77,1,149.55,149.55
3197,1692,27,2,146.85,293.7
3198,1693,40,3,875.77,2627.31
3199,1693,47,3,145.99,437.97
3200,1694,78,2,2851.02,5702.04
3201,1694,4,2,200.21,400.42
3202,1694,56,4,117.4,469.6
3203,1694,58,3,580.12,1740.36
3204,1695,23,3,419.81,1259.43
3205,1695,73,4,381.37,1525.48
3206,1696,10,4,236.68,946.72
3207,1696,37,3,368.6,1105.8
3208,1697,35,5,106.43,532.15
3209,1697,77,3,149.55,448.65
3210,1698,52,2,204.26,408.52
3211,1698,20,2,65.78,131.56
3212,1699,28,5,572.84,2864.2
3213,1700,36,3,142.92,428.76
3214,1701,38,1,313.65,313.65
3215,1701,71,3,1883.43,5650.29
3216,1701,59,4,309.22,1236.88
3217,1702,15,3,559.13,1677.39
3218,1702,5,1,169.65,169.65
3219,1703,53,5,477.39,2386.95
3220,1703,19,2,77.01,154.02
3221,1703,37,5,368.6,1843.0
3222,1703,65,4,43.77,175.08
3223,1704,50,5,138.67,693.35
3224,1705,2,1,159.24,159.24
3225,1705,62,2,269.1,538.2
3226,1705,21,1,139.98,139.98
3227,1705,38,4,313.65,1254.6
3228,1706,11,4,28.03,112.12
3229,1706,34,4,150.04,600.16
3230,1706,6,4,45.27,181.08
3231,1707,65,2,43.77,87.54
3232,1708,45,1,344.12,344.12
3233,1708,18,5,146.84,734.2
3234,1709,78,2,2851.02,5702.04
3235,1710,46,3,113.28,339.84
3236,1711,32,1,112.33,112.33
3237,1711,57,2,309.44,618.88
3238,1711,1,5,212.07,1060.35
3239,1712,29,4,56.79,227.16
3240,1713,38,3,313.65,940.95
3241,1713,25,1,383.92,383.92
3242,1713,37,2,368.6,737.2
3243,1714,7,2,2939.07,5878.14
3244,1715,41,4,175.34,701.36
3245,1716,11,1,28.03,28.03
3246,1716,42,3,80.53,241.59
3247,1717,39,4,130.63,522.52
3248,1717,14,5,506.49,2532.45
3249,1717,73,4,381.37,1525.48
3250,1717,62,2,269.1,538.2
3251,1718,46,5,113.28,566.4
3252,1719,79,1,66.15,66.15
3253,1720,20,2,65.78,131.56
3254,1720,62,2,269.1,538.2
3255,1721,5,5,169.65,848.25
3256,1721,4,2,200.21,400.42
3257,1722,60,4,342.84,1371.36
3258,1723,5,2,169.65,339.3
3259,1723,24,2,33.34,66.68
3260,1724,48,2,265.86,531.72
3261,1725,47,5,145.99,729.95
3262,1725,69,3,852.39,2557.17
3263,1726,74,4,102.75,411.0
3264,1727,1,4,212.07,848.28
3265,1727,46,1,113.28,113.28
3266,1728,59,4,309.22,1236.88
3267,1729,49,2,804.66,1609.32
3268,1729,59,5,309.22,1546.1
3269,1730,72,1,215.38,215.38
3270,1731,5,2,169.65,339.3
3271,1732,10,2,236.68,473.36
3272,1732,60,1,342.84,342.84
3273,1732,8,1,180.66,180.66
3274,1733,42,5,80.53,402.65
3275,1733,30,3,1115.17,3345.51
3276,1733,24,5,33.34,166.7
3277,1734,27,2,146.85,293.7
3278,1734,71,4,1883.43,7533.72
3279,1734,42,3,80.53,241.59
3280,1734,49,5,804.66,4023.3
3281,1735,33,2,119.54,239.08
3282,1736,19,4,77.01,308.04
3283,1737,52,4,204.26,817.04
3284,1737,9,1,4886.22,4886.22
3285,1738,65,5,43.77,218.85
3286,1738,78,2,2851.02,5702.04
3287,1738,47,5,145.99,729.95
3288,1738,5,5,169.65,848.25
3289,1739,53,1,477.39,477.39
3290,1740,45,4,344.12,1376.48
3291,1740,60,1,342.84,342.84
3292,1741,2,3,159.24,477.72
3293,1741,54,5,100.69,503.45
3294,1741,31,3,180.39,541.17
3295,1742,70,5,150.13,750.65
3296,1742,58,2,580.12,1160.24
3297,1742,16,1,413.4,413.4
3298,1743,11,3,28.03,84.09
3299,1743,14,4,506.49,2025.96
3300,1744,10,1,236.68,236.68
3301,1745,36,2,142.92,285.84
3302,1746,23,5,419.81,2099.05
3303,1747,35,1,106.43,106.43
3304,1748,31,2,180.39,360.78
3305,1748,79,3,66.15,198.45
3306,1748,77,1,149.55,149.55
3307,1748,1,1,212.07,212.07
3308,1749,65,3,43.77,131.31
3309,1750,11,1,28.03,28.03
3310,1751,13,5,195.9,979.5
3311,1751,24,1,33.34,33.34
3312,1752,78,1,2851.02,2851.02
3313,1752,30,2,1115.17,2230.34
3314,1753,75,5,107.38,536.9
3315,1753,18,5,146.84,734.2
3316,1753,37,1,368.6,368.6
3317,1753,69,3,852.39,2557.17
3318,1754,57,1,309.44,309.44
3319,1755,44,1,18.97,18.97
3320,1756,1,1,212.07,212.07
3321,1757,38,4,313.65,1254.6
3322,1758,68,3,19.08,57.24
3323,1758,21,1,139.98,139.98
3324,1758,2,2,159.24,318.48
3325,1759,9,2,4886.22,9772.44
3326,1759,78,5,2851.02,14255.1
3327,1759,71,1,1883.43,1883.43
3328,1760,66,2,605.81,1211.62
3329,1761,49,4,804.66,3218.64
3330,1761,68,3,19.08,57.24
3331,1762,79,1,66.15,66.15
3332,1763,37,5,368.6,1843.0
3333,1764,40,1,875.77,875.77
3334,1764,23,4,419.81,1679.24
3335,1765,4,3,200.21,600.63
3336,1765,70,4,150.13,600.52
3337,1766,20,1,65.78,65.78
3338,1767,69,4,852.39,3409.56
3339,1767,51,5,3965.72,19828.6
3340,1768,1,1,212.07,212.07
3341,1769,21,5,139.98,699.9
3342,1769,35,1,106.43,106.43
3343,1769,17,2,288.0,576.0
3344,1769,31,4,180.39,721.56
3345,1770,15,1,559.13,559.13
3346,1770,55,4,537.2,2148.8
3347,1770,24,5,33.34,166.7
3348,1771,3,5,762.92,3814.6
3349,1771,77,2,149.55,299.1
3350,1772,9,1,4886.22,4886.22
3351,1772,61,4,1408.26,5633.04
3352,1773,25,3,383.92,1151.76
3353,1774,45,4,344.12,1376.48
3354,1774,52,4,204.26,817.04
3355,1775,10,5,236.68,1183.4
3356,1775,14,4,506.49,2025.96
3357,1775,59,1,309.22,309.22
3358,1775,45,1,344.12,344.12
3359,1775,12,5,3234.73,16173.65
3360,1776,53,4,477.39,1909.56
3361,1776,12,4,3234.73,12938.92
3362,1777,69,5,852.39,4261.95
3363,1778,21,2,139.98,279.96
3364,1779,60,1,342.84,342.84
3365,1780,42,1,80.53,80.53
3366,1780,39,3,130.63,391.89
3367,1781,64,3,66.81,200.43
3368,1781,26,5,184.74,923.7
3369,1781,39,2,130.63,261.26
3370,1782,49,3,804.66,2413.98
3371,1783,29,5,56.79,283.95
3372,1784,55,3,537.2,1611.6
3373,1785,67,4,62.15,248.6
3374,1786,74,5,102.75,513.75
3375,1786,10,3,236.68,710.04
3376,1787,50,2,138.67,277.34
3377,1788,68,5,19.08,95.4
3378,1788,36,5,142.92,714.6
3379,1788,11,5,28.03,140.15
3380,1788,38,2,313.65,627.3
3381,1788,45,3,344.12,1032.36
3382,1789,12,4,3234.73,12938.92
3383,1790,27,1,146.85,146.85
3384,1790,77,4,149.55,598.2
3385,1791,50,4,138.67,554.68
3386,1791,59,3,309.22,927.66
3387,1791,9,5,4886.22,24431.1
3388,1791,4,1,200.21,200.21
3389,1792,30,3,1115.17,3345.51
3390,1793,14,3,506.49,1519.47
3391,1793,48,4,265.86,1063.44
3392,1794,56,4,117.4,469.6
3393,1795,30,2,1115.17,2230.34
3394,1795,76,1,9.81,9.81
3395,1796,45,2,344.12,688.24
3396,1796,32,1,112.33,112.33
3397,1796,53,2,477.39,954.78
3398,1797,47,3,145.99,437.97
3399,1797,14,2,506.49,1012.98
3400,1797,34,2,150.04,300.08
3401,1798,74,4,102.75,411.0
3402,1798,8,2,180.66,361.32
3403,1798,64,4,66.81,267.24
3404,1798,22,4,73.8,295.2
3405,1799,64,5,66.81,334.05
3406,1800,76,2,9.81,19.62
3407,1800,51,3,3965.72,11897.16
3408,1800,15,3,559.13,1677.39
3409,1801,11,3,28.03,84.09
3410,1802,20,1,65.78,65.78
3411,1802,80,2,113.53,227.06
3412,1802,69,3,852.39,2557.17
3413,1803,30,5,1115.17,5575.85
3414,1804,12,3,3234.73,9704.19
3415,1805,40,2,875.77,1751.54
3416,1806,60,5,342.84,1714.2
3417,1807,45,2,344.12,688.24
3418,1807,17,1,288.0,288.0
3419,1808,52,5,204.26,1021.3
3420,1808,79,4,66.15,264.6
3421,1809,26,1,184.74,184.74
3422,1810,72,2,215.38,430.76
3423,1810,63,5,181.06,905.3
3424,1811,38,2,313.65,627.3
3425,1811,58,4,580.12,2320.48
3426,1811,56,4,117.4,469.6
3427,1812,80,1,113.53,113.53
3428,1812,13,1,195.9,195.9
3429,1813,54,5,100.69,503.45
3430,1813,46,3,113.28,339.84
3431,1813,57,2,309.44,618.88
3432,1814,78,4,2851.02,11404.08
3433,1815,20,4,65.78,263.12
3434,1815,67,2,62.15,124.3
3435,1816,69,5,852.39,4261.95
3436,1817,67,4,62.15,248.6
3437,1818,2,2,159.24,318.48
3438,1818,37,1,368.6,368.6
3439,1818,22,1,73.8,73.8
3440,1818,20,2,65.78,131.56
3441,1819,79,3,66.15,198.45
3442,1819,42,2,80.53,161.06
3443,1820,12,3,3234.73,9704.19
3444,1821,36,1,142.92,142.92
3445,1821,27,3,146.85,440.55
3446,1822,11,4,28.03,112.12
3447,1822,44,4,18.97,75.88
3448,1823,71,1,1883.43,1883.43
3449,1823,50,5,138.67,693.35
3450,1823,33,4,119.54,478.16
3451,1823,77,1,149.55,149.55
3452,1823,24,5,33.34,166.7
3453,1824,39,4,130.63,522.52
3454,1824,30,1,1115.17,1115.17
3455,1825,31,5,180.39,901.95
3456,1826,48,4,265.86,1063.44
3457,1827,26,4,184.74,738.96
3458,1828,39,1,130.63,130.63
3459,1829,74,4,102.75,411.0
3460,1829,71,5,1883.43,9417.15
3461,1830,63,2,181.06,362.12
3462,1830,62,3,269.1,807.3
3463,1830,26,3,184.74,554.22
3464,1831,80,5,113.53,567.65
3465,1832,27,2,146.85,293.7
3466,1832,68,2,19.08,38.16
3467,1833,75,3,107.38,322.14
3468,1833,45,2,344.12,688.24
3469,1833,71,4,1883.43,7533.72
3470,1833,77,3,149.55,448.65
3471,1834,42,4,80.53,322.12
3472,1835,50,2,138.67,277.34
3473,1835,49,2,804.66,1609.32
3474,1836,78,5,2851.02,14255.1
3475,1836,1,1,212.07,212.07
3476,1836,30,3,1115.17,3345.51
3477,1837,57,5,309.44,1547.2
3478,1838,56,4,117.4,469.6
3479,1838,70,1,150.13,150.13
3480,1839,70,3,150.13,450.39
3481,1840,10,2,236.68,473.36
3482,1840,15,4,559.13,2236.52
3483,1841,56,1,117.4,117.4
3484,1842,78,5,2851.02,14255.1
3485,1843,22,3,73.8,221.4
3486,1844,39,1,130.63,130.63
3487,1845,9,4,4886.22,19544.88
3488,1846,2,2,159.24,318.48
3489,1846,78,4,2851.02,11404.08
3490,1847,8,5,180.66,903.3
3491,1848,28,4,572.84,2291.36
3492,1849,22,5,73.8,369.0
3493,1850,1,3,212.07,636.21
3494,1850,10,4,236.68,946.72
3495,1851,9,5,4886.22,24431.1
3496,1851,73,4,381.37,1525.48
3497,1851,45,5,344.12,1720.6
3498,1851,38,2,313.65,627.3
3499,1852,36,3,142.92,428.76
3500,1853,74,2,102.75,205.5
3501,1853,52,3,204.26,612.78
3502,1854,30,1,1115.17,1115.17
3503,1854,40,5,875.77,4378.85
3504,1855,31,3,180.39,541.17
3505,1856,44,4,18.97,75.88
3506,1856,26,5,184.74,923.7
3507,1857,14,3,506.49,1519.47
3508,1858,28,5,572.84,2864.2
3509,1859,35,4,106.43,425.72
3510,1859,50,3,138.67,416.01
3511,1859,6,2,45.27,90.54
3512,1859,76,2,9.81,19.62
3513,1860,64,2,66.81,133.62
3514,1861,49,4,804.66,3218.64
3515,1862,10,4,236.68,946.72
3516,1862,20,4,65.78,263.12
3517,1863,57,5,309.44,1547.2
3518,1864,61,4,1408.26,5633.04
3519,1865,15,3,559.13,1677.39
3520,1865,55,5,537.2,2686.0
3521,1866,60,4,342.84,1371.36
3522,1866,41,2,175.34,350.68
3523,1866,1,3,212.07,636.21
3524,1866,66,1,605.81,605.81
3525,1867,41,1,175.34,175.34
3526,1868,46,2,113.28,226.56
3527,1868,15,1,559.13,559.13
3528,1869,35,1,106.43,106.43
3529,1869,15,1,559.13,559.13
3530,1870,71,4,1883.43,7533.72
3531,1871,35,3,106.43,319.29
3532,1871,67,1,62.15,62.15
3533,1871,64,5,66.81,334.05
3534,1872,30,3,1115.17,3345.51
3535,1873,67,2,62.15,124.3
3536,1874,80,1,113.53,113.53
3537,1874,71,4,1883.43,7533.72
3538,1875,57,2,309.44,618.88
3539,1875,39,1,130.63,130.63
3540,1875,73,2,381.37,762.74
3541,1875,33,2,119.54,239.08
3542,1876,2,4,159.24,636.96
3543,1877,80,2,113.53,227.06
3544,1877,25,4,383.92,1535.68
3545,1877,35,5,106.43,532.15
3546,1878,63,2,181.06,362.12
3547,1878,22,1,73.8,73.8
3548,1879,41,1,175.34,175.34
3549,1880,12,1,3234.73,3234.73
3550,1881,46,5,113.28,566.4
3551,1881,61,5,1408.26,7041.3
3552,1882,51,1,3965.72,3965.72
3553,1882,6,5,45.27,226.35
3554,1883,63,1,181.06,181.06
3555,1884,47,3,145.99,437.97
3556,1884,4,5,200.21,1001.05
3557,1885,71,2,1883.43,3766.86
3558,1885,15,5,559.13,2795.65
3559,1885,58,2,580.12,1160.24
3560,1885,39,3,130.63,391.89
3561,1886,11,3,28.03,84.09
3562,1886,70,1,150.13,150.13
3563,1887,37,5,368.6,1843.0
3564,1888,38,5,313.65,1568.25
3565,1888,23,1,419.81,419.81
3566,1888,73,5,381.37,1906.85
3567,1889,40,1,875.77,875.77
3568,1889,5,3,169.65,508.95
3569,1890,73,4,381.37,1525.48
3570,1890,79,4,66.15,264.6
3571,1891,11,2,28.03,56.06
3572,1892,36,4,142.92,571.68
3573,1892,20,2,65.78,131.56
3574,1892,65,5,43.77,218.85
3575,1893,41,1,175.34,175.34
3576,1893,30,5,1115.17,5575.85
3577,1893,50,1,138.67,138.67
3578,1893,77,2,149.55,299.1
3579,1894,11,4,28.03,112.12
3580,1894,45,5,344.12,1720.6
3581,1894,37,1,368.6,368.6
3582,1894,39,3,130.63,391.89
3583,1894,67,5,62.15,310.75
3584,1895,21,4,139.98,559.92
3585,1896,46,3,113.28,339.84
3586,1896,26,4,184.74,738.96
3587,1896,19,1,77.01,77.01
3588,1897,35,2,106.43,212.86
3589,1897,30,1,1115.17,1115.17
3590,1897,67,1,62.15,62.15
3591,1898,48,3,265.86,797.58
3592,1899,10,2,236.68,473.36
3593,1899,40,2,875.77,1751.54
3594,1900,52,5,204.26,1021.3
3595,1901,46,2,113.28,226.56
3596,1902,14,5,506.49,2532.45
3597,1902,58,5,580.12,2900.6
3598,1903,79,2,66.15,132.3
3599,1904,70,5,150.13,750.65
3600,1905,71,3,1883.43,5650.29
3601,1905,19,2,77.01,154.02
3602,1905,34,4,150.04,600.16
3603,1905,66,5,605.81,3029.05
3604,1905,57,2,309.44,618.88
3605,1906,22,4,73.8,295.2
3606,1906,64,3,66.81,200.43
3607,1907,38,1,313.65,313.65
3608,1907,76,4,9.81,39.24
3609,1908,38,4,313.65,1254.6
3610,1908,50,4,138.67,554.68
3611,1908,77,1,149.55,149.55
3612,1909,58,4,580.12,2320.48
3613,1909,49,4,804.66,3218.64
3614,1910,22,2,73.8,147.6
3615,1910,51,5,3965.72,19828.6
3616,1910,40,5,875.77,4378.85
3617,1911,48,2,265.86,531.72
3618,1911,9,4,4886.22,19544.88
3619,1911,71,2,1883.43,3766.86
3620,1912,66,5,605.81,3029.05
3621,1913,66,3,605.81,1817.43
3622,1913,58,1,580.12,580.12
3623,1913,78,1,2851.02,2851.02
3624,1913,19,4,77.01,308.04
3625,1914,52,2,204.26,408.52
3626,1914,76,4,9.81,39.24
3627,1914,69,4,852.39,3409.56
3628,1915,42,2,80.53,161.06
3629,1916,79,4,66.15,264.6
3630,1917,64,5,66.81,334.05
3631,1918,36,5,142.92,714.6
3632,1918,21,1,139.98,139.98
3633,1918,68,5,19.08,95.4
3634,1919,56,2,117.4,234.8
3635,1919,61,4,1408.26,5633.04
3636,1920,42,1,80.53,80.53
3637,1920,39,4,130.63,522.52
3638,1921,80,3,113.53,340.59
3639,1921,12,2,3234.73,6469.46
3640,1921,78,2,2851.02,5702.04
3641,1921,52,5,204.26,1021.3
3642,1921,37,5,368.6,1843.0
3643,1922,27,5,146.85,734.25
3644,1922,33,5,119.54,597.7
3645,1923,56,3,117.4,352.2
3646,1924,72,2,215.38,430.76
3647,1924,30,3,1115.17,3345.51
3648,1925,5,1,169.65,169.65
3649,1925,55,2,537.2,1074.4
3650,1926,55,5,537.2,2686.0
3651,1927,14,4,506.49,2025.96
3652,1927,11,2,28.03,56.06
3653,1928,24,5,33.34,166.7
3654,1929,22,4,73.8,295.2
3655,1929,51,3,3965.72,11897.16
3656,1929,76,1,9.81,9.81
3657,1930,27,2,146.85,293.7
3658,1930,73,5,381.37,1906.85
3659,1931,35,5,106.43,532.15
3660,1932,51,1,3965.72,3965.72
3661,1933,79,3,66.15,198.45
3662,1933,45,1,344.12,344.12
3663,1933,1,4,212.07,848.28
3664,1933,9,1,4886.22,4886.22
3665,1934,5,4,169.65,678.6
3666,1934,13,3,195.9,587.7
3667,1934,32,4,112.33,449.32
3668,1935,63,2,181.06,362.12
3669,1935,52,5,204.26,1021.3
3670,1936,59,2,309.22,618.44
3671,1937,61,3,1408.26,4224.78
3672,1937,73,4,381.37,1525.48
3673,1938,61,1,1408.26,1408.26
3674,1939,65,4,43.77,175.08
3675,1939,29,1,56.79,56.79
3676,1940,69,3,852.39,2557.17
3677,1940,75,5,107.38,536.9
3678,1941,27,1,146.85,146.85
3679,1942,64,3,66.81,200.43
3680,1942,27,1,146.85,146.85
3681,1942,54,1,100.69,100.69
3682,1943,61,2,1408.26,2816.52
3683,1943,7,3,2939.07,8817.21
3684,1944,41,2,175.34,350.68
3685,1945,57,4,309.44,1237.76
3686,1945,77,5,149.55,747.75
3687,1946,36,4,142.92,571.68
3688,1946,58,3,580.12,1740.36
3689,1946,18,4,146.84,587.36
3690,1947,73,2,381.37,762.74
3691,1947,69,1,852.39,852.39
3692,1947,72,2,215.38,430.76
3693,1947,24,5,33.34,166.7
3694,1947,22,2,73.8,147.6
3695,1948,35,1,106.43,106.43
3696,1949,69,2,852.39,1704.78
3697,1949,47,3,145.99,437.97
3698,1950,16,1,413.4,413.4
3699,1950,45,5,344.12,1720.6
3700,1951,29,1,56.79,56.79
3701,1952,76,2,9.81,19.62
3702,1952,64,5,66.81,334.05
3703,1953,19,1,77.01,77.01
3704,1953,20,4,65.78,263.12
3705,1953,26,5,184.74,923.7
3706,1954,65,2,43.77,87.54
3707,1955,23,2,419.81,839.62
3708,1956,50,2,138.67,277.34
3709,1957,3,5,762.92,3814.6
3710,1957,31,1,180.39,180.39
3711,1957,55,4,537.2,2148.8
3712,1958,40,1,875.77,875.77
3713,1959,4,4,200.21,800.84
3714,1960,33,1,119.54,119.54
3715,1960,24,2,33.34,66.68
3716,1961,16,2,413.4,826.8
3717,1961,20,4,65.78,263.12
3718,1961,77,4,149.55,598.2
3719,1962,10,5,236.68,1183.4
3720,1963,19,2,77.01,154.02
3721,1963,68,4,19.08,76.32
3722,1964,51,3,3965.72,11897.16
3723,1964,11,1,28.03,28.03
3724,1964,48,3,265.86,797.58
3725,1964,45,4,344.12,1376.48
3726,1965,40,1,875.77,875.77
3727,1965,14,3,506.49,1519.47
3728,1965,73,3,381.37,1144.11
3729,1966,75,5,107.38,536.9
3730,1967,50,4,138.67,554.68
3731,1968,3,4,762.92,3051.68
3732,1968,52,3,204.26,612.78
3733,1969,59,4,309.22,1236.88
3734,1970,51,4,3965.72,15862.88
3735,1970,54,2,100.69,201.38
3736,1971,74,3,102.75,308.25
3737,1972,70,3,150.13,450.39
3738,1973,57,3,309.44,928.32
3739,1974,64,3,66.81,200.43
3740,1974,43,4,240.77,963.08
3741,1975,55,5,537.2,2686.0
3742,1975,68,5,19.08,95.4
3743,1976,80,4,113.53,454.12
3744,1976,77,3,149.55,448.65
3745,1977,22,5,73.8,369.0
3746,1977,28,2,572.84,1145.68
3747,1977,26,3,184.74,554.22
3748,1977,24,5,33.34,166.7
3749,1978,62,3,269.1,807.3
3750,1979,16,2,413.4,826.8
3751,1979,67,3,62.15,186.45
3752,1980,12,4,3234.73,12938.92
3753,1980,44,2,18.97,37.94
3754,1981,54,4,100.69,402.76
3755,1981,74,2,102.75,205.5
3756,1981,5,4,169.65,678.6
3757,1982,50,3,138.67,416.01
3758,1982,8,5,180.66,903.3
3759,1982,27,3,146.85,440.55
3760,1982,20,2,65.78,131.56
3761,1982,26,2,184.74,369.48
3762,1983,5,4,169.65,678.6
3763,1984,19,5,77.01,385.05
3764,1984,21,4,139.98,559.92
3765,1985,9,5,4886.22,24431.1
3766,1986,18,3,146.84,440.52
3767,1986,23,2,419.81,839.62
3768,1986,14,2,506.49,1012.98
3769,1986,49,4,804.66,3218.64
3770,1987,14,5,506.49,2532.45
3771,1987,78,5,2851.02,14255.1
3772,1987,16,2,413.4,826.8
3773,1988,22,3,73.8,221.4
3774,1988,66,3,605.81,1817.43
3775,1989,22,4,73.8,295.2
3776,1990,76,3,9.81,29.43
3777,1990,21,5,139.98,699.9
3778,1990,14,1,506.49,506.49
3779,1990,79,3,66.15,198.45
3780,1990,51,1,3965.72,3965.72
3781,1991,42,3,80.53,241.59
3782,1991,28,3,572.84,1718.52
3783,1991,22,1,73.8,73.8
3784,1992,55,1,537.2,537.2
3785,1993,76,5,9.81,49.05
3786,1993,23,3,419.81,1259.43
3787,1994,64,2,66.81,133.62
3788,1995,80,1,113.53,113.53
3789,1995,12,1,3234.73,3234.73
3790,1996,32,3,112.33,336.99
3791,1996,17,2,288.0,576.0
3792,1997,27,5,146.85,734.25
3793,1997,45,2,344.12,688.24
3794,1997,36,5,142.92,714.6
3795,1997,22,1,73.8,73.8
3796,1998,20,4,65.78,263.12
3797,1998,57,2,309.44,618.88
3798,1999,54,4,100.69,402.76
3799,1999,4,2,200.21,400.42
3800,1999,79,5,66.15,330.75
3801,1999,2,3,159.24,477.72
3802,2000,19,3,77.01,231.03
3803,2001,3,1,762.92,762.92
3804,2001,65,2,43.77,87.54
3805,2002,50,1,138.67,138.67
3806,2002,75,1,107.38,107.38
3807,2003,36,3,142.92,428.76
3808,2004,35,3,106.43,319.29
3809,2004,9,1,4886.22,4886.22
3810,2005,21,2,139.98,279.96
3811,2006,69,1,852.39,852.39
3812,2006,79,3,66.15,198.45
3813,2007,39,1,130.63,130.63
3814,2007,67,2,62.15,124.3
3815,2007,44,5,18.97,94.85
3816,2007,45,1,344.12,344.12
3817,2007,62,3,269.1,807.3
3818,2008,16,2,413.4,826.8
3819,2009,24,2,33.34,66.68
3820,2009,64,4,66.81,267.24
3821,2009,68,5,19.08,95.4
3822,2010,80,2,113.53,227.06
3823,2011,16,4,413.4,1653.6
3824,2011,52,5,204.26,1021.3
3825,2011,15,3,559.13,1677.39
3826,2012,2,1,159.24,159.24
3827,2013,10,2,236.68,473.36
3828,2014,48,5,265.86,1329.3
3829,2014,79,1,66.15,66.15
3830,2015,72,2,215.38,430.76
3831,2016,12,2,3234.73,6469.46
3832,2017,65,3,43.77,131.31
3833,2017,1,2,212.07,424.14
3834,2017,50,5,138.67,693.35
3835,2018,40,4,875.77,3503.08
3836,2019,70,3,150.13,450.39
3837,2019,51,1,3965.72,3965.72
3838,2019,2,1,159.24,159.24
3839,2019,60,5,342.84,1714.2
3840,2020,44,2,18.97,37.94
3841,2021,8,5,180.66,903.3
3842,2021,37,3,368.6,1105.8
3843,2022,62,3,269.1,807.3
3844,2023,60,3,342.84,1028.52
3845,2023,29,4,56.79,227.16
3846,2023,22,1,73.8,73.8
3847,2023,78,5,2851.02,14255.1
3848,2024,31,1,180.39,180.39
3849,2024,34,5,150.04,750.2
3850,2024,58,2,580.12,1160.24
3851,2025,55,1,537.2,537.2
3852,2026,41,3,175.34,526.02
3853,2026,36,3,142.92,428.76
3854,2027,12,3,3234.73,9704.19
3855,2027,54,2,100.69,201.38
3856,2027,45,4,344.12,1376.48
3857,2028,74,4,102.75,411.0
3858,2028,71,2,1883.43,3766.86
3859,2029,23,5,419.81,2099.05
3860,2029,16,1,413.4,413.4
3861,2030,68,2,19.08,38.16
3862,2031,12,3,3234.73,9704.19
3863,2032,66,2,605.81,1211.62
3864,2033,16,3,413.4,1240.2
3865,2033,53,4,477.39,1909.56
3866,2033,59,3,309.22,927.66
3867,2034,12,2,3234.73,6469.46
3868,2034,50,4,138.67,554.68
3869,2034,28,3,572.84,1718.52
3870,2034,43,1,240.77,240.77
3871,2035,45,4,344.12,1376.48
3872,2036,6,3,45.27,135.81
3873,2037,62,5,269.1,1345.5
3874,2037,69,4,852.39,3409.56
3875,2038,69,1,852.39,852.39
3876,2039,56,1,117.4,117.4
3877,2039,31,4,180.39,721.56
3878,2040,34,1,150.04,150.04
3879,2040,31,5,180.39,901.95
3880,2041,13,2,195.9,391.8
3881,2041,57,1,309.44,309.44
3882,2041,4,2,200.21,400.42
3883,2042,65,5,43.77,218.85
3884,2042,19,3,77.01,231.03
3885,2042,22,1,73.8,73.8
3886,2042,32,4,112.33,449.32
3887,2043,35,1,106.43,106.43
3888,2043,17,3,288.0,864.0
3889,2044,72,3,215.38,646.14
3890,2045,31,5,180.39,901.95
3891,2045,78,5,2851.02,14255.1
3892,2046,62,2,269.1,538.2
3893,2047,30,4,1115.17,4460.68
3894,2047,29,4,56.79,227.16
3895,2047,66,2,605.81,1211.62
3896,2047,39,1,130.63,130.63
3897,2048,35,2,106.43,212.86
3898,2048,18,3,146.84,440.52
3899,2048,34,2,150.04,300.08
3900,2048,66,5,605.81,3029.05
3901,2049,23,5,419.81,2099.05
3902,2049,38,1,313.65,313.65
3903,2049,1,3,212.07,636.21
3904,2049,72,5,215.38,1076.9
3905,2050,30,1,1115.17,1115.17
3906,2051,4,2,200.21,400.42
3907,2051,39,1,130.63,130.63
3908,2052,12,5,3234.73,16173.65
3909,2053,33,4,119.54,478.16
3910,2053,14,3,506.49,1519.47
3911,2053,67,3,62.15,186.45
3912,2054,69,2,852.39,1704.78
3913,2055,54,2,100.69,201.38
3914,2055,21,1,139.98,139.98
3915,2056,17,2,288.0,576.0
3916,2057,14,3,506.49,1519.47
3917,2057,29,4,56.79,227.16
3918,2058,72,2,215.38,430.76
3919,2059,62,1,269.1,269.1
3920,2059,53,1,477.39,477.39
3921,2060,69,3,852.39,2557.17
3922,2060,16,5,413.4,2067.0
3923,2061,45,3,344.12,1032.36
3924,2062,48,2,265.86,531.72
3925,2062,50,1,138.67,138.67
3926,2063,1,2,212.07,424.14
3927,2063,38,3,313.65,940.95
3928,2064,80,5,113.53,567.65
3929,2065,4,1,200.21,200.21
3930,2066,21,2,139.98,279.96
3931,2066,76,5,9.81,49.05
3932,2066,23,4,419.81,1679.24
3933,2067,66,1,605.81,605.81
3934,2067,54,3,100.69,302.07
3935,2068,55,2,537.2,1074.4
3936,2069,44,1,18.97,18.97
3937,2069,39,4,130.63,522.52
3938,2070,37,4,368.6,1474.4
3939,2070,49,3,804.66,2413.98
3940,2071,57,4,309.44,1237.76
3941,2071,47,2,145.99,291.98
3942,2071,62,2,269.1,538.2
3943,2072,26,4,184.74,738.96
3944,2072,27,2,146.85,293.7
3945,2073,20,1,65.78,65.78
3946,2073,21,1,139.98,139.98
3947,2074,68,4,19.08,76.32
3948,2074,76,2,9.81,19.62
3949,2075,52,2,204.26,408.52
3950,2075,20,2,65.78,131.56
3951,2075,37,1,368.6,368.6
3952,2076,20,2,65.78,131.56
3953,2076,21,4,139.98,559.92
3954,2077,63,1,181.06,181.06
3955,2077,2,3,159.24,477.72
3956,2078,76,4,9.81,39.24
3957,2079,19,4,77.01,308.04
3958,2080,9,1,4886.22,4886.22
3959,2081,49,5,804.66,4023.3
3960,2082,75,4,107.38,429.52
3961,2082,26,4,184.74,738.96
3962,2083,38,3,313.65,940.95
3963,2084,16,5,413.4,2067.0
3964,2085,79,1,66.15,66.15
3965,2085,1,3,212.07,636.21
3966,2086,38,1,313.65,313.65
3967,2086,31,3,180.39,541.17
3968,2086,61,3,1408.26,4224.78
3969,2087,68,1,19.08,19.08
3970,2088,41,2,175.34,350.68
3971,2088,38,1,313.65,313.65
3972,2088,49,2,804.66,1609.32
3973,2089,12,4,3234.73,12938.92
3974,2089,36,5,142.92,714.6
3975,2089,46,2,113.28,226.56
3976,2090,60,5,342.84,1714.2
3977,2090,18,5,146.84,734.2
3978,2091,66,2,605.81,1211.62
3979,2092,39,3,130.63,391.89
3980,2092,24,3,33.34,100.02
3981,2093,46,2,113.28,226.56
3982,2093,49,5,804.66,4023.3
3983,2093,35,3,106.43,319.29
3984,2094,49,4,804.66,3218.64
3985,2094,74,4,102.75,411.0
3986,2095,60,1,342.84,342.84
3987,2096,51,5,3965.72,19828.6
3988,2097,18,2,146.84,293.68
3989,2097,55,3,537.2,1611.6
3990,2097,74,4,102.75,411.0
3991,2098,15,4,559.13,2236.52
3992,2098,37,3,368.6,1105.8
3993,2099,3,1,762.92,762.92
3994,2100,2,2,159.24,318.48
3995,2100,14,2,506.49,1012.98
3996,2101,77,5,149.55,747.75
3997,2101,32,5,112.33,561.65
3998,2101,2,1,159.24,159.24
3999,2102,42,2,80.53,161.06
4000,2103,9,2,4886.22,9772.44
4001,2103,71,4,1883.43,7533.72
4002,2103,65,2,43.77,87.54
4003,2104,72,3,215.38,646.14
4004,2105,65,2,43.77,87.54
4005,2106,63,1,181.06,181.06
4006,2107,17,3,288.0,864.0
4007,2108,30,1,1115.17,1115.17
4008,2109,12,5,3234.73,16173.65
4009,2110,16,2,413.4,826.8
4010,2110,21,3,139.98,419.94
4011,2111,25,2,383.92,767.84
4012,2111,5,1,169.65,169.65
4013,2111,30,5,1115.17,5575.85
4014,2112,77,1,149.55,149.55
4015,2112,80,4,113.53,454.12
4016,2113,54,4,100.69,402.76
4017,2113,20,2,65.78,131.56
4018,2114,2,1,159.24,159.24
4019,2115,73,5,381.37,1906.85
4020,2116,79,1,66.15,66.15
4021,2116,29,4,56.79,227.16
4022,2117,27,4,146.85,587.4
4023,2117,62,5,269.1,1345.5
4024,2117,26,1,184.74,184.74
4025,2117,44,4,18.97,75.88
4026,2117,72,5,215.38,1076.9
4027,2118,21,3,139.98,419.94
4028,2118,36,4,142.92,571.68
4029,2119,52,2,204.26,408.52
4030,2120,42,1,80.53,80.53
4031,2121,62,1,269.1,269.1
4032,2122,73,1,381.37,381.37
4033,2123,47,4,145.99,583.96
4034,2123,33,1,119.54,119.54
4035,2123,49,4,804.66,3218.64
4036,2124,71,2,1883.43,3766.86
4037,2125,42,3,80.53,241.59
4038,2126,46,1,113.28,113.28
4039,2126,1,5,212.07,1060.35
4040,2126,42,5,80.53,402.65
4041,2127,49,2,804.66,1609.32
4042,2128,64,1,66.81,66.81
4043,2129,9,1,4886.22,4886.22
4044,2129,16,1,413.4,413.4
4045,2130,68,5,19.08,95.4
4046,2130,23,1,419.81,419.81
4047,2130,65,5,43.77,218.85
4048,2131,62,3,269.1,807.3
4049,2132,31,3,180.39,541.17
4050,2133,46,4,113.28,453.12
4051,2134,66,4,605.81,2423.24
4052,2135,10,4,236.68,946.72
4053,2136,46,5,113.28,566.4
4054,2136,72,2,215.38,430.76
4055,2136,15,4,559.13,2236.52
4056,2137,42,1,80.53,80.53
4057,2138,77,4,149.55,598.2
4058,2139,43,1,240.77,240.77
4059,2139,46,5,113.28,566.4
4060,2140,80,2,113.53,227.06
4061,2140,70,4,150.13,600.52
4062,2141,9,3,4886.22,14658.66
4063,2142,40,2,875.77,1751.54
4064,2143,26,4,184.74,738.96
4065,2143,11,4,28.03,112.12
4066,2144,7,1,2939.07,2939.07
4067,2144,34,3,150.04,450.12
4068,2145,24,2,33.34,66.68
4069,2146,14,2,506.49,1012.98
4070,2146,73,5,381.37,1906.85
4071,2147,44,5,18.97,94.85
4072,2147,28,4,572.84,2291.36
4073,2147,65,3,43.77,131.31
4074,2148,9,1,4886.22,4886.22
4075,2148,67,2,62.15,124.3
4076,2148,46,2,113.28,226.56
4077,2149,63,3,181.06,543.18
4078,2150,7,1,2939.07,2939.07
4079,2150,4,3,200.21,600.63
4080,2151,80,4,113.53,454.12
4081,2152,36,2,142.92,285.84
4082,2152,42,4,80.53,322.12
4083,2152,24,4,33.34,133.36
4084,2153,17,2,288.0,576.0
4085,2154,37,1,368.6,368.6
4086,2155,74,4,102.75,411.0
4087,2156,69,1,852.39,852.39
4088,2157,71,2,1883.43,3766.86
4089,2157,43,1,240.77,240.77
4090,2158,50,3,138.67,416.01
4091,2159,33,1,119.54,119.54
4092,2159,14,5,506.49,2532.45
4093,2160,69,5,852.39,4261.95
4094,2161,25,2,383.92,767.84
4095,2161,79,4,66.15,264.6
4096,2162,7,1,2939.07,2939.07
4097,2163,1,4,212.07,848.28
4098,2163,45,3,344.12,1032.36
4099,2163,24,4,33.34,133.36
4100,2164,9,5,4886.22,24431.1
4101,2164,27,4,146.85,587.4
4102,2165,73,4,381.37,1525.48
4103,2165,62,1,269.1,269.1
4104,2166,5,5,169.65,848.25
4105,2167,50,2,138.67,277.34
4106,2167,56,1,117.4,117.4
4107,2168,20,5,65.78,328.9
4108,2169,27,5,146.85,734.25
4109,2170,22,2,73.8,147.6
4110,2170,53,4,477.39,1909.56
4111,2170,57,2,309.44,618.88
4112,2170,65,1,43.77,43.77
4113,2171,65,5,43.77,218.85
4114,2171,8,2,180.66,361.32
4115,2171,52,2,204.26,408.52
4116,2172,47,5,145.99,729.95
4117,2172,51,1,3965.72,3965.72
4118,2172,30,2,1115.17,2230.34
4119,2173,42,1,80.53,80.53
4120,2173,10,4,236.68,946.72
4121,2174,41,2,175.34,350.68
4122,2175,56,1,117.4,117.4
4123,2176,74,1,102.75,102.75
4124,2176,13,4,195.9,783.6
4125,2176,39,2,130.63,261.26
4126,2176,23,5,419.81,2099.05
4127,2177,33,5,119.54,597.7
4128,2178,28,2,572.84,1145.68
4129,2178,60,5,342.84,1714.2
4130,2179,2,4,159.24,636.96
4131,2180,8,2,180.66,361.32
4132,2181,17,5,288.0,1440.0
4133,2182,43,5,240.77,1203.85
4134,2183,4,4,200.21,800.84
4135,2183,32,1,112.33,112.33
4136,2183,67,4,62.15,248.6
4137,2184,41,4,175.34,701.36
4138,2185,7,5,2939.07,14695.35
4139,2185,56,3,117.4,352.2
4140,2186,46,4,113.28,453.12
4141,2186,34,3,150.04,450.12
4142,2186,70,5,150.13,750.65
4143,2187,2,5,159.24,796.2
4144,2187,35,5,106.43,532.15
4145,2188,47,2,145.99,291.98
4146,2189,12,2,3234.73,6469.46
4147,2189,44,1,18.97,18.97
4148,2189,39,4,130.63,522.52
4149,2189,49,1,804.66,804.66
4150,2190,22,5,73.8,369.0
4151,2191,35,3,106.43,319.29
4152,2191,73,4,381.37,1525.48
4153,2191,70,3,150.13,450.39
4154,2192,31,1,180.39,180.39
4155,2192,46,5,113.28,566.4
4156,2193,45,1,344.12,344.12
4157,2193,47,1,145.99,145.99
4158,2194,36,4,142.92,571.68
4159,2195,49,3,804.66,2413.98
4160,2196,5,2,169.65,339.3
4161,2197,32,4,112.33,449.32
4162,2198,6,1,45.27,45.27
4163,2199,22,4,73.8,295.2
4164,2200,42,3,80.53,241.59
4165,2200,19,3,77.01,231.03
4166,2200,41,4,175.34,701.36
4167,2200,29,2,56.79,113.58
4168,2200,24,4,33.34,133.36
4169,2201,29,5,56.79,283.95
4170,2202,45,4,344.12,1376.48
4171,2203,21,5,139.98,699.9
4172,2204,14,1,506.49,506.49
4173,2204,7,5,2939.07,14695.35
4174,2205,38,2,313.65,627.3
4175,2205,23,5,419.81,2099.05
4176,2205,6,5,45.27,226.35
4177,2206,1,5,212.07,1060.35
4178,2206,76,1,9.81,9.81
4179,2207,47,2,145.99,291.98
4180,2208,60,1,342.84,342.84
4181,2208,27,2,146.85,293.7
4182,2209,23,1,419.81,419.81
4183,2209,61,4,1408.26,5633.04
4184,2210,11,4,28.03,112.12
4185,2211,79,2,66.15,132.3
4186,2212,27,2,146.85,293.7
4187,2213,15,2,559.13,1118.26
4188,2213,34,4,150.04,600.16
4189,2213,50,1,138.67,138.67
4190,2214,22,2,73.8,147.6
4191,2214,74,1,102.75,102.75
4192,2214,69,4,852.39,3409.56
4193,2215,70,5,150.13,750.65
4194,2215,8,3,180.66,541.98
4195,2216,22,1,73.8,73.8
4196,2217,31,1,180.39,180.39
4197,2217,21,3,139.98,419.94
4198,2217,36,5,142.92,714.6
4199,2218,22,2,73.8,147.6
4200,2218,71,4,1883.43,7533.72
4201,2218,57,2,309.44,618.88
4202,2219,43,3,240.77,722.31
4203,2219,42,3,80.53,241.59
4204,2220,68,3,19.08,57.24
4205,2220,2,5,159.24,796.2
4206,2221,43,4,240.77,963.08
4207,2222,41,2,175.34,350.68
4208,2222,52,5,204.26,1021.3
4209,2222,19,5,77.01,385.05
4210,2222,43,5,240.77,1203.85
4211,2223,59,1,309.22,309.22
4212,2223,2,2,159.24,318.48
4213,2223,8,4,180.66,722.64
4214,2224,24,2,33.34,66.68
4215,2224,38,5,313.65,1568.25
4216,2224,67,2,62.15,124.3
4217,2225,46,3,113.28,339.84
4218,2226,67,3,62.15,186.45
4219,2226,39,1,130.63,130.63
4220,2226,18,4,146.84,587.36
4221,2227,13,1,195.9,195.9
4222,2227,19,5,77.01,385.05
4223,2227,15,2,559.13,1118.26
4224,2228,57,1,309.44,309.44
4225,2229,49,3,804.66,2413.98
4226,2229,71,4,1883.43,7533.72
4227,2230,73,2,381.37,762.74
4228,2230,46,1,113.28,113.28
4229,2230,3,2,762.92,1525.84
4230,2231,70,4,150.13,600.52
4231,2231,49,1,804.66,804.66
4232,2232,70,5,150.13,750.65
4233,2233,20,5,65.78,328.9
4234,2234,28,3,572.84,1718.52
4235,2234,24,3,33.34,100.02
4236,2235,27,2,146.85,293.7
4237,2236,50,5,138.67,693.35
4238,2236,61,3,1408.26,4224.78
4239,2237,7,1,2939.07,2939.07
4240,2238,76,2,9.81,19.62
4241,2239,33,5,119.54,597.7
4242,2239,13,2,195.9,391.8
4243,2239,39,1,130.63,130.63
4244,2240,49,4,804.66,3218.64
4245,2240,64,5,66.81,334.05
4246,2240,74,4,102.75,411.0
4247,2241,42,3,80.53,241.59
4248,2241,51,5,3965.72,19828.6
4249,2242,78,5,2851.02,14255.1
4250,2243,27,3,146.85,440.55
4251,2244,39,5,130.63,653.15
4252,2245,69,2,852.39,1704.78
4253,2245,17,3,288.0,864.0
4254,2246,1,1,212.07,212.07
4255,2246,63,5,181.06,905.3
4256,2246,57,5,309.44,1547.2
4257,2246,45,5,344.12,1720.6
4258,2247,34,1,150.04,150.04
4259,2247,64,4,66.81,267.24
4260,2247,46,4,113.28,453.12
4261,2248,46,2,113.28,226.56
4262,2248,70,3,150.13,450.39
4263,2249,61,1,1408.26,1408.26
4264,2249,14,4,506.49,2025.96
4265,2250,65,1,43.77,43.77
4266,2251,37,2,368.6,737.2
4267,2252,42,5,80.53,402.65
4268,2253,40,4,875.77,3503.08
4269,2253,6,4,45.27,181.08
4270,2254,28,2,572.84,1145.68
4271,2255,58,2,580.12,1160.24
4272,2256,7,1,2939.07,2939.07
4273,2256,24,2,33.34,66.68
4274,2257,39,2,130.63,261.26
4275,2258,58,3,580.12,1740.36
4276,2258,75,1,107.38,107.38
4277,2259,30,5,1115.17,5575.85
4278,2259,66,2,605.81,1211.62
4279,2260,55,1,537.2,537.2
4280,2260,9,4,4886.22,19544.88
4281,2260,37,2,368.6,737.2
4282,2261,5,2,169.65,339.3
4283,2262,15,3,559.13,1677.39
4284,2263,8,1,180.66,180.66
4285,2263,68,5,19.08,95.4
4286,2263,11,1,28.03,28.03
4287,2263,76,3,9.81,29.43
4288,2264,4,2,200.21,400.42
4289,2265,76,5,9.81,49.05
4290,2266,35,3,106.43,319.29
4291,2266,67,2,62.15,124.3
4292,2266,53,1,477.39,477.39
4293,2267,1,3,212.07,636.21
4294,2268,44,3,18.97,56.91
4295,2269,4,5,200.21,1001.05
4296,2270,77,4,149.55,598.2
4297,2271,29,1,56.79,56.79
4298,2272,78,5,2851.02,14255.1
4299,2273,40,1,875.77,875.77
4300,2274,3,4,762.92,3051.68
4301,2274,35,3,106.43,319.29
4302,2274,39,1,130.63,130.63
4303,2274,42,5,80.53,402.65
4304,2274,18,5,146.84,734.2
4305,2275,27,3,146.85,440.55
4306,2276,55,2,537.2,1074.4
4307,2276,6,5,45.27,226.35
4308,2277,9,1,4886.22,4886.22
4309,2277,18,2,146.84,293.68
4310,2278,28,3,572.84,1718.52
4311,2278,17,3,288.0,864.0
4312,2279,31,2,180.39,360.78
4313,2279,16,3,413.4,1240.2
4314,2279,24,3,33.34,100.02
4315,2280,2,5,159.24,796.2
4316,2280,41,1,175.34,175.34
4317,2280,54,5,100.69,503.45
4318,2280,49,2,804.66,1609.32
4319,2280,50,4,138.67,554.68
4320,2281,9,1,4886.22,4886.22
4321,2281,25,1,383.92,383.92
4322,2281,47,2,145.99,291.98
4323,2282,4,3,200.21,600.63
4324,2283,9,2,4886.22,9772.44
4325,2283,28,5,572.84,2864.2
4326,2284,2,2,159.24,318.48
4327,2284,52,1,204.26,204.26
4328,2285,16,2,413.4,826.8
4329,2285,15,2,559.13,1118.26
4330,2286,77,4,149.55,598.2
4331,2286,33,4,119.54,478.16
4332,2287,52,4,204.26,817.04
4333,2287,40,5,875.77,4378.85
4334,2288,19,2,77.01,154.02
4335,2289,36,2,142.92,285.84
4336,2289,65,2,43.77,87.54
4337,2290,39,1,130.63,130.63
4338,2290,2,5,159.24,796.2
4339,2291,31,1,180.39,180.39
4340,2292,51,5,3965.72,19828.6
4341,2292,79,2,66.15,132.3
4342,2293,60,1,342.84,342.84
4343,2293,12,5,3234.73,16173.65
4344,2294,69,3,852.39,2557.17
4345,2294,56,2,117.4,234.8
4346,2294,48,3,265.86,797.58
4347,2295,65,2,43.77,87.54
4348,2295,30,3,1115.17,3345.51
4349,2296,69,4,852.39,3409.56
4350,2297,51,5,3965.72,19828.6
4351,2297,57,2,309.44,618.88
4352,2298,46,2,113.28,226.56
4353,2299,9,3,4886.22,14658.66
4354,2300,47,5,145.99,729.95
4355,2300,79,5,66.15,330.75
4356,2301,11,2,28.03,56.06
4357,2302,2,4,159.24,636.96
4358,2303,13,5,195.9,979.5
4359,2304,67,5,62.15,310.75
4360,2305,63,1,181.06,181.06
4361,2306,16,3,413.4,1240.2
4362,2306,70,3,150.13,450.39
4363,2307,5,2,169.65,339.3
4364,2308,78,2,2851.02,5702.04
4365,2308,11,4,28.03,112.12
4366,2309,57,2,309.44,618.88
4367,2309,74,5,102.75,513.75
4368,2309,21,3,139.98,419.94
4369,2309,53,3,477.39,1432.17
4370,2310,23,3,419.81,1259.43
4371,2311,64,1,66.81,66.81
4372,2312,61,3,1408.26,4224.78
4373,2312,68,2,19.08,38.16
4374,2313,46,5,113.28,566.4
4375,2313,80,5,113.53,567.65
4376,2313,45,5,344.12,1720.6
4377,2313,71,3,1883.43,5650.29
4378,2313,75,5,107.38,536.9
4379,2314,25,4,383.92,1535.68
4380,2315,68,1,19.08,19.08
4381,2315,20,2,65.78,131.56
4382,2315,36,5,142.92,714.6
4383,2316,66,5,605.81,3029.05
4384,2317,34,4,150.04,600.16
4385,2317,13,3,195.9,587.7
4386,2317,76,3,9.81,29.43
4387,2318,37,5,368.6,1843.0
4388,2319,77,4,149.55,598.2
4389,2320,10,1,236.68,236.68
4390,2321,80,1,113.53,113.53
4391,2322,67,5,62.15,310.75
4392,2322,18,2,146.84,293.68
4393,2322,38,1,313.65,313.65
4394,2323,50,5,138.67,693.35
4395,2324,4,3,200.21,600.63
4396,2324,49,3,804.66,2413.98
4397,2324,60,2,342.84,685.68
4398,2325,79,4,66.15,264.6
4399,2325,63,2,181.06,362.12
4400,2326,79,3,66.15,198.45
4401,2326,47,5,145.99,729.95
4402,2326,33,4,119.54,478.16
4403,2326,39,4,130.63,522.52
4404,2327,17,4,288.0,1152.0
4405,2327,69,4,852.39,3409.56
4406,2328,12,5,3234.73,16173.65
4407,2329,45,3,344.12,1032.36
4408,2329,21,4,139.98,559.92
4409,2330,45,1,344.12,344.12
4410,2331,16,1,413.4,413.4
4411,2331,23,4,419.81,1679.24
4412,2332,78,1,2851.02,2851.02
4413,2332,42,3,80.53,241.59
4414,2333,56,1,117.4,117.4
4415,2333,18,1,146.84,146.84
4416,2334,27,2,146.85,293.7
4417,2335,19,3,77.01,231.03
4418,2335,11,4,28.03,112.12
4419,2335,69,1,852.39,852.39
4420,2336,24,4,33.34,133.36
4421,2337,51,4,3965.72,15862.88
4422,2337,3,4,762.92,3051.68
4423,2337,35,3,106.43,319.29
4424,2338,35,3,106.43,319.29
4425,2339,67,5,62.15,310.75
4426,2340,80,1,113.53,113.53
4427,2341,42,4,80.53,322.12
4428,2341,44,4,18.97,75.88
4429,2342,64,3,66.81,200.43
4430,2342,71,5,1883.43,9417.15
4431,2343,22,2,73.8,147.6
4432,2343,10,2,236.68,473.36
4433,2343,15,3,559.13,1677.39
4434,2344,22,3,73.8,221.4
4435,2344,9,5,4886.22,24431.1
4436,2345,1,4,212.07,848.28
4437,2345,53,5,477.39,2386.95
4438,2345,47,5,145.99,729.95
4439,2346,20,3,65.78,197.34
4440,2347,35,1,106.43,106.43
4441,2348,54,4,100.69,402.76
4442,2348,29,4,56.79,227.16
4443,2349,20,5,65.78,328.9
4444,2349,79,2,66.15,132.3
4445,2349,58,4,580.12,2320.48
4446,2350,46,1,113.28,113.28
4447,2351,23,3,419.81,1259.43
4448,2352,65,5,43.77,218.85
4449,2352,54,4,100.69,402.76
4450,2352,13,1,195.9,195.9
4451,2352,47,4,145.99,583.96
4452,2353,13,5,195.9,979.5
4453,2353,30,5,1115.17,5575.85
4454,2353,56,2,117.4,234.8
4455,2354,37,4,368.6,1474.4
4456,2354,58,1,580.12,580.12
4457,2354,16,3,413.4,1240.2
4458,2355,70,2,150.13,300.26
4459,2355,3,3,762.92,2288.76
4460,2355,51,1,3965.72,3965.72
4461,2355,65,2,43.77,87.54
4462,2356,20,4,65.78,263.12
4463,2356,77,4,149.55,598.2
4464,2357,52,4,204.26,817.04
4465,2357,3,3,762.92,2288.76
4466,2358,42,1,80.53,80.53
4467,2358,52,4,204.26,817.04
4468,2359,77,2,149.55,299.1
4469,2359,68,5,19.08,95.4
4470,2359,30,3,1115.17,3345.51
4471,2360,77,4,149.55,598.2
4472,2360,7,5,2939.07,14695.35
4473,2361,27,4,146.85,587.4
4474,2361,68,2,19.08,38.16
4475,2361,22,3,73.8,221.4
4476,2362,22,2,73.8,147.6
4477,2362,62,1,269.1,269.1
4478,2363,28,1,572.84,572.84
4479,2363,42,1,80.53,80.53
4480,2364,69,2,852.39,1704.78
4481,2364,46,4,113.28,453.12
4482,2364,10,5,236.68,1183.4
4483,2365,46,5,113.28,566.4
4484,2365,62,3,269.1,807.3
4485,2366,69,5,852.39,4261.95
4486,2367,32,1,112.33,112.33
4487,2367,8,3,180.66,541.98
4488,2368,25,5,383.92,1919.6
4489,2368,54,3,100.69,302.07
4490,2369,57,4,309.44,1237.76
4491,2370,61,5,1408.26,7041.3
4492,2370,77,4,149.55,598.2
4493,2371,76,1,9.81,9.81
4494,2371,36,2,142.92,285.84
4495,2371,59,4,309.22,1236.88
4496,2372,47,2,145.99,291.98
4497,2373,16,2,413.4,826.8
4498,2374,60,2,342.84,685.68
4499,2374,27,3,146.85,440.55
4500,2375,3,3,762.92,2288.76
4501,2376,41,5,175.34,876.7
4502,2377,57,5,309.44,1547.2
4503,2378,40,4,875.77,3503.08
4504,2378,69,2,852.39,1704.78
4505,2378,50,2,138.67,277.34
4506,2379,17,1,288.0,288.0
4507,2380,67,2,62.15,124.3
4508,2380,69,2,852.39,1704.78
4509,2381,32,4,112.33,449.32
4510,2382,25,1,383.92,383.92
4511,2382,69,4,852.39,3409.56
4512,2383,62,1,269.1,269.1
4513,2383,15,4,559.13,2236.52
4514,2384,15,1,559.13,559.13
4515,2384,9,4,4886.22,19544.88
4516,2384,67,3,62.15,186.45
4517,2385,6,3,45.27,135.81
4518,2386,67,4,62.15,248.6
4519,2386,68,2,19.08,38.16
4520,2387,2,2,159.24,318.48
4521,2387,46,4,113.28,453.12
4522,2388,34,4,150.04,600.16
4523,2389,39,3,130.63,391.89
4524,2390,30,5,1115.17,5575.85
4525,2390,46,5,113.28,566.4
4526,2391,54,5,100.69,503.45
4527,2391,35,5,106.43,532.15
4528,2391,58,4,580.12,2320.48
4529,2391,18,4,146.84,587.36
4530,2392,15,4,559.13,2236.52
4531,2393,49,3,804.66,2413.98
4532,2393,2,5,159.24,796.2
4533,2393,60,3,342.84,1028.52
4534,2393,70,3,150.13,450.39
4535,2394,53,3,477.39,1432.17
4536,2394,37,5,368.6,1843.0
4537,2395,43,2,240.77,481.54
4538,2395,60,5,342.84,1714.2
4539,2396,21,2,139.98,279.96
4540,2397,57,4,309.44,1237.76
4541,2398,45,1,344.12,344.12
4542,2398,17,2,288.0,576.0
4543,2398,15,4,559.13,2236.52
4544,2399,58,4,580.12,2320.48
4545,2400,9,3,4886.22,14658.66
4546,2400,69,1,852.39,852.39
4547,2401,39,2,130.63,261.26
4548,2402,17,4,288.0,1152.0
4549,2403,18,3,146.84,440.52
4550,2404,4,5,200.21,1001.05
4551,2405,33,2,119.54,239.08
4552,2406,17,1,288.0,288.0
4553,2407,39,4,130.63,522.52
4554,2408,2,2,159.24,318.48
4555,2408,44,1,18.97,18.97
4556,2408,41,5,175.34,876.7
4557,2409,45,1,344.12,344.12
4558,2409,49,1,804.66,804.66
4559,2410,5,3,169.65,508.95
4560,2410,46,1,113.28,113.28
4561,2411,13,3,195.9,587.7
4562,2411,29,4,56.79,227.16
4563,2411,10,3,236.68,710.04
4564,2412,68,2,19.08,38.16
4565,2412,9,2,4886.22,9772.44
4566,2413,19,3,77.01,231.03
4567,2413,16,3,413.4,1240.2
4568,2414,26,3,184.74,554.22
4569,2415,26,4,184.74,738.96
4570,2415,11,3,28.03,84.09
4571,2416,24,2,33.34,66.68
4572,2417,13,2,195.9,391.8
4573,2417,29,4,56.79,227.16
4574,2417,75,4,107.38,429.52
4575,2417,70,1,150.13,150.13
4576,2418,8,1,180.66,180.66
4577,2418,76,1,9.81,9.81
4578,2419,68,1,19.08,19.08
4579,2420,64,5,66.81,334.05
4580,2420,59,1,309.22,309.22
4581,2420,39,1,130.63,130.63
4582,2421,44,2,18.97,37.94
4583,2422,76,5,9.81,49.05
4584,2422,57,3,309.44,928.32
4585,2422,23,4,419.81,1679.24
4586,2423,44,5,18.97,94.85
4587,2424,72,5,215.38,1076.9
4588,2424,41,5,175.34,876.7
4589,2425,23,4,419.81,1679.24
4590,2425,65,3,43.77,131.31
4591,2426,50,1,138.67,138.67
4592,2426,38,5,313.65,1568.25
4593,2426,10,1,236.68,236.68
4594,2426,7,3,2939.07,8817.21
4595,2426,68,5,19.08,95.4
4596,2427,57,4,309.44,1237.76
4597,2428,62,3,269.1,807.3
4598,2428,27,4,146.85,587.4
4599,2428,41,4,175.34,701.36
4600,2429,45,3,344.12,1032.36
4601,2430,41,4,175.34,701.36
4602,2430,36,1,142.92,142.92
4603,2431,45,4,344.12,1376.48
4604,2431,62,5,269.1,1345.5
4605,2432,52,1,204.26,204.26
4606,2432,66,3,605.81,1817.43
4607,2433,55,5,537.2,2686.0
4608,2433,29,4,56.79,227.16
4609,2434,18,4,146.84,587.36
4610,2435,29,2,56.79,113.58
4611,2435,18,5,146.84,734.2
4612,2436,51,3,3965.72,11897.16
4613,2437,78,3,2851.02,8553.06
4614,2437,55,4,537.2,2148.8
4615,2438,47,5,145.99,729.95
4616,2439,8,1,180.66,180.66
4617,2439,66,5,605.81,3029.05
4618,2440,48,1,265.86,265.86
4619,2440,73,3,381.37,1144.11
4620,2441,52,2,204.26,408.52
4621,2441,6,2,45.27,90.54
4622,2442,46,2,113.28,226.56
4623,2443,66,2,605.81,1211.62
4624,2443,12,4,3234.73,12938.92
4625,2444,59,3,309.22,927.66
4626,2445,54,3,100.69,302.07
4627,2445,35,3,106.43,319.29
4628,2445,23,4,419.81,1679.24
4629,2446,53,5,477.39,2386.95
4630,2446,74,5,102.75,513.75
4631,2447,29,2,56.79,113.58
4632,2448,44,1,18.97,18.97
4633,2449,25,2,383.92,767.84
4634,2450,65,5,43.77,218.85
4635,2450,49,4,804.66,3218.64
4636,2450,54,4,100.69,402.76
4637,2451,66,4,605.81,2423.24
4638,2452,64,2,66.81,133.62
4639,2453,68,5,19.08,95.4
4640,2454,61,3,1408.26,4224.78
4641,2454,67,4,62.15,248.6
4642,2454,72,5,215.38,1076.9
4643,2455,74,3,102.75,308.25
4644,2456,54,3,100.69,302.07
4645,2456,45,2,344.12,688.24
4646,2457,46,3,113.28,339.84
4647,2458,27,3,146.85,440.55
4648,2458,44,1,18.97,18.97
4649,2459,69,2,852.39,1704.78
4650,2460,57,2,309.44,618.88
4651,2460,38,5,313.65,1568.25
4652,2460,63,4,181.06,724.24
4653,2460,23,2,419.81,839.62
4654,2461,60,1,342.84,342.84
4655,2461,45,5,344.12,1720.6
4656,2461,30,4,1115.17,4460.68
4657,2462,76,4,9.81,39.24
4658,2463,11,1,28.03,28.03
4659,2463,22,2,73.8,147.6
4660,2464,77,2,149.55,299.1
4661,2465,9,1,4886.22,4886.22
4662,2465,19,5,77.01,385.05
4663,2465,37,2,368.6,737.2
4664,2465,51,1,3965.72,3965.72
4665,2466,5,5,169.65,848.25
4666,2467,13,3,195.9,587.7
4667,2468,70,4,150.13,600.52
4668,2468,38,3,313.65,940.95
4669,2468,78,5,2851.02,14255.1
4670,2468,5,1,169.65,169.65
4671,2469,14,5,506.49,2532.45
4672,2470,79,5,66.15,330.75
4673,2470,45,3,344.12,1032.36
4674,2470,31,2,180.39,360.78
4675,2470,20,1,65.78,65.78
4676,2471,70,5,150.13,750.65
4677,2471,46,3,113.28,339.84
4678,2472,59,5,309.22,1546.1
4679,2473,4,1,200.21,200.21
4680,2473,23,5,419.81,2099.05
4681,2473,2,5,159.24,796.2
4682,2474,70,1,150.13,150.13
4683,2475,57,5,309.44,1547.2
4684,2475,61,4,1408.26,5633.04
4685,2475,49,3,804.66,2413.98
4686,2475,29,3,56.79,170.37
4687,2476,56,1,117.4,117.4
4688,2476,72,4,215.38,861.52
4689,2476,54,4,100.69,402.76
4690,2477,46,5,113.28,566.4
4691,2478,9,5,4886.22,24431.1
4692,2479,44,1,18.97,18.97
4693,2480,26,3,184.74,554.22
4694,2480,53,5,477.39,2386.95
4695,2481,56,5,117.4,587.0
4696,2481,25,1,383.92,383.92
4697,2481,48,5,265.86,1329.3
4698,2482,27,1,146.85,146.85
4699,2482,25,1,383.92,383.92
4700,2482,24,2,33.34,66.68
4701,2483,16,1,413.4,413.4
4702,2483,15,3,559.13,1677.39
4703,2483,13,4,195.9,783.6
4704,2483,70,2,150.13,300.26
4705,2484,51,5,3965.72,19828.6
4706,2485,65,2,43.77,87.54
4707,2485,60,3,342.84,1028.52
4708,2485,46,2,113.28,226.56
4709,2485,41,1,175.34,175.34
4710,2485,33,5,119.54,597.7
4711,2486,25,5,383.92,1919.6
4712,2486,66,4,605.81,2423.24
4713,2486,12,2,3234.73,6469.46
4714,2487,55,1,537.2,537.2
4715,2487,8,5,180.66,903.3
4716,2487,20,1,65.78,65.78
4717,2487,44,2,18.97,37.94
4718,2487,68,1,19.08,19.08
4719,2488,65,2,43.77,87.54
4720,2488,64,4,66.81,267.24
4721,2489,76,3,9.81,29.43
4722,2489,70,1,150.13,150.13
4723,2489,22,1,73.8,73.8
4724,2489,49,3,804.66,2413.98
4725,2490,27,1,146.85,146.85
4726,2490,31,2,180.39,360.78
4727,2491,17,3,288.0,864.0
4728,2492,27,3,146.85,440.55
4729,2492,15,3,559.13,1677.39
4730,2492,58,2,580.12,1160.24
4731,2493,10,1,236.68,236.68
4732,2493,49,3,804.66,2413.98
4733,2493,44,2,18.97,37.94
4734,2494,3,1,762.92,762.92
4735,2495,26,3,184.74,554.22
4736,2495,4,1,200.21,200.21
4737,2495,45,4,344.12,1376.48
4738,2496,72,1,215.38,215.38
4739,2497,51,1,3965.72,3965.72
4740,2497,9,1,4886.22,4886.22
4741,2498,11,4,28.03,112.12
4742,2498,42,3,80.53,241.59
4743,2499,21,3,139.98,419.94
4744,2499,28,3,572.84,1718.52
4745,2500,19,4,77.01,308.04
4746,2501,8,4,180.66,722.64
4747,2501,31,2,180.39,360.78
4748,2502,59,3,309.22,927.66
4749,2502,27,3,146.85,440.55
4750,2503,13,3,195.9,587.7
4751,2503,10,1,236.68,236.68
4752,2503,52,5,204.26,1021.3
4753,2503,36,2,142.92,285.84
4754,2503,48,5,265.86,1329.3
4755,2504,26,2,184.74,369.48
4756,2504,64,4,66.81,267.24
4757,2505,26,5,184.74,923.7
4758,2505,70,3,150.13,450.39
4759,2505,67,3,62.15,186.45
4760,2505,35,2,106.43,212.86
4761,2506,80,3,113.53,340.59
4762,2507,24,5,33.34,166.7
4763,2507,22,1,73.8,73.8
4764,2508,48,1,265.86,265.86
4765,2509,28,4,572.84,2291.36
4766,2509,38,4,313.65,1254.6
4767,2509,48,5,265.86,1329.3
4768,2509,60,1,342.84,342.84
4769,2510,24,5,33.34,166.7
4770,2511,73,2,381.37,762.74
4771,2511,66,3,605.81,1817.43
4772,2512,58,1,580.12,580.12
4773,2513,36,2,142.92,285.84
4774,2514,12,5,3234.73,16173.65
4775,2515,18,2,146.84,293.68
4776,2515,9,1,4886.22,4886.22
4777,2515,29,4,56.79,227.16
4778,2515,59,3,309.22,927.66
4779,2516,53,4,477.39,1909.56
4780,2516,62,2,269.1,538.2
4781,2516,20,4,65.78,263.12
4782,2516,51,5,3965.72,19828.6
4783,2517,5,4,169.65,678.6
4784,2517,42,2,80.53,161.06
4785,2518,2,2,159.24,318.48
4786,2519,71,4,1883.43,7533.72
4787,2519,31,5,180.39,901.95
4788,2520,54,1,100.69,100.69
4789,2520,22,1,73.8,73.8
4790,2520,76,1,9.81,9.81
4791,2521,36,2,142.92,285.84
4792,2522,25,3,383.92,1151.76
4793,2523,71,2,1883.43,3766.86
4794,2523,13,5,195.9,979.5
4795,2524,75,1,107.38,107.38
4796,2524,45,2,344.12,688.24
4797,2525,31,1,180.39,180.39
4798,2526,19,4,77.01,308.04
4799,2527,67,3,62.15,186.45
4800,2527,40,5,875.77,4378.85
4801,2527,17,3,288.0,864.0
4802,2527,79,5,66.15,330.75
4803,2528,58,2,580.12,1160.24
4804,2528,9,3,4886.22,14658.66
4805,2529,29,5,56.79,283.95
4806,2529,77,4,149.55,598.2
4807,2529,30,1,1115.17,1115.17
4808,2530,41,3,175.34,526.02
4809,2531,24,3,33.34,100.02
4810,2532,49,1,804.66,804.66
4811,2533,41,5,175.34,876.7
4812,2534,39,1,130.63,130.63
4813,2534,55,2,537.2,1074.4
4814,2534,12,5,3234.73,16173.65
4815,2535,36,4,142.92,571.68
4816,2536,79,5,66.15,330.75
4817,2537,32,2,112.33,224.66
4818,2538,16,4,413.4,1653.6
4819,2539,6,3,45.27,135.81
4820,2539,29,4,56.79,227.16
4821,2539,23,3,419.81,1259.43
4822,2540,74,4,102.75,411.0
4823,2540,72,5,215.38,1076.9
4824,2541,9,1,4886.22,4886.22
4825,2541,8,5,180.66,903.3
4826,2541,2,1,159.24,159.24
4827,2541,68,3,19.08,57.24
4828,2542,49,5,804.66,4023.3
4829,2542,13,5,195.9,979.5
4830,2542,44,5,18.97,94.85
4831,2543,22,4,73.8,295.2
4832,2544,45,3,344.12,1032.36
4833,2544,68,2,19.08,38.16
4834,2544,58,1,580.12,580.12
4835,2544,79,1,66.15,66.15
4836,2545,33,3,119.54,358.62
4837,2545,61,3,1408.26,4224.78
4838,2545,11,4,28.03,112.12
4839,2545,41,2,175.34,350.68
4840,2546,34,5,150.04,750.2
4841,2547,61,5,1408.26,7041.3
4842,2547,35,5,106.43,532.15
4843,2548,8,4,180.66,722.64
4844,2549,18,5,146.84,734.2
4845,2550,10,2,236.68,473.36
4846,2550,7,1,2939.07,2939.07
4847,2551,1,1,212.07,212.07
4848,2552,68,2,19.08,38.16
4849,2553,30,2,1115.17,2230.34
4850,2553,62,5,269.1,1345.5
4851,2553,18,1,146.84,146.84
4852,2554,73,1,381.37,381.37
4853,2554,2,2,159.24,318.48
4854,2554,43,5,240.77,1203.85
4855,2555,24,3,33.34,100.02
4856,2556,63,5,181.06,905.3
4857,2556,65,3,43.77,131.31
4858,2557,60,4,342.84,1371.36
4859,2557,32,1,112.33,112.33
4860,2558,25,5,383.92,1919.6
4861,2558,24,1,33.34,33.34
4862,2558,15,2,559.13,1118.26
4863,2559,37,2,368.6,737.2
4864,2559,78,3,2851.02,8553.06
4865,2560,49,3,804.66,2413.98
4866,2561,44,5,18.97,94.85
4867,2561,29,5,56.79,283.95
4868,2561,10,3,236.68,710.04
4869,2562,13,5,195.9,979.5
4870,2562,78,2,2851.02,5702.04
4871,2563,28,5,572.84,2864.2
4872,2563,27,3,146.85,440.55
4873,2563,15,3,559.13,1677.39
4874,2563,78,1,2851.02,2851.02
4875,2564,68,1,19.08,19.08
4876,2564,51,3,3965.72,11897.16
4877,2565,57,5,309.44,1547.2
4878,2565,49,1,804.66,804.66
4879,2566,52,2,204.26,408.52
4880,2566,13,3,195.9,587.7
4881,2566,45,4,344.12,1376.48
4882,2566,27,2,146.85,293.7
4883,2567,65,5,43.77,218.85
4884,2567,9,3,4886.22,14658.66
4885,2568,42,4,80.53,322.12
4886,2568,53,4,477.39,1909.56
4887,2568,73,2,381.37,762.74
4888,2569,28,5,572.84,2864.2
4889,2569,42,3,80.53,241.59
4890,2570,59,2,309.22,618.44
4891,2570,23,4,419.81,1679.24
4892,2571,15,5,559.13,2795.65
4893,2571,38,3,313.65,940.95
4894,2572,11,5,28.03,140.15
4895,2572,54,4,100.69,402.76
4896,2572,28,5,572.84,2864.2
4897,2573,56,4,117.4,469.6
4898,2573,15,3,559.13,1677.39
4899,2574,71,2,1883.43,3766.86
4900,2575,47,2,145.99,291.98
4901,2575,31,3,180.39,541.17
4902,2576,22,5,73.8,369.0
4903,2576,27,2,146.85,293.7
4904,2576,28,2,572.84,1145.68
4905,2577,54,2,100.69,201.38
4906,2577,33,5,119.54,597.7
4907,2578,29,1,56.79,56.79
4908,2578,44,5,18.97,94.85
4909,2578,74,2,102.75,205.5
4910,2578,47,2,145.99,291.98
4911,2579,73,2,381.37,762.74
4912,2580,31,5,180.39,901.95
4913,2581,56,4,117.4,469.6
4914,2581,27,5,146.85,734.25
4915,2582,57,4,309.44,1237.76
4916,2582,1,4,212.07,848.28
4917,2583,26,4,184.74,738.96
4918,2583,52,5,204.26,1021.3
4919,2583,32,1,112.33,112.33
4920,2583,17,5,288.0,1440.0
4921,2584,61,3,1408.26,4224.78
4922,2584,17,3,288.0,864.0
4923,2584,25,5,383.92,1919.6
4924,2584,13,2,195.9,391.8
4925,2585,70,3,150.13,450.39
4926,2585,46,3,113.28,339.84
4927,2586,72,5,215.38,1076.9
4928,2586,24,4,33.34,133.36
4929,2587,65,1,43.77,43.77
4930,2588,55,2,537.2,1074.4
4931,2589,76,4,9.81,39.24
4932,2590,10,3,236.68,710.04
4933,2591,4,3,200.21,600.63
4934,2591,8,5,180.66,903.3
4935,2592,60,5,342.84,1714.2
4936,2592,64,5,66.81,334.05
4937,2593,36,5,142.92,714.6
4938,2593,52,4,204.26,817.04
4939,2594,25,1,383.92,383.92
4940,2594,52,1,204.26,204.26
4941,2594,60,3,342.84,1028.52
4942,2594,32,5,112.33,561.65
4943,2595,45,2,344.12,688.24
4944,2596,12,3,3234.73,9704.19
4945,2597,44,1,18.97,18.97
4946,2597,66,5,605.81,3029.05
4947,2597,43,5,240.77,1203.85
4948,2598,21,3,139.98,419.94
4949,2598,18,3,146.84,440.52
4950,2599,46,5,113.28,566.4
4951,2600,75,3,107.38,322.14
4952,2601,31,3,180.39,541.17
4953,2602,69,4,852.39,3409.56
4954,2602,60,3,342.84,1028.52
4955,2602,57,1,309.44,309.44
4956,2603,40,4,875.77,3503.08
4957,2603,72,5,215.38,1076.9
4958,2604,27,2,146.85,293.7
4959,2604,41,1,175.34,175.34
4960,2605,15,1,559.13,559.13
4961,2605,56,5,117.4,587.0
4962,2605,32,2,112.33,224.66
4963,2605,66,3,605.81,1817.43
4964,2606,47,2,145.99,291.98
4965,2606,69,1,852.39,852.39
4966,2607,15,4,559.13,2236.52
4967,2607,4,2,200.21,400.42
4968,2607,17,1,288.0,288.0
4969,2608,62,3,269.1,807.3
4970,2609,40,2,875.77,1751.54
4971,2609,27,2,146.85,293.7
4972,2610,37,2,368.6,737.2
4973,2610,79,2,66.15,132.3
4974,2610,51,5,3965.72,19828.6
4975,2610,58,3,580.12,1740.36
4976,2611,14,2,506.49,1012.98
4977,2611,6,3,45.27,135.81
4978,2611,10,5,236.68,1183.4
4979,2612,40,4,875.77,3503.08
4980,2613,46,1,113.28,113.28
4981,2614,62,5,269.1,1345.5
4982,2614,2,3,159.24,477.72
4983,2615,21,1,139.98,139.98
4984,2616,11,5,28.03,140.15
4985,2616,28,1,572.84,572.84
4986,2616,70,3,150.13,450.39
4987,2616,25,1,383.92,383.92
4988,2617,47,2,145.99,291.98
4989,2617,56,3,117.4,352.2
4990,2617,44,5,18.97,94.85
4991,2618,4,3,200.21,600.63
4992,2619,17,4,288.0,1152.0
4993,2619,29,2,56.79,113.58
4994,2619,22,3,73.8,221.4
4995,2620,64,5,66.81,334.05
4996,2620,29,4,56.79,227.16
4997,2620,31,4,180.39,721.56
4998,2621,58,4,580.12,2320.48
4999,2621,10,1,236.68,236.68
5000,2621,61,3,1408.26,4224.78
5001,2621,2,3,159.24,477.72
5002,2621,59,3,309.22,927.66
5003,2622,39,1,130.63,130.63
5004,2623,14,5,506.49,2532.45
5005,2624,74,4,102.75,411.0
5006,2625,27,4,146.85,587.4
5007,2626,25,3,383.92,1151.76
5008,2626,53,4,477.39,1909.56
5009,2627,53,2,477.39,954.78
5010,2627,73,4,381.37,1525.48
5011,2628,75,3,107.38,322.14
5012,2629,41,4,175.34,701.36
5013,2629,56,3,117.4,352.2
5014,2630,6,1,45.27,45.27
5015,2630,65,1,43.77,43.77
5016,2631,78,2,2851.02,5702.04
5017,2631,63,5,181.06,905.3
5018,2632,14,3,506.49,1519.47
5019,2632,68,4,19.08,76.32
5020,2632,51,4,3965.72,15862.88
5021,2633,76,2,9.81,19.62
5022,2633,79,5,66.15,330.75
5023,2634,54,1,100.69,100.69
5024,2635,41,1,175.34,175.34
5025,2636,19,3,77.01,231.03
5026,2636,76,3,9.81,29.43
5027,2636,78,2,2851.02,5702.04
5028,2637,75,1,107.38,107.38
5029,2637,60,4,342.84,1371.36
5030,2638,66,3,605.81,1817.43
5031,2638,49,5,804.66,4023.3
5032,2639,25,2,383.92,767.84
5033,2640,11,4,28.03,112.12
5034,2641,44,5,18.97,94.85
5035,2642,61,4,1408.26,5633.04
5036,2643,74,3,102.75,308.25
5037,2643,41,3,175.34,526.02
5038,2644,23,1,419.81,419.81
5039,2644,64,4,66.81,267.24
5040,2645,75,1,107.38,107.38
5041,2645,77,4,149.55,598.2
5042,2646,63,1,181.06,181.06
5043,2646,18,5,146.84,734.2
5044,2646,43,5,240.77,1203.85
5045,2647,74,5,102.75,513.75
5046,2647,2,5,159.24,796.2
5047,2647,75,1,107.38,107.38
5048,2647,5,4,169.65,678.6
5049,2648,36,3,142.92,428.76
5050,2648,77,1,149.55,149.55
5051,2649,49,3,804.66,2413.98
5052,2650,65,3,43.77,131.31
5053,2651,40,2,875.77,1751.54
5054,2651,24,3,33.34,100.02
5055,2652,74,1,102.75,102.75
5056,2653,28,3,572.84,1718.52
5057,2654,11,2,28.03,56.06
5058,2654,77,5,149.55,747.75
5059,2655,20,2,65.78,131.56
5060,2655,29,5,56.79,283.95
5061,2655,4,3,200.21,600.63
5062,2656,36,4,142.92,571.68
5063,2656,61,3,1408.26,4224.78
5064,2657,29,4,56.79,227.16
5065,2658,44,3,18.97,56.91
5066,2659,41,1,175.34,175.34
5067,2659,76,4,9.81,39.24
5068,2660,35,3,106.43,319.29
5069,2661,36,5,142.92,714.6
5070,2662,23,2,419.81,839.62
5071,2663,73,3,381.37,1144.11
5072,2663,14,2,506.49,1012.98
5073,2664,37,4,368.6,1474.4
5074,2664,4,5,200.21,1001.05
5075,2664,77,4,149.55,598.2
5076,2664,78,4,2851.02,11404.08
5077,2664,27,1,146.85,146.85
5078,2665,12,4,3234.73,12938.92
5079,2666,78,2,2851.02,5702.04
5080,2666,65,2,43.77,87.54
5081,2666,30,1,1115.17,1115.17
5082,2667,11,3,28.03,84.09
5083,2667,1,5,212.07,1060.35
5084,2667,18,1,146.84,146.84
5085,2668,74,2,102.75,205.5
5086,2668,41,3,175.34,526.02
5087,2669,15,3,559.13,1677.39
5088,2669,78,2,2851.02,5702.04
5089,2669,69,3,852.39,2557.17
5090,2670,69,4,852.39,3409.56
5091,2670,56,1,117.4,117.4
5092,2671,51,1,3965.72,3965.72
5093,2671,63,1,181.06,181.06
5094,2671,77,1,149.55,149.55
5095,2671,3,3,762.92,2288.76
5096,2671,15,3,559.13,1677.39
5097,2672,37,2,368.6,737.2
5098,2672,21,3,139.98,419.94
5099,2673,56,3,117.4,352.2
5100,2673,76,2,9.81,19.62
5101,2674,70,3,150.13,450.39
5102,2674,40,5,875.77,4378.85
5103,2675,29,2,56.79,113.58
5104,2675,46,3,113.28,339.84
5105,2676,47,4,145.99,583.96
5106,2676,18,5,146.84,734.2
5107,2676,72,3,215.38,646.14
5108,2676,40,4,875.77,3503.08
5109,2677,56,2,117.4,234.8
5110,2678,26,4,184.74,738.96
5111,2679,39,4,130.63,522.52
5112,2680,31,3,180.39,541.17
5113,2680,23,4,419.81,1679.24
5114,2681,71,3,1883.43,5650.29
5115,2682,38,2,313.65,627.3
5116,2683,34,3,150.04,450.12
5117,2683,51,3,3965.72,11897.16
5118,2684,45,5,344.12,1720.6
5119,2684,10,3,236.68,710.04
5120,2685,68,5,19.08,95.4
5121,2685,38,3,313.65,940.95
5122,2686,13,3,195.9,587.7
5123,2686,48,5,265.86,1329.3
5124,2686,74,1,102.75,102.75
5125,2687,80,4,113.53,454.12
5126,2687,74,1,102.75,102.75
5127,2688,50,5,138.67,693.35
5128,2689,52,3,204.26,612.78
5129,2689,42,1,80.53,80.53
5130,2689,8,2,180.66,361.32
5131,2690,77,2,149.55,299.1
5132,2691,64,3,66.81,200.43
5133,2692,59,3,309.22,927.66
5134,2693,75,1,107.38,107.38
5135,2694,2,5,159.24,796.2
5136,2695,29,4,56.79,227.16
5137,2695,24,1,33.34,33.34
5138,2695,36,3,142.92,428.76
5139,2695,34,4,150.04,600.16
5140,2695,58,5,580.12,2900.6
5141,2696,39,2,130.63,261.26
5142,2696,79,3,66.15,198.45
5143,2697,48,3,265.86,797.58
5144,2698,14,5,506.49,2532.45
5145,2698,6,3,45.27,135.81
5146,2699,28,5,572.84,2864.2
5147,2699,54,2,100.69,201.38
5148,2699,12,4,3234.73,12938.92
5149,2699,45,3,344.12,1032.36
5150,2699,10,3,236.68,710.04
5151,2700,63,4,181.06,724.24
5152,2700,18,1,146.84,146.84
5153,2701,58,1,580.12,580.12
5154,2702,3,4,762.92,3051.68
5155,2703,68,1,19.08,19.08
5156,2704,28,5,572.84,2864.2
5157,2704,31,1,180.39,180.39
5158,2705,25,1,383.92,383.92
5159,2705,64,1,66.81,66.81
5160,2706,46,1,113.28,113.28
5161,2707,5,4,169.65,678.6
5162,2707,19,5,77.01,385.05
5163,2707,61,3,1408.26,4224.78
5164,2707,41,5,175.34,876.7
5165,2708,16,5,413.4,2067.0
5166,2709,65,5,43.77,218.85
5167,2710,2,5,159.24,796.2
5168,2711,73,1,381.37,381.37
5169,2712,2,2,159.24,318.48
5170,2713,57,3,309.44,928.32
5171,2714,5,2,169.65,339.3
5172,2714,39,5,130.63,653.15
5173,2715,61,5,1408.26,7041.3
5174,2715,23,4,419.81,1679.24
5175,2715,64,4,66.81,267.24
5176,2716,72,2,215.38,430.76
5177,2717,61,2,1408.26,2816.52
5178,2718,35,4,106.43,425.72
5179,2718,77,2,149.55,299.1
5180,2718,29,3,56.79,170.37
5181,2719,79,3,66.15,198.45
5182,2719,62,5,269.1,1345.5
5183,2719,27,5,146.85,734.25
5184,2720,55,4,537.2,2148.8
5185,2721,42,2,80.53,161.06
5186,2722,58,5,580.12,2900.6
5187,2723,12,1,3234.73,3234.73
5188,2724,22,2,73.8,147.6
5189,2724,3,3,762.92,2288.76
5190,2724,46,1,113.28,113.28
5191,2724,4,2,200.21,400.42
5192,2725,78,1,2851.02,2851.02
5193,2725,71,3,1883.43,5650.29
5194,2726,28,5,572.84,2864.2
5195,2727,22,3,73.8,221.4
5196,2727,50,2,138.67,277.34
5197,2728,56,3,117.4,352.2
5198,2728,5,5,169.65,848.25
5199,2729,28,4,572.84,2291.36
5200,2730,9,2,4886.22,9772.44
5201,2730,60,3,342.84,1028.52
5202,2730,80,4,113.53,454.12
5203,2731,18,5,146.84,734.2
5204,2731,38,4,313.65,1254.6
5205,2732,32,1,112.33,112.33
5206,2733,40,3,875.77,2627.31
5207,2733,68,5,19.08,95.4
5208,2733,8,1,180.66,180.66
5209,2733,46,2,113.28,226.56
5210,2734,55,1,537.2,537.2
5211,2734,69,1,852.39,852.39
5212,2735,61,2,1408.26,2816.52
5213,2735,38,3,313.65,940.95
5214,2735,37,4,368.6,1474.4
5215,2735,60,3,342.84,1028.52
5216,2736,43,2,240.77,481.54
5217,2736,34,4,150.04,600.16
5218,2737,62,5,269.1,1345.5
5219,2737,65,2,43.77,87.54
5220,2737,38,3,313.65,940.95
5221,2738,64,4,66.81,267.24
5222,2739,28,4,572.84,2291.36
5223,2740,58,3,580.12,1740.36
5224,2740,25,1,383.92,383.92
5225,2740,53,2,477.39,954.78
5226,2741,17,5,288.0,1440.0
5227,2741,16,4,413.4,1653.6
5228,2741,4,4,200.21,800.84
5229,2742,14,1,506.49,506.49
5230,2742,32,1,112.33,112.33
5231,2742,67,2,62.15,124.3
5232,2742,22,2,73.8,147.6
5233,2743,5,2,169.65,339.3
5234,2743,19,1,77.01,77.01
5235,2743,44,3,18.97,56.91
5236,2743,51,2,3965.72,7931.44
5237,2744,48,2,265.86,531.72
5238,2745,28,1,572.84,572.84
5239,2745,51,1,3965.72,3965.72
5240,2745,5,5,169.65,848.25
5241,2746,41,5,175.34,876.7
5242,2746,64,5,66.81,334.05
5243,2747,25,2,383.92,767.84
5244,2747,58,3,580.12,1740.36
5245,2747,36,5,142.92,714.6
5246,2748,49,4,804.66,3218.64
5247,2748,74,3,102.75,308.25
5248,2748,36,4,142.92,571.68
5249,2749,6,3,45.27,135.81
5250,2749,65,4,43.77,175.08
5251,2749,1,3,212.07,636.21
5252,2749,37,2,368.6,737.2
5253,2750,18,3,146.84,440.52
5254,2751,59,1,309.22,309.22
5255,2752,46,1,113.28,113.28
5256,2753,7,5,2939.07,14695.35
5257,2753,56,3,117.4,352.2
5258,2753,76,1,9.81,9.81
5259,2754,15,4,559.13,2236.52
5260,2755,75,1,107.38,107.38
5261,2756,59,2,309.22,618.44
5262,2756,36,1,142.92,142.92
5263,2757,4,5,200.21,1001.05
5264,2758,54,5,100.69,503.45
5265,2759,71,4,1883.43,7533.72
5266,2760,46,1,113.28,113.28
5267,2760,44,5,18.97,94.85
5268,2761,6,3,45.27,135.81
5269,2761,41,4,175.34,701.36
5270,2761,76,1,9.81,9.81
5271,2762,39,2,130.63,261.26
5272,2763,14,1,506.49,506.49
5273,2764,19,5,77.01,385.05
5274,2765,61,2,1408.26,2816.52
5275,2766,59,1,309.22,309.22
5276,2767,37,1,368.6,368.6
5277,2767,41,2,175.34,350.68
5278,2767,74,4,102.75,411.0
5279,2768,80,2,113.53,227.06
5280,2769,54,1,100.69,100.69
5281,2769,57,2,309.44,618.88
5282,2769,19,1,77.01,77.01
5283,2769,38,5,313.65,1568.25
5284,2770,19,4,77.01,308.04
5285,2770,31,3,180.39,541.17
5286,2771,71,4,1883.43,7533.72
5287,2771,59,1,309.22,309.22
5288,2772,64,1,66.81,66.81
5289,2772,6,4,45.27,181.08
5290,2773,48,4,265.86,1063.44
5291,2773,8,4,180.66,722.64
5292,2774,38,5,313.65,1568.25
5293,2775,54,4,100.69,402.76
5294,2776,75,5,107.38,536.9
5295,2777,35,4,106.43,425.72
5296,2778,52,4,204.26,817.04
5297,2779,58,1,580.12,580.12
5298,2779,1,4,212.07,848.28
5299,2780,56,1,117.4,117.4
5300,2781,22,1,73.8,73.8
5301,2781,30,3,1115.17,3345.51
5302,2782,59,5,309.22,1546.1
5303,2782,51,4,3965.72,15862.88
5304,2783,79,3,66.15,198.45
5305,2783,72,1,215.38,215.38
5306,2784,56,5,117.4,587.0
5307,2784,78,2,2851.02,5702.04
5308,2785,64,2,66.81,133.62
5309,2786,33,3,119.54,358.62
5310,2787,11,4,28.03,112.12
5311,2787,25,3,383.92,1151.76
5312,2788,7,4,2939.07,11756.28
5313,2788,64,3,66.81,200.43
5314,2789,14,5,506.49,2532.45
5315,2790,30,1,1115.17,1115.17
5316,2791,41,2,175.34,350.68
5317,2792,74,1,102.75,102.75
5318,2792,68,4,19.08,76.32
5319,2793,4,3,200.21,600.63
5320,2793,66,5,605.81,3029.05
5321,2793,23,1,419.81,419.81
5322,2794,7,4,2939.07,11756.28
5323,2794,17,1,288.0,288.0
5324,2794,51,2,3965.72,7931.44
5325,2794,48,3,265.86,797.58
5326,2795,72,1,215.38,215.38
5327,2796,27,5,146.85,734.25
5328,2796,49,4,804.66,3218.64
5329,2797,80,1,113.53,113.53
5330,2797,30,5,1115.17,5575.85
5331,2798,1,3,212.07,636.21
5332,2799,13,1,195.9,195.9
5333,2799,9,2,4886.22,9772.44
5334,2800,65,5,43.77,218.85
5335,2801,42,4,80.53,322.12
5336,2802,9,1,4886.22,4886.22
5337,2802,72,4,215.38,861.52
5338,2803,15,1,559.13,559.13
5339,2804,55,2,537.2,1074.4
5340,2804,41,1,175.34,175.34
5341,2804,48,5,265.86,1329.3
5342,2804,51,2,3965.72,7931.44
5343,2805,39,4,130.63,522.52
5344,2805,62,2,269.1,538.2
5345,2806,5,3,169.65,508.95
5346,2806,47,2,145.99,291.98
5347,2806,80,4,113.53,454.12
5348,2807,55,2,537.2,1074.4
5349,2807,7,2,2939.07,5878.14
5350,2807,54,1,100.69,100.69
5351,2808,46,1,113.28,113.28
5352,2809,9,5,4886.22,24431.1
5353,2809,11,4,28.03,112.12
5354,2810,44,3,18.97,56.91
5355,2811,65,2,43.77,87.54
5356,2811,7,5,2939.07,14695.35
5357,2812,25,3,383.92,1151.76
5358,2813,36,5,142.92,714.6
5359,2813,12,3,3234.73,9704.19
5360,2814,68,5,19.08,95.4
5361,2815,40,1,875.77,875.77
5362,2815,68,4,19.08,76.32
5363,2816,45,2,344.12,688.24
5364,2817,35,3,106.43,319.29
5365,2817,1,1,212.07,212.07
5366,2817,34,4,150.04,600.16
5367,2818,26,3,184.74,554.22
5368,2819,3,2,762.92,1525.84
5369,2820,66,3,605.81,1817.43
5370,2820,58,1,580.12,580.12
5371,2820,57,1,309.44,309.44
5372,2821,32,1,112.33,112.33
5373,2821,49,3,804.66,2413.98
5374,2821,20,1,65.78,65.78
5375,2822,73,1,381.37,381.37
5376,2822,42,2,80.53,161.06
5377,2822,31,5,180.39,901.95
5378,2822,56,2,117.4,234.8
5379,2823,75,5,107.38,536.9
5380,2824,32,5,112.33,561.65
5381,2825,3,5,762.92,3814.6
5382,2825,75,4,107.38,429.52
5383,2825,62,5,269.1,1345.5
5384,2825,39,5,130.63,653.15
5385,2826,47,2,145.99,291.98
5386,2827,77,5,149.55,747.75
5387,2828,78,4,2851.02,11404.08
5388,2828,25,4,383.92,1535.68
5389,2829,7,4,2939.07,11756.28
5390,2830,58,2,580.12,1160.24
5391,2830,78,1,2851.02,2851.02
5392,2831,71,5,1883.43,9417.15
5393,2832,12,1,3234.73,3234.73
5394,2832,39,5,130.63,653.15
5395,2833,4,2,200.21,400.42
5396,2834,17,4,288.0,1152.0
5397,2835,74,1,102.75,102.75
5398,2836,20,3,65.78,197.34
5399,2836,73,5,381.37,1906.85
5400,2836,59,2,309.22,618.44
5401,2836,29,5,56.79,283.95
5402,2837,62,2,269.1,538.2
5403,2837,73,2,381.37,762.74
5404,2838,76,5,9.81,49.05
5405,2839,76,5,9.81,49.05
5406,2840,36,4,142.92,571.68
5407,2840,16,4,413.4,1653.6
5408,2841,58,4,580.12,2320.48
5409,2841,32,1,112.33,112.33
5410,2842,54,3,100.69,302.07
5411,2843,23,3,419.81,1259.43
5412,2844,77,5,149.55,747.75
5413,2844,9,4,4886.22,19544.88
5414,2844,24,2,33.34,66.68
5415,2844,59,1,309.22,309.22
5416,2845,17,4,288.0,1152.0
5417,2845,74,2,102.75,205.5
5418,2846,59,2,309.22,618.44
5419,2847,38,5,313.65,1568.25
5420,2848,27,4,146.85,587.4
5421,2848,32,3,112.33,336.99
5422,2848,71,4,1883.43,7533.72
5423,2849,79,3,66.15,198.45
5424,2849,37,3,368.6,1105.8
5425,2849,52,1,204.26,204.26
5426,2850,66,3,605.81,1817.43
5427,2850,75,5,107.38,536.9
5428,2850,37,3,368.6,1105.8
5429,2851,28,1,572.84,572.84
5430,2851,45,5,344.12,1720.6
5431,2851,18,3,146.84,440.52
5432,2852,65,4,43.77,175.08
5433,2852,37,2,368.6,737.2
5434,2853,62,5,269.1,1345.5
5435,2853,17,1,288.0,288.0
5436,2853,51,3,3965.72,11897.16
5437,2854,43,3,240.77,722.31
5438,2855,41,2,175.34,350.68
5439,2855,52,4,204.26,817.04
5440,2855,78,1,2851.02,2851.02
5441,2856,17,5,288.0,1440.0
5442,2856,33,3,119.54,358.62
5443,2857,79,3,66.15,198.45
5444,2857,19,4,77.01,308.04
5445,2857,36,4,142.92,571.68
5446,2858,29,1,56.79,56.79
5447,2858,14,1,506.49,506.49
5448,2858,26,1,184.74,184.74
5449,2859,48,5,265.86,1329.3
5450,2859,5,4,169.65,678.6
5451,2860,69,4,852.39,3409.56
5452,2861,34,3,150.04,450.12
5453,2862,38,4,313.65,1254.6
5454,2863,66,5,605.81,3029.05
5455,2864,7,2,2939.07,5878.14
5456,2864,62,2,269.1,538.2
5457,2864,30,4,1115.17,4460.68
5458,2865,41,2,175.34,350.68
5459,2865,6,3,45.27,135.81
5460,2866,76,3,9.81,29.43
5461,2866,68,1,19.08,19.08
5462,2867,9,5,4886.22,24431.1
5463,2867,64,1,66.81,66.81
5464,2867,18,5,146.84,734.2
5465,2868,9,4,4886.22,19544.88
5466,2868,52,5,204.26,1021.3
5467,2869,13,4,195.9,783.6
5468,2869,28,1,572.84,572.84
5469,2869,57,4,309.44,1237.76
5470,2870,64,5,66.81,334.05
5471,2871,25,2,383.92,767.84
5472,2871,3,4,762.92,3051.68
5473,2872,38,5,313.65,1568.25
5474,2873,19,4,77.01,308.04
5475,2874,41,4,175.34,701.36
5476,2874,69,1,852.39,852.39
5477,2874,24,5,33.34,166.7
5478,2875,41,4,175.34,701.36
5479,2875,10,4,236.68,946.72
5480,2875,32,4,112.33,449.32
5481,2876,3,3,762.92,2288.76
5482,2877,21,2,139.98,279.96
5483,2877,41,5,175.34,876.7
5484,2878,20,4,65.78,263.12
5485,2878,24,2,33.34,66.68
5486,2879,74,4,102.75,411.0
5487,2880,39,2,130.63,261.26
5488,2880,33,4,119.54,478.16
5489,2881,6,1,45.27,45.27
5490,2882,67,4,62.15,248.6
5491,2883,62,3,269.1,807.3
5492,2883,13,1,195.9,195.9
5493,2883,55,2,537.2,1074.4
5494,2884,77,4,149.55,598.2
5495,2884,34,2,150.04,300.08
5496,2885,41,1,175.34,175.34
5497,2886,14,2,506.49,1012.98
5498,2887,43,2,240.77,481.54
5499,2888,68,2,19.08,38.16
5500,2889,8,2,180.66,361.32
5501,2890,42,5,80.53,402.65
5502,2891,60,3,342.84,1028.52
5503,2891,70,3,150.13,450.39
5504,2891,13,4,195.9,783.6
5505,2891,5,1,169.65,169.65
5506,2892,64,1,66.81,66.81
5507,2892,34,4,150.04,600.16
5508,2892,7,5,2939.07,14695.35
5509,2893,6,3,45.27,135.81
5510,2893,2,2,159.24,318.48
5511,2893,20,1,65.78,65.78
5512,2893,55,4,537.2,2148.8
5513,2893,24,5,33.34,166.7
5514,2894,59,2,309.22,618.44
5515,2895,63,4,181.06,724.24
5516,2896,40,4,875.77,3503.08
5517,2896,72,3,215.38,646.14
5518,2897,4,5,200.21,1001.05
5519,2897,67,3,62.15,186.45
5520,2897,80,1,113.53,113.53
5521,2898,21,3,139.98,419.94
5522,2899,20,1,65.78,65.78
5523,2900,22,4,73.8,295.2
5524,2901,33,3,119.54,358.62
5525,2901,43,3,240.77,722.31
5526,2901,31,5,180.39,901.95
5527,2902,4,5,200.21,1001.05
5528,2902,53,3,477.39,1432.17
5529,2902,9,3,4886.22,14658.66
5530,2903,44,3,18.97,56.91
5531,2903,55,2,537.2,1074.4
5532,2904,74,5,102.75,513.75
5533,2905,76,5,9.81,49.05
5534,2905,40,1,875.77,875.77
5535,2906,53,3,477.39,1432.17
5536,2907,60,3,342.84,1028.52
5537,2908,59,5,309.22,1546.1
5538,2908,57,1,309.44,309.44
5539,2908,33,3,119.54,358.62
5540,2908,72,2,215.38,430.76
5541,2909,40,4,875.77,3503.08
5542,2909,3,3,762.92,2288.76
5543,2909,12,2,3234.73,6469.46
5544,2909,38,3,313.65,940.95
5545,2909,48,3,265.86,797.58
5546,2910,52,4,204.26,817.04
5547,2910,60,5,342.84,1714.2
5548,2910,65,4,43.77,175.08
5549,2911,72,4,215.38,861.52
5550,2911,42,5,80.53,402.65
5551,2912,45,2,344.12,688.24
5552,2913,77,5,149.55,747.75
5553,2914,33,2,119.54,239.08
5554,2914,76,1,9.81,9.81
5555,2914,12,2,3234.73,6469.46
5556,2914,52,1,204.26,204.26
5557,2915,35,1,106.43,106.43
5558,2915,51,1,3965.72,3965.72
5559,2915,70,5,150.13,750.65
5560,2915,1,3,212.07,636.21
5561,2916,76,4,9.81,39.24
5562,2916,16,2,413.4,826.8
5563,2917,37,5,368.6,1843.0
5564,2917,23,2,419.81,839.62
5565,2917,47,5,145.99,729.95
5566,2917,16,4,413.4,1653.6
5567,2918,73,4,381.37,1525.48
5568,2918,44,2,18.97,37.94
5569,2919,22,5,73.8,369.0
5570,2919,1,4,212.07,848.28
5571,2919,58,2,580.12,1160.24
5572,2919,45,1,344.12,344.12
5573,2920,79,2,66.15,132.3
5574,2921,39,5,130.63,653.15
5575,2921,18,3,146.84,440.52
5576,2921,79,4,66.15,264.6
5577,2922,50,1,138.67,138.67
5578,2923,63,5,181.06,905.3
5579,2923,8,4,180.66,722.64
5580,2924,64,1,66.81,66.81
5581,2925,68,2,19.08,38.16
5582,2926,60,2,342.84,685.68
5583,2927,75,5,107.38,536.9
5584,2927,69,1,852.39,852.39
5585,2928,57,1,309.44,309.44
5586,2928,74,3,102.75,308.25
5587,2929,76,1,9.81,9.81
5588,2930,9,4,4886.22,19544.88
5589,2931,38,1,313.65,313.65
5590,2932,65,1,43.77,43.77
5591,2933,7,2,2939.07,5878.14
5592,2934,53,1,477.39,477.39
5593,2934,49,1,804.66,804.66
5594,2935,39,4,130.63,522.52
5595,2935,50,3,138.67,416.01
5596,2936,56,3,117.4,352.2
5597,2937,9,3,4886.22,14658.66
5598,2938,39,5,130.63,653.15
5599,2938,20,2,65.78,131.56
5600,2939,34,1,150.04,150.04
5601,2939,7,1,2939.07,2939.07
5602,2940,20,3,65.78,197.34
5603,2940,78,4,2851.02,11404.08
5604,2940,27,4,146.85,587.4
5605,2941,48,4,265.86,1063.44
5606,2942,5,1,169.65,169.65
5607,2943,63,3,181.06,543.18
5608,2943,31,2,180.39,360.78
5609,2943,55,4,537.2,2148.8
5610,2944,61,5,1408.26,7041.3
5611,2944,55,4,537.2,2148.8
5612,2945,72,2,215.38,430.76
5613,2946,77,2,149.55,299.1
5614,2946,27,4,146.85,587.4
5615,2946,36,1,142.92,142.92
5616,2947,27,3,146.85,440.55
5617,2947,22,3,73.8,221.4
5618,2948,68,2,19.08,38.16
5619,2948,25,2,383.92,767.84
5620,2949,13,3,195.9,587.7
5621,2950,18,4,146.84,587.36
5622,2950,39,2,130.63,261.26
5623,2951,65,5,43.77,218.85
5624,2951,54,2,100.69,201.38
5625,2951,37,4,368.6,1474.4
5626,2951,14,5,506.49,2532.45
5627,2952,80,1,113.53,113.53
5628,2952,13,4,195.9,783.6
5629,2953,50,1,138.67,138.67
5630,2954,47,3,145.99,437.97
5631,2954,69,4,852.39,3409.56
5632,2954,37,5,368.6,1843.0
5633,2955,66,2,605.81,1211.62
5634,2956,16,1,413.4,413.4
5635,2957,8,5,180.66,903.3
5636,2958,20,1,65.78,65.78
5637,2959,30,4,1115.17,4460.68
5638,2959,75,1,107.38,107.38
5639,2960,69,1,852.39,852.39
5640,2961,37,5,368.6,1843.0
5641,2961,29,4,56.79,227.16
5642,2962,10,4,236.68,946.72
5643,2962,80,2,113.53,227.06
5644,2963,48,2,265.86,531.72
5645,2964,10,5,236.68,1183.4
5646,2965,17,1,288.0,288.0
5647,2966,33,2,119.54,239.08
5648,2966,46,5,113.28,566.4
5649,2966,61,3,1408.26,4224.78
5650,2967,26,2,184.74,369.48
5651,2968,62,5,269.1,1345.5
5652,2968,2,4,159.24,636.96
5653,2969,49,3,804.66,2413.98
5654,2969,24,5,33.34,166.7
5655,2969,11,2,28.03,56.06
5656,2970,35,5,106.43,532.15
5657,2970,75,3,107.38,322.14
5658,2970,38,5,313.65,1568.25
5659,2971,60,1,342.84,342.84
5660,2972,40,3,875.77,2627.31
5661,2973,40,1,875.77,875.77
5662,2973,74,1,102.75,102.75
5663,2973,59,4,309.22,1236.88
5664,2973,7,2,2939.07,5878.14
5665,2974,55,4,537.2,2148.8
5666,2974,72,1,215.38,215.38
5667,2974,79,3,66.15,198.45
5668,2975,16,1,413.4,413.4
5669,2975,74,4,102.75,411.0
5670,2976,63,4,181.06,724.24
5671,2977,44,1,18.97,18.97
5672,2978,75,3,107.38,322.14
5673,2978,4,2,200.21,400.42
5674,2978,70,3,150.13,450.39
5675,2978,57,5,309.44,1547.2
5676,2978,34,4,150.04,600.16
5677,2979,78,5,2851.02,14255.1
5678,2979,11,4,28.03,112.12
5679,2979,63,2,181.06,362.12
5680,2980,26,3,184.74,554.22
5681,2981,72,5,215.38,1076.9
5682,2981,48,5,265.86,1329.3
5683,2982,14,1,506.49,506.49
5684,2983,35,5,106.43,532.15
5685,2984,78,4,2851.02,11404.08
5686,2984,33,4,119.54,478.16
5687,2984,66,2,605.81,1211.62
5688,2984,43,4,240.77,963.08
5689,2985,4,4,200.21,800.84
5690,2985,13,4,195.9,783.6
5691,2986,41,3,175.34,526.02
5692,2987,29,3,56.79,170.37
5693,2988,56,3,117.4,352.2
5694,2989,18,5,146.84,734.2
5695,2989,52,4,204.26,817.04
5696,2989,64,5,66.81,334.05
5697,2990,14,5,506.49,2532.45
5698,2990,49,4,804.66,3218.64
5699,2991,5,1,169.65,169.65
5700,2992,9,4,4886.22,19544.88
5701,2993,58,3,580.12,1740.36
5702,2993,78,2,2851.02,5702.04
5703,2993,13,5,195.9,979.5
5704,2994,63,1,181.06,181.06
5705,2994,33,2,119.54,239.08
5706,2994,48,5,265.86,1329.3
5707,2995,24,1,33.34,33.34
5708,2995,14,2,506.49,1012.98
5709,2995,7,3,2939.07,8817.21
5710,2995,3,5,762.92,3814.6
5711,2996,2,3,159.24,477.72
5712,2996,7,2,2939.07,5878.14
5713,2997,48,5,265.86,1329.3
5714,2998,67,1,62.15,62.15
5715,2998,48,1,265.86,265.86
5716,2998,51,1,3965.72,3965.72
5717,2999,15,1,559.13,559.13
5718,2999,31,5,180.39,901.95
5719,3000,76,3,9.81,29.43
