pedido_id,cliente_id,data_pedido,hora_pedido,status,forma_pagamento,frete,desconto_pct,data_entrega,canal_venda,subtotal_produtos,desconto_valor,valor_total
1,266,2024-10-02,02:04:15,concluído,cartão crédito,4.12,0,2024-10-15,loja física,4035.24,0.0,4039.36
2,422,2026-05-16,11:44:06,enviado,cartão crédito,14.66,0,,marketplace,9671.32,0.0,9685.98
3,157,2024-10-29,04:40:46,enviado,cartão crédito,35.81,0,,loja física,56.79,0.0,92.6
4,373,2024-06-07,03:43:45,concluído,pix,17.59,20,2024-06-08,marketplace,2627.31,525.46,2119.44
5,406,2024-06-13,21:02:46,enviado,boleto,3.74,5,,marketplace,14255.1,712.76,13546.08
6,348,2026-04-04,04:12:49,concluído,cartão crédito,1.55,10,2026-04-16,loja física,38.16,3.82,35.89
7,121,2025-06-27,19:31:08,concluído,pix,18.28,0,2025-06-29,site,3217.08,0.0,3235.36
8,348,2025-12-23,04:51:22,enviado,cartão crédito,18.51,0,,site,506.49,0.0,525.0
9,188,2025-12-19,07:12:57,concluído,cartão crédito,32.41,0,2025-12-28,site,5352.320000000001,0.0,5384.73
10,256,2025-03-21,14:28:09,concluído,cartão débito,45.59,0,2025-03-24,marketplace,1708.52,0.0,1754.11
11,110,2025-06-20,15:09:33,enviado,boleto,14.25,15,,loja física,923.7,138.56,799.39
12,437,2025-04-14,03:15:16,concluído,cartão crédito,8.62,10,2025-04-17,site,587.7,58.77,537.55
13,496,2026-05-23,21:55:49,processando,pix,15.95,0,,site,3503.08,0.0,3519.03
14,457,2025-04-22,21:14:51,concluído,cartão crédito,7.86,10,2025-04-27,app,309.44,30.94,286.36
15,261,2025-04-06,10:36:05,enviado,cartão crédito,49.16,10,,app,963.15,96.32,915.99
16,14,2026-01-01,09:17:48,enviado,cartão crédito,28.56,0,,app,1301.73,0.0,1330.29
17,45,2025-03-20,17:43:23,enviado,cartão crédito,19.87,10,,loja física,1162.08,116.21,1065.74
18,210,2025-03-29,04:46:28,concluído,pix,3.68,20,2025-04-11,site,1989.47,397.89,1595.26
19,265,2025-06-19,03:41:32,concluído,cartão crédito,43.81,10,2025-06-30,app,699.9,69.99,673.72
20,67,2025-01-28,23:48:27,enviado,cartão crédito,45.44,0,,site,265.66,0.0,311.1
21,85,2025-10-14,19:48:44,concluído,cartão crédito,46.64,0,2025-10-19,marketplace,2365.3199999999997,0.0,2411.96
22,129,2025-09-03,20:40:22,processando,cartão crédito,47.72,0,,marketplace,224.66,0.0,272.38
23,48,2024-07-29,05:42:09,enviado,cartão débito,8.41,15,,app,4055.41,608.31,3455.51
24,369,2025-04-17,10:09:03,concluído,boleto,16.85,15,2025-04-27,site,836.12,125.42,727.55
25,15,2026-04-22,07:23:09,processando,cartão crédito,47.33,10,,marketplace,2108.23,210.82,1944.74
26,393,2024-07-04,01:35:01,enviado,cartão débito,30.84,0,,marketplace,595.28,0.0,626.12
27,155,2026-05-20,17:43:40,enviado,cartão débito,40.15,5,,marketplace,515.01,25.75,529.41
28,31,2024-09-08,14:13:37,concluído,cartão crédito,20.74,0,2024-09-20,marketplace,636.96,0.0,657.7
29,161,2025-03-29,19:28:29,enviado,pix,15.93,20,,marketplace,734.2,146.84,603.29
30,67,2026-05-28,21:57:08,cancelado,pix,25.7,0,,app,801.06,0.0,826.76
31,231,2025-08-17,05:30:23,concluído,cartão crédito,4.83,0,2025-08-22,loja física,536.9,0.0,541.73
32,215,2024-10-08,00:27:08,processando,cartão crédito,43.18,0,,marketplace,3488.3,0.0,3531.48
33,370,2024-11-01,18:28:26,cancelado,cartão crédito,38.08,0,,loja física,3014.61,0.0,3052.69
34,255,2026-01-17,12:13:58,concluído,cartão crédito,47.17,5,2026-01-22,app,977.29,48.86,975.6
35,25,2025-05-08,18:58:52,concluído,cartão crédito,24.7,15,2025-05-14,loja física,7097.91,1064.69,6057.92
36,434,2024-12-19,04:09:35,concluído,cartão crédito,6.68,0,2024-12-20,marketplace,2236.52,0.0,2243.2
37,188,2026-01-23,23:19:11,enviado,cartão crédito,2.55,5,,marketplace,135.81,6.79,131.57
38,198,2026-05-14,02:57:16,concluído,cartão débito,38.14,0,2026-05-16,site,2997.78,0.0,3035.92
39,202,2026-01-08,16:12:58,concluído,cartão crédito,49.24,5,2026-01-10,marketplace,1341.76,67.09,1323.91
40,102,2025-12-16,21:25:34,enviado,cartão débito,20.03,0,,site,646.88,0.0,666.91
41,412,2025-03-01,15:46:32,concluído,cartão débito,22.8,5,2025-03-07,app,8056.42,402.82,7676.4
42,164,2025-07-04,17:35:11,concluído,cartão crédito,49.43,10,2025-07-14,marketplace,864.23,86.42,827.24
43,425,2025-12-06,16:54:38,concluído,cartão débito,24.44,5,2025-12-15,loja física,9150.76,457.54,8717.66
44,189,2025-06-18,10:22:09,processando,cartão crédito,5.47,0,,marketplace,132.3,0.0,137.77
45,372,2025-10-10,02:40:42,enviado,pix,31.4,5,,marketplace,646.14,32.31,645.23
46,401,2025-11-20,16:10:14,cancelado,boleto,28.87,0,,site,20403.09,0.0,20431.96
47,269,2025-03-16,21:10:50,concluído,cartão débito,30.92,10,2025-03-19,app,368.6,36.86,362.66
48,125,2025-11-26,20:40:04,processando,cartão crédito,47.32,0,,site,1138.7,0.0,1186.02
49,78,2024-07-18,17:29:24,concluído,cartão crédito,10.17,5,2024-07-25,loja física,4071.85,203.59,3878.43
50,377,2025-10-22,11:34:17,processando,pix,35.22,5,,marketplace,15132.66,756.63,14411.25
51,245,2025-03-30,04:55:43,cancelado,cartão débito,15.66,0,,marketplace,612.78,0.0,628.44
52,396,2026-05-24,13:21:34,concluído,pix,33.97,10,2026-06-04,marketplace,1087.3,108.73,1012.54
53,99,2025-04-29,06:28:58,enviado,boleto,13.92,0,,marketplace,923.52,0.0,937.44
54,361,2025-12-27,07:34:22,enviado,cartão crédito,35.18,0,,marketplace,12689.26,0.0,12724.44
55,408,2024-12-12,14:19:51,concluído,pix,14.36,5,2024-12-27,loja física,1159.83,57.99,1116.2
56,203,2024-12-09,03:34:58,processando,pix,47.63,10,,marketplace,1432.17,143.22,1336.58
57,41,2025-06-09,23:14:52,concluído,cartão crédito,22.07,0,2025-06-21,loja física,2939.07,0.0,2961.14
58,276,2024-06-30,17:03:56,concluído,cartão crédito,28.04,0,2024-07-14,site,2415.56,0.0,2443.6
59,301,2026-05-20,15:13:00,enviado,cartão crédito,2.53,15,,app,7480.18,1122.03,6360.68
60,27,2026-02-25,11:34:22,enviado,cartão crédito,16.48,0,,app,1740.36,0.0,1756.84
61,476,2025-03-11,15:02:55,concluído,cartão crédito,32.58,15,2025-03-20,loja física,66.68,10.0,89.26
62,388,2025-10-06,23:36:32,concluído,boleto,16.03,5,2025-10-10,site,666.97,33.35,649.65
63,119,2025-12-04,17:00:41,enviado,cartão débito,36.08,15,,app,1646.01,246.9,1435.19
64,91,2025-11-11,07:17:06,concluído,boleto,1.81,10,2025-11-25,loja física,1751.54,175.15,1578.2
65,493,2024-06-25,20:31:46,concluído,pix,14.44,0,2024-07-07,marketplace,940.95,0.0,955.39
66,476,2025-11-27,15:36:27,concluído,boleto,14.2,20,2025-11-29,loja física,1636.3700000000001,327.27,1323.3
67,69,2025-11-02,22:53:28,processando,pix,23.35,0,,site,28891.78,0.0,28915.13
68,235,2025-10-18,03:41:13,concluído,cartão débito,35.86,0,2025-10-30,marketplace,946.72,0.0,982.58
69,291,2024-09-26,18:33:39,enviado,pix,9.64,5,,loja física,5890.29,294.51,5605.42
70,264,2024-12-23,21:21:19,processando,cartão crédito,20.0,0,,app,1535.68,0.0,1555.68
71,128,2025-09-17,03:56:10,concluído,cartão crédito,19.14,0,2025-10-02,marketplace,3745.15,0.0,3764.29
72,155,2025-05-23,16:23:18,cancelado,cartão débito,28.59,0,,marketplace,37.94,0.0,66.53
73,32,2025-11-14,21:47:51,enviado,pix,23.22,0,,marketplace,215.38,0.0,238.6
74,328,2024-09-26,08:55:31,enviado,boleto,14.72,5,,app,901.95,45.1,871.57
75,245,2024-12-18,10:04:14,cancelado,cartão crédito,37.31,5,,loja física,737.2,36.86,737.65
76,468,2024-12-13,01:56:39,enviado,cartão débito,26.82,5,,app,587.0,29.35,584.47
77,349,2025-09-14,14:40:30,enviado,pix,43.57,0,,loja física,636.96,0.0,680.53
78,40,2025-08-27,02:52:13,concluído,boleto,5.6,10,2025-09-02,app,425.72,42.57,388.75
79,85,2025-10-31,13:38:39,concluído,cartão crédito,25.97,0,2025-11-03,app,385.05,0.0,411.02
80,251,2026-03-19,12:47:29,enviado,cartão crédito,25.47,10,,loja física,1704.78,170.48,1559.77
81,234,2024-10-07,07:01:23,concluído,cartão débito,27.88,5,2024-10-14,marketplace,318.48,15.92,330.44
82,203,2024-06-13,11:47:01,enviado,cartão crédito,0.15,0,,site,1092.12,0.0,1092.27
83,359,2024-09-02,13:48:53,concluído,cartão crédito,49.61,15,2024-09-08,site,6192.259999999999,928.84,5313.03
84,242,2026-01-23,17:45:40,cancelado,cartão crédito,20.4,10,,loja física,1476.1499999999999,147.61,1348.94
85,196,2024-08-14,14:30:10,concluído,cartão crédito,45.76,0,2024-08-29,site,963.08,0.0,1008.84
86,339,2025-10-17,10:14:09,enviado,pix,6.64,15,,site,1821.12,273.17,1554.59
87,202,2025-12-08,15:09:35,concluído,cartão débito,36.32,0,2025-12-17,site,9796.71,0.0,9833.03
88,153,2026-05-17,01:43:59,enviado,cartão débito,35.88,0,,loja física,2851.02,0.0,2886.9
89,127,2025-03-29,10:33:32,processando,cartão débito,7.74,0,,site,1233.48,0.0,1241.22
90,215,2025-04-08,18:50:48,concluído,cartão débito,46.72,15,2025-04-19,app,4179.389999999999,626.91,3599.2
91,305,2025-12-04,07:53:33,concluído,cartão crédito,29.83,10,2025-12-06,site,1076.4,107.64,998.59
92,206,2025-09-02,04:37:13,concluído,cartão crédito,26.93,10,2025-09-03,site,107.38,10.74,123.57
93,120,2026-05-04,17:34:27,concluído,pix,36.5,0,2026-05-09,marketplace,468.7,0.0,505.2
94,74,2024-08-05,07:35:57,concluído,boleto,26.01,0,2024-08-20,marketplace,19.62,0.0,45.63
95,451,2025-07-11,16:01:44,concluído,pix,8.74,5,2025-07-21,loja física,1133.33,56.67,1085.4
96,483,2026-05-11,16:28:46,concluído,cartão débito,19.02,5,2026-05-17,loja física,714.6,35.73,697.89
97,193,2024-10-28,13:43:06,concluído,cartão crédito,26.84,0,2024-11-02,app,5817.78,0.0,5844.62
98,74,2026-04-15,07:44:11,concluído,pix,45.65,5,2026-04-27,loja física,574.18,28.71,591.12
99,199,2025-04-28,10:03:42,concluído,cartão crédito,10.15,5,2025-05-01,loja física,241.59,12.08,239.66
100,48,2024-10-10,16:58:26,processando,cartão débito,41.39,0,,loja física,1259.43,0.0,1300.82
101,309,2026-03-10,09:27:03,enviado,cartão crédito,3.63,10,,app,1954.83,195.48,1762.98
102,465,2025-05-01,11:15:32,concluído,cartão crédito,47.76,0,2025-05-15,app,37.94,0.0,85.7
103,61,2024-12-17,07:39:34,cancelado,pix,37.64,15,,app,1344.45,201.67,1180.42
104,283,2025-11-23,06:34:14,concluído,cartão crédito,14.12,0,2025-11-27,marketplace,3113.63,0.0,3127.75
105,263,2025-01-24,15:34:44,concluído,pix,23.25,10,2025-01-30,loja física,180.66,18.07,185.84
106,164,2025-06-27,18:31:52,enviado,boleto,18.5,0,,app,9240.32,0.0,9258.82
107,9,2025-07-23,01:23:27,enviado,cartão crédito,46.64,5,,loja física,5702.04,285.1,5463.58
108,169,2025-10-28,08:52:04,concluído,cartão crédito,28.43,0,2025-11-01,marketplace,1535.68,0.0,1564.11
109,251,2026-04-23,14:10:06,concluído,boleto,32.02,0,2026-05-07,app,57.24,0.0,89.26
110,181,2025-03-28,05:29:41,enviado,cartão crédito,35.94,0,,site,734.25,0.0,770.19
111,434,2025-09-02,03:07:00,concluído,cartão crédito,40.82,0,2025-09-16,site,419.81,0.0,460.63
112,323,2025-01-29,02:56:24,concluído,cartão crédito,35.29,0,2025-02-12,loja física,146.84,0.0,182.13
113,327,2025-12-25,23:18:32,concluído,pix,30.76,0,2026-01-04,loja física,1260.42,0.0,1291.18
114,283,2025-04-19,14:44:44,concluído,cartão crédito,0.83,10,2025-04-28,marketplace,3350.46,335.05,3016.24
115,358,2026-01-09,08:42:39,concluído,pix,40.23,15,2026-01-23,site,10134.560000000001,1520.18,8654.61
116,269,2026-04-15,15:05:12,processando,cartão crédito,9.58,5,,marketplace,131.31,6.57,134.32
117,41,2026-05-22,20:22:57,concluído,cartão crédito,20.26,5,2026-05-29,app,1609.32,80.47,1549.11
118,435,2025-12-21,02:12:57,concluído,cartão crédito,49.48,5,2026-01-04,site,2143.33,107.17,2085.64
119,194,2026-04-10,04:55:24,concluído,cartão débito,2.8,0,2026-04-17,app,1260.27,0.0,1263.07
120,223,2024-08-11,22:31:08,concluído,cartão débito,16.53,20,2024-08-25,site,300.08,60.02,256.59
121,471,2024-08-27,18:48:51,processando,cartão crédito,10.55,15,,loja física,1677.39,251.61,1436.33
122,39,2025-10-11,01:03:26,concluído,pix,13.99,5,2025-10-26,site,7736.490000000001,386.82,7363.66
123,162,2025-08-22,16:03:13,concluído,cartão crédito,10.34,0,2025-09-05,loja física,425.72,0.0,436.06
124,154,2026-01-28,04:22:11,cancelado,cartão crédito,12.0,10,,loja física,605.81,60.58,557.23
125,277,2026-02-13,08:54:30,enviado,cartão crédito,37.7,0,,site,139.98,0.0,177.68
126,28,2025-02-26,09:44:43,concluído,cartão crédito,11.58,0,2025-03-04,loja física,567.65,0.0,579.23
127,168,2026-02-26,08:06:30,cancelado,cartão crédito,13.64,20,,loja física,7232.38,1446.48,5799.54
128,482,2024-09-22,18:10:12,concluído,cartão crédito,9.27,5,2024-10-01,loja física,4418.44,220.92,4206.79
129,152,2024-12-29,20:43:09,concluído,pix,35.58,0,2025-01-08,app,2416.5299999999997,0.0,2452.11
130,325,2026-01-06,11:08:17,concluído,cartão crédito,19.44,0,2026-01-19,site,2099.05,0.0,2118.49
131,228,2024-11-13,15:38:14,concluído,cartão crédito,13.46,0,2024-11-18,app,283.95,0.0,297.41
132,285,2026-05-27,06:34:08,concluído,cartão débito,5.15,0,2026-06-05,site,460.02000000000004,0.0,465.17
133,167,2026-01-06,02:56:21,concluído,pix,0.62,0,2026-01-19,site,533.96,0.0,534.58
134,287,2025-04-09,00:30:02,enviado,boleto,48.81,5,,app,810.12,40.51,818.42
135,87,2025-11-28,20:16:12,enviado,cartão crédito,15.03,0,,site,671.75,0.0,686.78
136,216,2025-01-29,05:12:17,concluído,cartão crédito,39.06,0,2025-02-03,app,989.76,0.0,1028.82
137,254,2024-06-08,21:28:52,enviado,cartão débito,9.76,0,,marketplace,5612.900000000001,0.0,5622.66
138,171,2024-10-12,16:58:37,concluído,pix,18.96,15,2024-10-19,loja física,9417.15,1412.57,8023.54
139,422,2026-02-28,00:23:56,concluído,pix,48.61,0,2026-03-14,marketplace,133.36,0.0,181.97
140,356,2025-06-20,20:11:02,enviado,cartão crédito,15.68,20,,marketplace,139.98,28.0,127.66
141,325,2024-06-05,03:13:29,concluído,cartão débito,28.74,0,2024-06-17,loja física,734.25,0.0,762.99
142,202,2024-08-18,03:35:53,concluído,cartão crédito,46.51,0,2024-08-31,app,38430.41,0.0,38476.92
143,282,2024-07-28,03:44:16,enviado,cartão crédito,36.29,15,,app,8233.12,1234.97,7034.44
144,426,2026-01-25,21:25:29,concluído,pix,40.87,10,2026-01-30,loja física,1348.13,134.81,1254.19
145,72,2025-11-26,18:04:56,enviado,cartão débito,12.08,5,,loja física,9.81,0.49,21.4
146,38,2025-04-24,10:53:34,enviado,cartão crédito,29.84,5,,loja física,8300.039999999999,415.0,7914.88
147,496,2025-07-16,15:47:55,concluído,cartão crédito,44.69,5,2025-07-29,site,1983.1699999999998,99.16,1928.7
148,337,2025-04-23,16:18:07,concluído,pix,8.3,5,2025-04-27,loja física,2291.36,114.57,2185.09
149,170,2025-10-25,06:57:26,cancelado,boleto,21.48,0,,marketplace,175.34,0.0,196.82
150,266,2025-01-13,20:51:00,concluído,cartão débito,34.31,0,2025-01-25,marketplace,279.96,0.0,314.27
151,348,2025-12-25,06:41:44,concluído,cartão débito,24.97,0,2026-01-07,site,227.16,0.0,252.13
152,213,2025-05-04,15:16:50,concluído,boleto,4.28,10,2025-05-09,app,773.29,77.33,700.24
153,234,2024-10-14,10:39:04,concluído,pix,26.0,0,2024-10-20,site,543.18,0.0,569.18
154,232,2024-10-18,22:09:23,concluído,cartão crédito,14.98,10,2024-10-30,site,2230.34,223.03,2022.29
155,332,2025-03-21,21:48:22,concluído,cartão crédito,39.92,15,2025-03-27,app,691.64,103.75,627.81
156,82,2024-10-26,16:32:47,concluído,cartão crédito,21.28,0,2024-11-04,loja física,7041.3,0.0,7062.58
157,96,2025-12-02,18:11:20,enviado,cartão débito,21.56,0,,app,200.43,0.0,221.99
158,200,2024-09-16,05:55:45,concluído,cartão crédito,10.72,0,2024-09-23,site,1979.6,0.0,1990.32
159,447,2024-11-04,17:10:05,concluído,cartão débito,18.25,0,2024-11-17,site,149.55,0.0,167.8
160,251,2025-06-16,18:16:46,concluído,cartão débito,31.89,5,2025-06-30,loja física,3192.49,159.62,3064.76
161,181,2024-10-23,06:13:54,concluído,pix,30.81,10,2024-10-29,marketplace,1249.18,124.92,1155.07
162,303,2025-06-29,07:11:50,processando,cartão crédito,6.68,0,,marketplace,762.92,0.0,769.6
163,356,2024-08-28,12:47:16,concluído,cartão crédito,19.38,5,2024-09-03,loja física,119.54,5.98,132.94
164,326,2025-05-19,22:43:26,concluído,cartão débito,45.87,15,2025-05-27,app,344.12,51.62,338.37
165,148,2025-08-18,09:09:41,concluído,cartão crédito,15.7,0,2025-08-26,site,1160.24,0.0,1175.94
166,488,2026-02-26,10:45:49,processando,cartão crédito,6.81,10,,loja física,7799.64,779.96,7026.49
167,213,2024-11-16,00:27:10,concluído,pix,22.15,0,2024-11-24,site,5550.61,0.0,5572.76
168,113,2024-10-26,02:20:31,enviado,cartão crédito,13.72,5,,app,7282.070000000001,364.1,6931.69
169,290,2024-11-06,23:36:25,enviado,pix,38.22,5,,site,561.65,28.08,571.79
170,397,2024-07-19,17:18:12,concluído,cartão débito,49.45,5,2024-07-24,site,3849.2,192.46,3706.19
171,226,2026-01-07,09:14:26,enviado,cartão débito,49.39,0,,app,15206.74,0.0,15256.13
172,231,2024-10-23,20:07:15,concluído,cartão crédito,43.02,0,2024-10-24,site,119.54,0.0,162.56
173,122,2026-02-22,09:58:51,enviado,cartão crédito,36.81,5,,loja física,14255.1,712.76,13579.15
174,402,2026-01-14,13:39:12,concluído,cartão crédito,10.33,0,2026-01-17,marketplace,10767.98,0.0,10778.31
175,276,2024-10-30,22:47:26,concluído,cartão crédito,48.85,0,2024-11-09,marketplace,10848.84,0.0,10897.69
176,264,2024-12-22,08:28:05,cancelado,boleto,33.9,0,,loja física,269.1,0.0,303.0
177,142,2026-05-05,17:23:28,processando,pix,6.33,15,,app,1469.36,220.4,1255.29
178,425,2026-04-11,21:53:22,concluído,cartão crédito,42.09,0,2026-04-17,app,269.1,0.0,311.19
179,322,2025-04-17,10:14:26,concluído,cartão crédito,22.55,5,2025-04-22,site,229.64000000000001,11.48,240.71
180,143,2025-05-12,05:36:32,concluído,pix,43.78,0,2025-05-24,loja física,1060.35,0.0,1104.13
181,445,2025-10-03,18:53:37,concluído,pix,36.56,10,2025-10-04,loja física,298.83,29.88,305.51
182,358,2026-05-14,00:49:06,enviado,cartão crédito,3.16,5,,app,3766.86,188.34,3581.68
183,423,2025-10-01,21:51:27,cancelado,cartão crédito,13.4,10,,marketplace,5232.36,523.24,4722.52
184,290,2024-08-27,17:20:55,concluído,pix,39.34,15,2024-08-30,site,646.14,96.92,588.56
185,402,2026-04-09,09:14:19,concluído,pix,0.81,15,2026-04-20,app,1128.46,169.27,960.0
186,491,2025-10-11,05:46:51,concluído,cartão crédito,49.69,15,2025-10-12,marketplace,826.8,124.02,752.47
187,449,2024-10-10,22:36:49,concluído,cartão crédito,32.66,0,2024-10-25,marketplace,2423.24,0.0,2455.9
188,333,2024-08-04,21:33:38,enviado,cartão crédito,19.78,0,,app,419.94,0.0,439.72
189,361,2025-01-17,14:03:18,concluído,cartão crédito,10.65,0,2025-01-19,app,140.15,0.0,150.8
190,5,2024-08-09,11:29:36,concluído,cartão crédito,17.14,0,2024-08-17,loja física,7390.65,0.0,7407.79
191,245,2025-03-24,07:10:06,enviado,cartão crédito,19.12,10,,site,1466.23,146.62,1338.73
192,452,2024-09-08,18:01:52,concluído,cartão crédito,19.1,10,2024-09-14,app,56.06,5.61,69.55
193,347,2025-01-04,21:01:10,enviado,cartão crédito,26.47,0,,app,675.87,0.0,702.34
194,110,2024-07-23,19:44:12,concluído,cartão débito,7.55,0,2024-08-04,loja física,8699.9,0.0,8707.45
195,45,2025-02-24,15:58:19,processando,pix,6.99,0,,loja física,16608.09,0.0,16615.08
196,162,2024-06-26,22:49:28,concluído,pix,12.36,5,2024-07-03,app,300.26,15.01,297.61
197,370,2025-09-01,19:02:17,concluído,cartão débito,38.87,5,2025-09-11,marketplace,1022.6400000000001,51.13,1010.38
198,261,2024-12-03,06:25:00,concluído,cartão crédito,19.55,5,2024-12-13,app,3777.91,188.9,3608.56
199,124,2025-06-10,02:26:45,concluído,cartão débito,29.64,5,2025-06-12,site,227.16,11.36,245.44
200,479,2025-06-15,18:28:34,cancelado,cartão crédito,19.3,10,,loja física,1720.6,172.06,1567.84
201,89,2025-11-08,11:47:04,concluído,pix,47.63,10,2025-11-19,site,43.77,4.38,87.02
202,135,2026-01-15,15:10:18,concluído,cartão crédito,46.04,15,2026-01-16,loja física,9018.589999999998,1352.79,7711.84
203,365,2024-08-21,05:01:00,concluído,cartão débito,20.73,10,2024-09-01,site,1745.1299999999999,174.51,1591.35
204,276,2024-06-11,07:00:48,enviado,cartão débito,13.85,0,,app,400.42,0.0,414.27
205,80,2024-07-21,07:58:23,cancelado,cartão débito,19.5,5,,site,13121.19,656.06,12484.63
206,374,2024-12-27,13:54:09,concluído,boleto,11.91,0,2025-01-03,loja física,113.53,0.0,125.44
207,312,2026-01-08,20:20:29,concluído,cartão crédito,33.24,5,2026-01-18,app,580.12,29.01,584.35
208,71,2024-06-09,12:30:45,concluído,pix,8.18,20,2024-06-21,marketplace,5250.25,1050.05,4208.38
209,384,2025-11-02,16:18:15,concluído,pix,13.41,15,2025-11-05,site,1121.67,168.25,966.83
210,140,2025-08-30,07:22:05,concluído,cartão débito,13.12,20,2025-09-06,site,1878.0900000000001,375.62,1515.59
211,185,2026-02-06,21:41:09,concluído,cartão crédito,42.88,0,2026-02-15,app,1687.27,0.0,1730.15
212,458,2024-07-06,10:06:46,concluído,cartão débito,36.07,0,2024-07-08,site,413.4,0.0,449.47
213,7,2024-08-18,03:03:39,concluído,cartão crédito,23.54,0,2024-09-01,app,597.7,0.0,621.24
214,19,2024-11-14,20:23:50,concluído,cartão débito,45.61,10,2024-11-28,loja física,159.24,15.92,188.93
215,214,2025-07-14,14:49:10,concluído,boleto,15.96,10,2025-07-18,marketplace,1376.48,137.65,1254.79
216,462,2026-02-08,21:46:08,concluído,cartão crédito,11.14,5,2026-02-19,site,477.39,23.87,464.66
217,36,2024-06-09,13:10:14,cancelado,pix,43.22,10,,marketplace,205.5,20.55,228.17
218,234,2025-03-22,16:42:58,concluído,cartão crédito,10.01,5,2025-03-31,marketplace,3956.29,197.81,3768.49
219,125,2025-09-15,06:15:02,enviado,cartão débito,29.53,0,,app,737.2,0.0,766.73
220,280,2025-07-12,20:40:56,enviado,pix,12.23,0,,loja física,133.62,0.0,145.85
221,178,2026-01-16,06:39:04,concluído,cartão débito,34.6,0,2026-01-25,marketplace,662.4000000000001,0.0,697.0
222,193,2024-12-27,09:20:11,concluído,pix,36.29,0,2025-01-07,app,212.86,0.0,249.15
223,498,2026-05-28,21:55:49,concluído,boleto,35.51,0,2026-05-29,app,84.09,0.0,119.6
224,267,2025-06-16,08:07:05,processando,cartão crédito,44.69,0,,site,3892.25,0.0,3936.94
225,69,2025-06-06,11:28:40,concluído,cartão débito,19.68,5,2025-06-15,site,14658.66,732.93,13945.41
226,122,2026-01-12,19:39:13,concluído,cartão crédito,42.46,15,2026-01-15,loja física,1718.52,257.78,1503.2
227,377,2025-02-20,16:29:31,enviado,cartão crédito,22.59,0,,app,65.78,0.0,88.37
228,300,2025-09-16,08:06:01,concluído,cartão crédito,5.27,0,2025-09-29,marketplace,12045.34,0.0,12050.61
229,184,2025-05-03,11:23:37,concluído,boleto,10.36,0,2025-05-12,marketplace,4277.41,0.0,4287.77
230,47,2025-02-20,07:32:54,processando,cartão crédito,34.23,10,,site,66.68,6.67,94.24
231,168,2025-03-18,21:44:01,concluído,cartão crédito,35.49,20,2025-04-01,loja física,1236.88,247.38,1024.99
232,154,2025-11-15,12:35:22,concluído,cartão crédito,49.43,0,2025-11-26,loja física,722.44,0.0,771.87
233,285,2026-04-26,07:26:15,processando,pix,12.47,0,,app,6639.83,0.0,6652.3
234,426,2025-02-25,09:13:30,concluído,pix,11.09,0,2025-02-26,loja física,597.7,0.0,608.79
235,481,2025-02-03,17:59:44,concluído,cartão débito,29.06,0,2025-02-14,site,3591.53,0.0,3620.59
236,102,2026-02-28,08:56:00,concluído,boleto,22.13,0,2026-03-02,marketplace,100.02,0.0,122.15
237,26,2024-12-07,00:12:37,concluído,cartão crédito,28.64,10,2024-12-15,loja física,8733.1,873.31,7888.43
238,350,2025-03-11,11:15:07,concluído,cartão crédito,17.66,15,2025-03-18,marketplace,181.06,27.16,171.56
239,77,2025-11-02,11:45:21,concluído,cartão crédito,30.9,0,2025-11-17,marketplace,16157.56,0.0,16188.46
240,282,2025-04-09,09:50:32,concluído,cartão débito,4.38,0,2025-04-24,loja física,13622.310000000001,0.0,13626.69
241,409,2025-03-24,20:21:02,concluído,cartão débito,31.47,10,2025-04-08,site,7355.65,735.56,6651.56
242,401,2025-09-21,08:06:15,cancelado,pix,23.94,10,,marketplace,3307.82,330.78,3000.98
243,258,2024-07-18,08:51:27,processando,cartão crédito,13.49,0,,app,3218.64,0.0,3232.13
244,399,2025-03-07,10:39:50,concluído,cartão crédito,40.35,0,2025-03-20,marketplace,1411.66,0.0,1452.01
245,120,2026-04-13,01:08:27,enviado,boleto,5.0,5,,marketplace,504.03000000000003,25.2,483.83
246,470,2025-02-15,10:12:07,concluído,pix,38.13,15,2025-02-28,loja física,180.39,27.06,191.46
247,433,2026-02-20,03:45:50,concluído,cartão crédito,11.8,0,2026-03-06,marketplace,2497.07,0.0,2508.87
248,15,2024-08-20,17:14:22,processando,pix,17.55,5,,app,4378.8,218.94,4177.41
249,429,2024-06-06,07:18:01,concluído,boleto,43.99,0,2024-06-10,marketplace,526.02,0.0,570.01
250,47,2025-05-24,19:23:25,concluído,cartão crédito,30.02,0,2025-05-25,loja física,1623.72,0.0,1653.74
251,315,2026-04-11,01:52:04,concluído,cartão crédito,6.51,10,2026-04-26,marketplace,425.72,42.57,389.66
252,301,2025-11-28,07:12:27,concluído,pix,7.07,0,2025-12-01,marketplace,2283.45,0.0,2290.52
253,192,2025-04-12,00:02:55,cancelado,pix,33.04,5,,marketplace,1871.02,93.55,1810.51
254,500,2025-12-19,04:52:55,concluído,cartão crédito,47.34,10,2025-12-22,loja física,6130.400000000001,613.04,5564.7
255,90,2026-03-14,19:10:37,enviado,pix,28.04,15,,marketplace,848.25,127.24,749.05
256,418,2026-04-24,14:46:07,concluído,cartão crédito,15.31,5,2026-05-04,app,759.3600000000001,37.97,736.7
257,486,2026-05-23,09:44:23,concluído,pix,28.58,15,2026-05-24,site,8267.789999999999,1240.17,7056.2
258,472,2024-09-19,18:23:33,concluído,pix,30.51,5,2024-09-25,site,1044.8,52.24,1023.07
259,73,2024-06-23,20:30:57,cancelado,cartão crédito,3.88,0,,marketplace,4809.17,0.0,4813.05
260,494,2025-09-14,10:11:54,concluído,cartão crédito,35.38,5,2025-09-29,marketplace,973.76,48.69,960.45
261,108,2024-09-07,08:43:05,concluído,cartão crédito,3.38,0,2024-09-12,site,112.12,0.0,115.5
262,25,2026-04-09,21:13:50,enviado,cartão crédito,36.56,20,,loja física,5702.04,1140.41,4598.19
263,180,2025-07-21,01:26:45,concluído,cartão débito,5.06,0,2025-07-28,app,2795.65,0.0,2800.71
264,410,2025-01-06,23:27:01,concluído,pix,14.72,0,2025-01-08,site,4542.65,0.0,4557.37
265,455,2025-11-29,01:02:07,concluído,cartão crédito,36.53,5,2025-12-02,site,509.15,25.46,520.22
266,458,2026-01-08,13:39:00,concluído,cartão débito,1.55,15,2026-01-18,app,946.72,142.01,806.26
267,223,2026-02-26,23:27:50,enviado,cartão crédito,5.05,0,,app,718.2,0.0,723.25
268,370,2024-12-13,22:52:31,concluído,boleto,26.95,5,2024-12-22,marketplace,804.66,40.23,791.38
269,202,2025-03-17,01:49:44,concluído,cartão débito,41.91,0,2025-03-18,marketplace,56.79,0.0,98.7
270,151,2025-05-20,22:09:41,concluído,pix,31.19,0,2025-05-22,site,669.24,0.0,700.43
271,327,2025-09-27,04:42:32,concluído,cartão crédito,4.09,10,2025-09-30,marketplace,1677.39,167.74,1513.74
272,242,2025-11-18,21:12:41,enviado,cartão débito,32.99,0,,loja física,9704.19,0.0,9737.18
273,196,2025-10-28,16:08:19,concluído,cartão crédito,22.24,0,2025-11-12,loja física,408.52,0.0,430.76
274,138,2026-04-10,13:02:04,concluído,cartão débito,7.54,5,2026-04-24,site,288.0,14.4,281.14
275,414,2025-06-08,00:09:26,concluído,cartão débito,48.44,5,2025-06-14,site,783.6,39.18,792.86
276,420,2025-07-08,20:29:26,processando,cartão débito,48.18,5,,loja física,734.2,36.71,745.67
277,244,2025-04-20,19:02:09,concluído,cartão crédito,19.7,15,2025-04-24,site,478.57,71.79,426.48
278,265,2025-10-29,17:20:51,concluído,pix,33.81,5,2025-11-13,site,293.68,14.68,312.81
279,230,2024-10-27,21:09:33,cancelado,cartão crédito,49.12,20,,app,179.68,35.94,192.86
280,41,2024-06-06,08:07:43,concluído,boleto,21.73,20,2024-06-13,app,413.4,82.68,352.45
281,133,2025-10-12,12:20:44,processando,cartão crédito,36.28,10,,site,65.78,6.58,95.48
282,283,2026-02-25,02:06:54,concluído,cartão crédito,13.78,0,2026-03-04,site,24295.379999999997,0.0,24309.16
283,320,2025-02-09,03:44:06,enviado,cartão débito,39.01,0,,app,5382.54,0.0,5421.55
284,299,2024-06-16,19:48:33,concluído,pix,46.89,15,2024-06-26,site,2627.31,394.1,2280.1
285,445,2025-10-09,04:15:47,enviado,cartão débito,17.16,0,,loja física,184.74,0.0,201.9
286,293,2025-03-10,16:31:02,enviado,cartão débito,1.87,0,,app,454.12,0.0,455.99
287,349,2026-04-13,07:47:49,enviado,pix,1.94,15,,marketplace,522.24,78.34,445.84
288,26,2024-07-09,10:43:10,enviado,pix,45.95,15,,site,2140.34,321.05,1865.24
289,156,2026-02-21,03:46:00,concluído,cartão crédito,42.06,15,2026-03-06,site,4516.32,677.45,3880.93
290,117,2025-12-27,10:20:49,cancelado,cartão crédito,48.61,0,,marketplace,3819.9399999999996,0.0,3868.55
291,310,2025-02-11,18:01:39,concluído,cartão débito,9.38,0,2025-02-18,loja física,1903.34,0.0,1912.72
292,389,2025-11-12,11:19:06,enviado,cartão débito,18.66,0,,app,685.8,0.0,704.46
293,260,2025-05-15,00:15:54,concluído,cartão crédito,38.95,5,2025-05-27,site,909.5,45.48,902.97
294,427,2024-12-02,07:38:48,concluído,cartão crédito,2.88,0,2024-12-17,site,2394.0299999999997,0.0,2396.91
295,361,2025-09-18,04:40:49,processando,cartão crédito,18.38,0,,loja física,5169.41,0.0,5187.79
296,64,2025-06-15,06:12:23,enviado,pix,12.07,0,,loja física,1707.7400000000002,0.0,1719.81
297,243,2025-04-10,17:25:04,concluído,cartão débito,17.45,0,2025-04-24,marketplace,138.67,0.0,156.12
298,353,2025-12-30,01:34:16,enviado,cartão crédito,1.37,0,,app,954.78,0.0,956.15
299,332,2025-09-22,17:20:49,processando,cartão crédito,10.32,5,,site,1172.54,58.63,1124.23
300,496,2026-02-10,14:17:32,processando,pix,0.44,15,,app,1811.54,271.73,1540.25
301,5,2024-08-06,02:37:49,enviado,cartão crédito,30.36,15,,marketplace,10943.140000000001,1641.47,9332.03
302,437,2025-03-01,11:12:49,concluído,cartão crédito,12.57,0,2025-03-08,loja física,2711.24,0.0,2723.81
303,262,2025-05-02,06:44:08,concluído,boleto,48.23,10,2025-05-03,marketplace,734.25,73.42,709.06
304,247,2026-06-03,07:36:23,concluído,cartão crédito,49.32,5,2026-06-05,marketplace,4408.79,220.44,4237.67
305,488,2026-05-28,09:54:30,concluído,pix,14.91,0,2026-06-09,app,1395.04,0.0,1409.95
306,413,2026-05-27,21:59:50,processando,pix,40.42,0,,marketplace,1667.1,0.0,1707.52
307,370,2025-06-08,17:21:13,enviado,cartão crédito,24.82,0,,loja física,7533.72,0.0,7558.54
308,19,2025-10-28,06:07:35,concluído,cartão débito,49.64,10,2025-11-09,marketplace,7011.7,701.17,6360.17
309,114,2026-03-31,15:18:00,enviado,pix,31.85,0,,marketplace,7931.44,0.0,7963.29
310,88,2025-11-29,05:25:05,concluído,pix,43.74,0,2025-12-13,site,12938.92,0.0,12982.66
311,133,2026-05-08,00:00:02,concluído,pix,27.9,15,2026-05-20,marketplace,929.4,139.41,817.89
312,114,2024-08-20,22:25:42,enviado,cartão crédito,37.14,0,,marketplace,2288.76,0.0,2325.9
313,151,2025-12-26,05:43:38,concluído,cartão débito,5.88,0,2026-01-05,site,2674.05,0.0,2679.93
314,257,2025-03-29,20:04:52,concluído,cartão crédito,33.97,5,2025-04-02,loja física,1676.38,83.82,1626.53
315,78,2025-01-18,03:48:03,concluído,cartão crédito,9.99,0,2025-02-01,loja física,1259.43,0.0,1269.42
316,367,2025-09-18,12:20:17,concluído,cartão crédito,4.03,0,2025-10-02,app,562.55,0.0,566.58
317,3,2024-11-02,10:17:45,concluído,cartão débito,10.45,10,2024-11-03,app,13215.74,1321.57,11904.62
318,400,2025-12-08,21:21:30,concluído,cartão crédito,30.66,5,2025-12-21,loja física,4070.87,203.54,3897.99
319,197,2024-09-23,02:31:14,concluído,cartão crédito,26.64,10,2024-10-01,site,478.16,47.82,456.98
320,388,2026-04-10,13:08:23,processando,pix,9.51,5,,app,1310.12,65.51,1254.12
321,177,2025-07-12,20:18:54,concluído,cartão crédito,5.13,5,2025-07-27,marketplace,963.08,48.15,920.06
322,24,2026-04-15,11:59:01,concluído,cartão crédito,14.51,10,2026-04-29,marketplace,554.68,55.47,513.72
323,69,2025-08-22,02:38:57,concluído,cartão crédito,44.98,0,2025-09-02,app,724.24,0.0,769.22
324,471,2026-02-03,12:41:06,concluído,pix,0.95,0,2026-02-18,app,509.28999999999996,0.0,510.24
325,302,2026-03-31,09:45:22,concluído,cartão débito,6.15,10,2026-04-01,site,240.77,24.08,222.84
326,131,2025-12-12,13:24:49,concluído,pix,31.09,5,2025-12-23,site,440.55,22.03,449.61
327,335,2025-06-30,20:54:23,enviado,pix,2.41,0,,loja física,1212.49,0.0,1214.9
328,130,2024-06-28,13:34:54,concluído,cartão débito,7.64,5,2024-07-07,site,18.97,0.95,25.66
329,52,2024-09-11,05:18:23,concluído,pix,13.47,5,2024-09-22,app,937.71,46.89,904.29
330,54,2025-06-25,15:47:37,concluído,cartão débito,30.82,0,2025-07-10,site,5633.04,0.0,5663.86
331,103,2026-02-12,19:36:49,concluído,pix,41.49,20,2026-02-22,marketplace,1740.7900000000002,348.16,1434.12
332,152,2024-08-10,13:16:16,enviado,cartão crédito,27.35,15,,loja física,2389.26,358.39,2058.22
333,7,2025-01-23,23:20:15,concluído,pix,45.25,10,2025-01-24,loja física,955.6,95.56,905.29
334,400,2026-03-12,10:00:11,concluído,cartão débito,36.11,0,2026-03-14,marketplace,1569.5700000000002,0.0,1605.68
335,234,2025-11-08,16:35:09,enviado,boleto,14.77,0,,site,226.35,0.0,241.12
336,448,2025-08-04,03:10:37,processando,cartão crédito,14.5,10,,marketplace,852.0300000000001,85.2,781.33
337,49,2026-04-14,08:59:12,concluído,pix,44.43,0,2026-04-16,app,1740.36,0.0,1784.79
338,88,2025-06-01,11:38:15,enviado,cartão crédito,44.64,20,,marketplace,26785.07,5357.01,21472.7
339,48,2024-10-12,10:31:48,processando,cartão crédito,17.1,0,,loja física,38.16,0.0,55.26
340,140,2026-05-01,04:03:54,cancelado,pix,34.43,0,,loja física,313.65,0.0,348.08
341,409,2025-05-16,13:11:06,enviado,cartão crédito,6.61,10,,app,184.74,18.47,172.88
342,303,2024-09-01,18:12:15,concluído,cartão débito,28.39,0,2024-09-16,loja física,440.52,0.0,468.91
343,314,2025-06-13,10:04:16,enviado,cartão crédito,34.15,10,,app,5698.3099999999995,569.83,5162.63
344,58,2025-10-31,14:20:32,concluído,pix,21.99,0,2025-11-08,marketplace,350.68,0.0,372.67
345,348,2025-07-28,20:34:42,concluído,cartão débito,37.11,10,2025-08-11,app,566.4,56.64,546.87
346,343,2024-12-08,00:31:46,cancelado,pix,25.9,5,,site,2073.54,103.68,1995.76
347,128,2024-12-09,22:16:57,concluído,cartão débito,33.12,5,2024-12-21,app,240.77,12.04,261.85
348,286,2024-11-15,07:04:08,processando,pix,30.58,0,,app,309.44,0.0,340.02
349,437,2024-10-14,06:53:58,concluído,cartão débito,8.25,10,2024-10-22,marketplace,1176.74,117.67,1067.32
350,26,2026-01-09,23:26:33,concluído,cartão débito,27.47,0,2026-01-14,app,408.52,0.0,435.99
351,411,2025-10-29,08:20:17,concluído,cartão débito,4.39,0,2025-11-06,marketplace,1233.51,0.0,1237.9
352,382,2025-11-29,13:02:51,concluído,pix,5.12,0,2025-12-07,site,1206.53,0.0,1211.65
353,406,2024-08-12,08:55:40,processando,cartão débito,30.89,0,,app,1718.52,0.0,1749.41
354,234,2024-08-24,19:53:43,enviado,boleto,18.13,0,,app,875.77,0.0,893.9
355,170,2025-05-07,16:47:55,processando,cartão débito,30.93,0,,marketplace,139.98,0.0,170.91
356,59,2025-12-11,20:37:39,enviado,cartão crédito,32.88,0,,marketplace,1686.26,0.0,1719.14
357,494,2024-06-26,14:31:53,processando,pix,27.33,0,,site,797.58,0.0,824.91
358,253,2024-10-06,08:48:00,concluído,cartão crédito,35.77,10,2024-10-09,site,2250.31,225.03,2061.05
359,97,2026-05-26,11:40:40,concluído,cartão crédito,42.52,0,2026-05-30,app,526.02,0.0,568.54
360,56,2026-05-26,11:00:17,enviado,pix,2.32,5,,site,145.99,7.3,141.01
361,231,2025-02-12,12:12:50,enviado,cartão débito,29.41,5,,loja física,1488.19,74.41,1443.19
362,25,2026-05-06,00:23:09,concluído,cartão débito,21.6,5,2026-05-18,app,5633.04,281.65,5372.99
363,89,2025-03-28,18:33:58,enviado,pix,6.41,0,,marketplace,1028.52,0.0,1034.93
364,215,2026-01-20,02:49:47,concluído,boleto,45.7,10,2026-01-27,marketplace,3147.9700000000003,314.8,2878.87
365,497,2025-01-07,16:02:49,concluído,cartão crédito,40.16,0,2025-01-13,marketplace,722.64,0.0,762.8
366,281,2024-11-22,01:54:18,processando,pix,35.52,15,,app,1474.81,221.22,1289.11
367,366,2025-12-14,12:11:29,concluído,cartão crédito,17.23,5,2025-12-24,app,33.34,1.67,48.9
368,327,2024-12-21,00:20:31,concluído,cartão crédito,5.76,0,2025-01-02,loja física,481.54,0.0,487.3
369,364,2025-11-03,03:40:58,concluído,cartão crédito,37.32,10,2025-11-14,marketplace,4378.85,437.88,3978.29
370,217,2025-06-08,20:43:00,processando,pix,26.08,0,,app,1845.4699999999998,0.0,1871.55
371,103,2026-05-02,00:36:48,concluído,cartão crédito,39.2,20,2026-05-03,marketplace,2113.62,422.72,1730.1
372,354,2025-11-06,18:42:42,concluído,pix,10.18,5,2025-11-07,marketplace,311.93,15.6,306.51
373,53,2024-09-07,12:30:47,processando,cartão débito,33.71,5,,app,9704.19,485.21,9252.69
374,288,2025-11-02,19:10:36,enviado,cartão crédito,25.5,10,,marketplace,277.34,27.73,275.11
375,25,2024-09-17,08:28:52,enviado,boleto,19.34,20,,marketplace,984.3800000000001,196.88,806.84
376,28,2026-05-21,14:50:50,cancelado,cartão crédito,12.54,5,,loja física,419.81,20.99,411.36
377,467,2025-07-24,02:24:26,processando,cartão débito,35.41,0,,app,3727.5199999999995,0.0,3762.93
378,494,2025-10-08,23:59:32,enviado,cartão crédito,22.4,20,,site,1857.58,371.52,1508.46
379,377,2025-12-19,08:30:09,concluído,cartão débito,18.82,0,2025-12-22,marketplace,481.54,0.0,500.36
380,434,2025-06-21,00:34:28,concluído,cartão crédito,16.5,10,2025-07-01,app,583.96,58.4,542.06
381,166,2024-08-13,03:45:16,concluído,cartão débito,38.61,5,2024-08-28,marketplace,578.42,28.92,588.11
382,282,2026-02-11,19:44:49,concluído,cartão crédito,39.12,0,2026-02-21,app,16206.34,0.0,16245.46
383,267,2025-11-23,05:35:48,cancelado,cartão crédito,25.21,0,,loja física,4129.17,0.0,4154.38
384,453,2025-02-17,09:39:37,concluído,cartão crédito,16.56,0,2025-02-21,app,132.3,0.0,148.86
385,317,2026-04-12,03:56:56,cancelado,cartão débito,49.73,10,,site,800.84,80.08,770.49
386,229,2024-11-24,17:50:53,concluído,cartão crédito,32.05,15,2024-11-30,app,1415.6599999999999,212.35,1235.36
387,350,2026-05-28,15:26:07,cancelado,pix,19.03,10,,site,6114.86,611.49,5522.4
388,371,2025-08-25,06:41:45,concluído,cartão crédito,45.48,10,2025-09-03,marketplace,12191.140000000001,1219.11,11017.51
389,229,2026-01-20,03:21:44,concluído,cartão débito,14.79,5,2026-01-29,marketplace,1751.54,87.58,1678.75
390,86,2026-05-22,11:33:49,concluído,boleto,38.59,5,2026-05-24,site,1076.9,53.84,1061.65
391,397,2025-09-13,11:16:26,concluído,cartão crédito,34.2,10,2025-09-24,app,532.15,53.22,513.13
392,450,2024-07-24,03:16:43,concluído,boleto,38.68,5,2024-08-05,site,1775.5300000000002,88.78,1725.43
393,79,2025-10-17,02:34:38,enviado,cartão crédito,35.77,0,,site,1003.88,0.0,1039.65
394,129,2025-02-25,11:59:25,concluído,cartão débito,28.69,0,2025-03-10,marketplace,2915.87,0.0,2944.56
395,323,2025-03-23,17:46:47,concluído,cartão crédito,15.79,0,2025-03-31,site,308.25,0.0,324.04
396,369,2026-05-11,20:32:34,concluído,cartão débito,37.72,5,2026-05-22,site,2202.7,110.14,2130.28
397,55,2025-12-13,03:53:59,concluído,cartão crédito,34.23,5,2025-12-22,marketplace,419.81,20.99,433.05
398,225,2026-01-01,23:43:19,enviado,cartão crédito,41.02,0,,app,7060.92,0.0,7101.94
399,383,2025-12-27,13:52:43,concluído,cartão crédito,39.79,5,2025-12-30,app,1820.3,91.02,1769.07
400,469,2025-12-19,01:18:04,concluído,boleto,43.27,5,2026-01-03,site,737.25,36.86,743.66
401,73,2025-03-27,08:16:44,concluído,cartão crédito,0.25,5,2025-04-05,site,1544.0900000000001,77.2,1467.14
402,380,2025-10-24,19:44:37,concluído,boleto,17.16,0,2025-11-05,app,5650.29,0.0,5667.45
403,316,2025-10-15,15:27:02,concluído,pix,9.7,0,2025-10-19,site,506.49,0.0,516.19
404,478,2026-02-03,16:47:06,processando,boleto,27.39,5,,site,6477.8,323.89,6181.3
405,129,2025-08-14,08:22:19,concluído,cartão crédito,36.21,0,2025-08-16,marketplace,3676.21,0.0,3712.42
406,336,2026-03-30,21:25:23,concluído,cartão crédito,14.23,0,2026-04-10,app,861.52,0.0,875.75
407,169,2025-05-09,07:21:53,concluído,cartão débito,15.25,5,2025-05-17,marketplace,1262.92,63.15,1215.02
408,491,2026-02-21,20:21:05,processando,cartão crédito,0.24,0,,app,2704.11,0.0,2704.35
409,329,2024-12-02,04:04:57,enviado,cartão crédito,41.92,0,,marketplace,2798.56,0.0,2840.48
410,237,2024-11-24,13:05:15,processando,cartão crédito,38.66,0,,site,979.8399999999999,0.0,1018.5
411,42,2024-12-22,03:39:33,concluído,pix,42.85,0,2025-01-01,app,733.05,0.0,775.9
412,321,2024-09-01,18:24:55,concluído,cartão crédito,3.76,0,2024-09-16,site,9049.699999999999,0.0,9053.46
413,297,2025-01-15,21:59:35,processando,cartão crédito,29.44,15,,marketplace,2058.77,308.82,1779.39
414,242,2024-08-11,00:16:41,concluído,pix,7.42,0,2024-08-20,marketplace,2703.2,0.0,2710.62
415,262,2024-08-29,10:07:07,concluído,cartão crédito,18.16,0,2024-09-07,app,85.69,0.0,103.85
416,413,2024-08-12,03:28:38,processando,boleto,34.14,10,,app,73.8,7.38,100.56
417,290,2025-02-23,04:17:28,concluído,boleto,32.9,20,2025-02-26,loja física,4607.97,921.59,3719.28
418,21,2025-12-31,03:13:57,cancelado,cartão crédito,24.33,0,,marketplace,1519.47,0.0,1543.8
419,106,2025-09-06,21:12:54,concluído,cartão débito,39.49,0,2025-09-17,loja física,1546.1,0.0,1585.59
420,21,2026-06-01,20:40:15,processando,boleto,16.17,10,,marketplace,979.5,97.95,897.72
421,135,2024-10-28,01:17:13,processando,cartão débito,28.45,0,,loja física,797.58,0.0,826.03
422,460,2026-01-03,06:28:44,concluído,pix,25.78,0,2026-01-14,app,181.06,0.0,206.84
423,419,2024-09-02,02:10:29,concluído,pix,24.29,0,2024-09-08,site,17182.32,0.0,17206.61
424,226,2025-08-22,20:17:28,concluído,cartão crédito,3.85,5,2025-08-25,app,246.68,12.33,238.2
425,186,2025-03-16,12:54:47,concluído,cartão débito,40.77,5,2025-03-19,loja física,212.86,10.64,242.99
426,369,2024-09-10,21:01:54,processando,cartão crédito,33.69,0,,app,1496.0,0.0,1529.69
427,211,2026-03-28,17:01:40,enviado,cartão crédito,2.15,5,,app,1677.39,83.87,1595.67
428,21,2025-02-02,07:28:51,concluído,pix,7.33,0,2025-02-11,app,598.2,0.0,605.53
429,307,2025-03-26,05:08:54,concluído,boleto,31.82,15,2025-04-02,marketplace,80.53,12.08,100.27
430,111,2025-08-26,00:18:26,cancelado,cartão crédito,49.54,15,,app,1203.85,180.58,1072.81
431,308,2025-12-28,06:56:35,concluído,cartão crédito,29.07,10,2026-01-04,marketplace,77.01,7.7,98.38
432,176,2024-06-05,05:05:14,concluído,boleto,29.77,0,2024-06-16,loja física,2171.35,0.0,2201.12
433,9,2025-01-31,07:30:35,concluído,cartão crédito,42.89,5,2025-02-02,loja física,558.5699999999999,27.93,573.53
434,311,2024-07-21,23:25:00,processando,cartão crédito,23.75,5,,site,117.4,5.87,135.28
435,273,2025-09-05,05:18:34,processando,cartão débito,5.86,0,,app,1472.12,0.0,1477.98
436,277,2025-07-24,22:09:44,processando,pix,44.76,10,,loja física,628.74,62.87,610.63
437,448,2024-10-29,09:00:05,concluído,cartão crédito,26.44,0,2024-11-04,loja física,600.16,0.0,626.6
438,196,2026-03-23,21:13:59,enviado,cartão crédito,40.15,15,,site,416.01,62.4,393.76
439,245,2025-04-01,09:21:18,concluído,pix,45.41,0,2025-04-06,loja física,5702.04,0.0,5747.45
440,364,2025-04-29,00:06:37,concluído,pix,0.35,5,2025-04-30,site,2957.0,147.85,2809.5
441,353,2025-02-07,04:22:30,concluído,pix,20.4,0,2025-02-11,loja física,295.2,0.0,315.6
442,130,2026-01-23,23:30:58,enviado,cartão crédito,26.75,5,,marketplace,38.16,1.91,63.0
443,204,2025-03-14,10:20:08,cancelado,pix,20.62,10,,loja física,4550.18,455.02,4115.78
444,285,2026-02-13,08:36:49,concluído,cartão débito,49.33,5,2026-02-22,loja física,1679.24,83.96,1644.61
445,438,2025-11-13,12:54:29,enviado,pix,5.94,0,,app,835.5699999999999,0.0,841.51
446,206,2026-05-30,07:25:29,concluído,pix,39.96,5,2026-06-08,site,541.17,27.06,554.07
447,3,2026-02-12,14:51:05,concluído,pix,41.08,0,2026-02-23,loja física,1806.8500000000001,0.0,1847.93
448,114,2024-09-10,00:20:16,concluído,cartão crédito,30.39,10,2024-09-15,loja física,1183.4,118.34,1095.45
449,267,2025-07-12,14:39:57,enviado,cartão crédito,48.08,0,,app,653.15,0.0,701.23
450,225,2025-11-01,10:51:36,enviado,cartão crédito,42.44,15,,marketplace,600.16,90.02,552.58
451,307,2025-09-14,04:45:49,concluído,cartão débito,34.85,5,2025-09-27,site,694.76,34.74,694.87
452,1,2025-09-05,18:39:38,concluído,boleto,4.33,0,2025-09-16,loja física,770.5400000000001,0.0,774.87
453,208,2024-11-23,10:49:00,concluído,cartão débito,25.84,10,2024-11-30,site,869.66,86.97,808.53
454,282,2024-08-25,16:42:13,processando,cartão crédito,41.41,15,,marketplace,4886.22,732.93,4194.7
455,142,2025-04-06,22:57:18,concluído,cartão crédito,48.06,0,2025-04-20,loja física,536.9,0.0,584.96
456,90,2024-06-11,01:05:04,concluído,cartão crédito,5.31,0,2024-06-16,marketplace,10771.42,0.0,10776.73
457,412,2025-07-27,00:18:20,concluído,cartão débito,12.86,5,2025-07-29,marketplace,12020.880000000001,601.04,11432.7
458,495,2026-03-27,22:58:40,enviado,cartão crédito,24.13,0,,marketplace,1859.1,0.0,1883.23
459,235,2025-05-27,16:03:21,cancelado,pix,44.74,15,,loja física,2789.42,418.41,2415.75
460,196,2025-02-04,07:05:23,concluído,cartão débito,49.61,5,2025-02-06,app,5372.28,268.61,5153.28
461,212,2024-09-24,07:12:58,processando,boleto,25.77,0,,marketplace,1371.36,0.0,1397.13
462,205,2026-02-27,19:53:55,concluído,pix,40.97,0,2026-03-01,app,1490.3,0.0,1531.27
463,112,2025-01-20,10:59:24,concluído,pix,13.43,15,2025-01-26,app,145.99,21.9,137.52
464,121,2026-03-16,04:38:51,concluído,pix,43.55,0,2026-03-20,app,11756.28,0.0,11799.83
465,429,2024-11-20,22:28:07,processando,cartão débito,7.78,0,,site,20227.42,0.0,20235.2
466,340,2025-06-27,03:21:15,enviado,cartão débito,0.33,15,,site,106.43,15.96,90.8
467,191,2025-11-14,01:33:40,processando,cartão débito,24.57,20,,marketplace,551.77,110.35,465.99
468,469,2025-05-23,22:14:15,concluído,cartão débito,19.85,10,2025-06-05,app,1012.98,101.3,931.53
469,217,2024-09-26,10:00:21,concluído,cartão débito,26.98,5,2024-10-09,loja física,1482.48,74.12,1435.34
470,398,2025-09-14,01:55:33,processando,cartão crédito,48.73,5,,loja física,1084.1100000000001,54.21,1078.63
471,7,2025-01-10,00:37:23,concluído,pix,18.93,0,2025-01-11,marketplace,1172.21,0.0,1191.14
472,133,2024-09-25,05:01:29,enviado,cartão crédito,13.12,0,,marketplace,2230.34,0.0,2243.46
473,218,2026-01-05,04:00:16,concluído,cartão crédito,34.97,0,2026-01-13,loja física,839.62,0.0,874.59
474,293,2025-11-02,16:50:02,concluído,cartão crédito,28.74,0,2025-11-05,site,291.98,0.0,320.72
475,412,2026-03-25,10:40:52,enviado,cartão crédito,21.57,0,,app,430.76,0.0,452.33
476,379,2026-02-16,06:57:32,processando,cartão crédito,40.2,0,,loja física,80.53,0.0,120.73
477,435,2026-03-08,20:12:01,concluído,cartão débito,26.65,0,2026-03-23,loja física,612.78,0.0,639.43
478,440,2025-12-01,22:02:57,concluído,cartão débito,19.88,5,2025-12-10,site,1639.69,81.98,1577.59
479,244,2024-06-30,14:00:50,concluído,pix,4.81,10,2024-07-05,marketplace,1189.67,118.97,1075.51
480,286,2025-09-12,01:44:10,concluído,boleto,12.86,0,2025-09-21,site,383.92,0.0,396.78
481,494,2025-02-07,13:37:41,concluído,cartão débito,28.79,5,2025-02-18,app,600.16,30.01,598.94
482,146,2025-01-29,19:57:05,cancelado,cartão crédito,33.59,0,,loja física,1070.35,0.0,1103.94
483,196,2025-06-29,02:48:09,processando,cartão débito,23.14,20,,app,767.84,153.57,637.41
484,476,2025-11-20,18:13:56,enviado,cartão crédito,31.5,5,,site,3981.62,199.08,3814.04
485,117,2024-09-07,19:20:02,concluído,cartão crédito,32.59,10,2024-09-13,loja física,11141.36,1114.14,10059.81
486,400,2025-01-02,07:19:22,concluído,pix,18.12,5,2025-01-10,loja física,4745.31,237.27,4526.16
487,438,2026-03-24,07:29:54,concluído,cartão crédito,36.32,5,2026-03-27,site,1542.58,77.13,1501.77
488,53,2025-12-04,16:19:39,concluído,cartão crédito,46.75,0,2025-12-11,site,702.73,0.0,749.48
489,269,2025-08-23,17:24:38,concluído,pix,4.15,0,2025-08-30,app,864.0,0.0,868.15
490,454,2025-06-10,09:38:04,concluído,cartão crédito,11.44,10,2025-06-25,loja física,9123.45,912.34,8222.55
491,68,2025-10-07,01:55:38,enviado,cartão débito,8.51,0,,marketplace,14658.66,0.0,14667.17
492,167,2026-03-09,13:38:56,processando,pix,23.31,15,,marketplace,2237.3,335.6,1925.01
493,497,2024-11-18,10:49:54,concluído,boleto,26.91,5,2024-11-21,loja física,943.13,47.16,922.88
494,326,2025-06-23,09:44:33,enviado,pix,21.71,5,,marketplace,1609.32,80.47,1550.56
495,247,2025-01-16,07:39:38,processando,cartão débito,40.15,0,,marketplace,3633.88,0.0,3674.03
496,156,2025-12-02,19:55:40,concluído,cartão crédito,26.11,10,2025-12-05,app,1842.9,184.29,1684.72
497,274,2025-03-23,12:09:21,concluído,cartão crédito,46.01,15,2025-03-31,loja física,73.8,11.07,108.74
498,221,2024-07-19,14:08:38,concluído,pix,29.79,10,2024-08-01,marketplace,2898.93,289.89,2638.83
499,288,2026-02-23,05:12:37,concluído,cartão crédito,12.47,10,2026-03-10,loja física,4362.62,436.26,3938.83
500,113,2025-02-17,16:03:45,processando,cartão crédito,21.07,0,,marketplace,6382.44,0.0,6403.51
501,273,2024-09-30,12:22:26,concluído,pix,20.6,15,2024-10-12,app,181.08,27.16,174.52
502,327,2026-03-08,22:41:14,concluído,cartão débito,22.59,10,2026-03-10,loja física,224.66,22.47,224.78
503,78,2025-12-12,15:17:25,concluído,cartão crédito,26.7,0,2025-12-13,site,100.02,0.0,126.72
504,367,2024-11-14,11:54:37,concluído,cartão crédito,0.41,0,2024-11-17,site,1525.48,0.0,1525.89
505,216,2026-03-24,14:58:03,concluído,cartão crédito,39.89,20,2026-03-30,loja física,453.12,90.62,402.39
506,17,2025-12-24,23:32:05,enviado,cartão crédito,42.09,20,,site,1557.49,311.5,1288.08
507,37,2026-05-30,16:53:23,concluído,cartão débito,9.06,15,2026-06-06,marketplace,49.05,7.36,50.75
508,425,2026-02-23,09:05:48,processando,cartão crédito,48.63,10,,loja física,3428.15,342.82,3133.96
509,227,2024-11-25,17:26:21,enviado,cartão crédito,49.63,0,,site,688.24,0.0,737.87
510,243,2025-11-29,22:20:18,concluído,cartão crédito,47.96,15,2025-12-03,app,1097.1799999999998,164.58,980.56
511,22,2025-12-27,08:43:00,enviado,pix,27.42,0,,loja física,1751.54,0.0,1778.96
512,102,2024-07-14,17:42:17,enviado,cartão crédito,2.6,5,,site,653.15,32.66,623.09
513,167,2026-05-21,22:42:27,concluído,cartão crédito,39.64,5,2026-05-28,loja física,1623.79,81.19,1582.24
514,5,2026-04-07,02:37:04,enviado,boleto,29.0,5,,app,5878.14,293.91,5613.23
515,128,2026-01-27,16:12:31,concluído,cartão crédito,4.56,5,2026-01-29,site,1012.98,50.65,966.89
516,79,2024-10-20,22:58:37,concluído,pix,39.49,0,2024-10-31,app,43.77,0.0,83.26
517,404,2026-03-31,09:18:44,concluído,cartão débito,17.33,15,2026-04-09,app,124.3,18.64,122.99
518,184,2025-06-17,13:32:36,concluído,pix,12.51,0,2025-06-24,loja física,1069.28,0.0,1081.79
519,357,2025-12-20,21:25:56,concluído,cartão débito,28.28,5,2025-12-29,marketplace,1704.78,85.24,1647.82
520,141,2025-04-04,05:37:33,enviado,pix,29.87,15,,app,536.12,80.42,485.57
521,231,2025-01-22,05:27:33,concluído,cartão crédito,13.14,0,2025-01-25,site,1390.24,0.0,1403.38
522,260,2026-02-26,22:43:33,enviado,cartão crédito,9.26,0,,marketplace,605.81,0.0,615.07
523,123,2025-10-28,23:06:52,enviado,cartão crédito,3.16,20,,loja física,952.04,190.41,764.79
524,255,2026-05-13,13:43:34,concluído,pix,7.69,0,2026-05-24,loja física,16960.6,0.0,16968.29
525,57,2026-03-24,23:19:28,enviado,cartão crédito,32.88,0,,app,2168.11,0.0,2200.99
526,104,2024-10-05,13:22:29,concluído,cartão crédito,9.56,0,2024-10-06,loja física,767.77,0.0,777.33
527,270,2024-06-20,15:48:50,enviado,cartão débito,29.46,0,,app,4886.22,0.0,4915.68
528,37,2025-08-03,12:11:39,enviado,cartão crédito,45.96,5,,site,18325.5,916.28,17455.18
529,32,2025-04-04,14:31:52,concluído,cartão crédito,37.1,15,2025-04-15,marketplace,25575.21,3836.28,21776.03
530,30,2025-02-20,23:34:44,enviado,pix,13.26,0,,site,4719.219999999999,0.0,4732.48
531,40,2025-04-28,00:36:11,processando,boleto,47.93,0,,app,750.2,0.0,798.13
532,99,2025-11-12,10:44:43,concluído,cartão débito,12.41,5,2025-11-16,app,981.23,49.06,944.58
533,213,2025-06-06,15:00:59,concluído,pix,38.24,5,2025-06-15,loja física,1334.72,66.74,1306.22
534,219,2025-03-01,10:42:50,enviado,pix,8.32,0,,loja física,473.36,0.0,481.68
535,81,2026-01-13,10:36:51,concluído,cartão débito,29.94,15,2026-01-24,marketplace,30643.510000000002,4596.53,26076.92
536,433,2025-04-03,21:19:40,concluído,cartão crédito,38.13,0,2025-04-09,marketplace,20879.25,0.0,20917.38
537,289,2025-04-03,15:44:33,enviado,cartão débito,18.72,5,,marketplace,5967.9,298.4,5688.22
538,230,2024-07-29,16:40:47,concluído,boleto,0.01,0,2024-08-06,marketplace,992.05,0.0,992.06
539,70,2025-07-18,21:31:53,concluído,boleto,15.06,0,2025-07-27,app,1021.3,0.0,1036.36
540,12,2025-12-20,09:29:08,concluído,pix,47.07,10,2025-12-26,app,532.15,53.22,526.0
541,183,2025-01-09,18:02:37,concluído,cartão crédito,13.22,15,2025-01-17,app,4573.79,686.07,3900.94
542,154,2025-01-09,05:26:45,concluído,cartão crédito,19.95,15,2025-01-22,site,9417.15,1412.57,8024.53
543,406,2025-11-26,19:11:36,enviado,cartão débito,24.36,15,,site,2288.76,343.31,1969.81
544,20,2026-05-21,20:57:15,concluído,pix,28.76,0,2026-05-26,site,1527.52,0.0,1556.28
545,172,2024-11-02,10:34:47,cancelado,cartão crédito,40.78,0,,site,291.98,0.0,332.76
546,117,2025-11-30,11:24:39,processando,pix,42.39,15,,loja física,16173.65,2426.05,13789.99
547,22,2026-03-30,23:29:46,concluído,cartão crédito,28.19,0,2026-04-08,app,322.12,0.0,350.31
548,375,2025-08-03,13:26:43,concluído,boleto,48.45,10,2025-08-14,site,283.95,28.4,304.0
549,403,2025-04-05,18:14:55,concluído,cartão crédito,6.6,0,2025-04-10,site,4996.42,0.0,5003.02
550,44,2024-08-18,11:57:58,concluído,cartão crédito,21.68,5,2024-08-23,app,9175.29,458.76,8738.21
551,250,2024-09-13,13:57:49,concluído,cartão crédito,28.51,5,2024-09-17,app,10473.27,523.66,9978.12
552,398,2025-02-10,02:45:26,concluído,cartão crédito,34.17,5,2025-02-15,site,318.48,15.92,336.73
553,217,2026-01-09,05:03:41,enviado,cartão crédito,9.51,0,,site,4401.62,0.0,4411.13
554,87,2026-02-08,12:16:44,enviado,boleto,30.75,20,,loja física,429.52,85.9,374.37
555,226,2025-08-28,16:56:02,enviado,cartão crédito,40.83,0,,marketplace,198.45,0.0,239.28
556,437,2026-04-07,10:30:47,concluído,cartão crédito,36.91,0,2026-04-19,app,4378.85,0.0,4415.76
557,420,2026-02-19,05:25:26,processando,cartão crédito,17.13,10,,marketplace,901.95,90.2,828.88
558,170,2024-07-15,22:43:46,concluído,cartão crédito,26.85,0,2024-07-16,marketplace,6192.15,0.0,6219.0
559,374,2026-03-25,23:23:57,concluído,boleto,34.68,5,2026-04-04,loja física,8587.46,429.37,8192.77
560,270,2026-05-30,19:32:48,concluído,cartão crédito,8.5,0,2026-06-10,marketplace,7124.41,0.0,7132.91
561,484,2025-12-07,01:28:06,concluído,cartão crédito,19.39,0,2025-12-18,marketplace,4886.22,0.0,4905.61
562,10,2025-01-26,02:08:54,processando,cartão crédito,44.08,0,,loja física,1197.53,0.0,1241.61
563,51,2025-05-25,06:49:19,concluído,boleto,24.18,5,2025-06-06,site,1909.56,95.48,1838.26
564,495,2025-10-25,09:03:36,concluído,cartão débito,46.22,0,2025-11-03,app,1371.36,0.0,1417.58
565,157,2024-10-09,01:17:02,cancelado,cartão crédito,19.63,0,,marketplace,416.01,0.0,435.64
566,182,2025-08-26,04:47:31,enviado,cartão débito,11.79,20,,marketplace,2652.06,530.41,2133.44
567,321,2024-09-18,18:07:12,processando,cartão crédito,19.32,20,,site,362.12,72.42,309.02
568,486,2025-05-13,03:06:28,cancelado,cartão crédito,7.57,15,,app,1677.39,251.61,1433.35
569,267,2025-11-26,11:20:57,concluído,boleto,30.56,5,2025-12-03,app,419.83000000000004,20.99,429.4
570,79,2025-06-13,15:09:48,concluído,cartão crédito,15.59,5,2025-06-23,loja física,483.29999999999995,24.16,474.73
571,335,2025-01-15,23:57:06,concluído,cartão crédito,27.01,10,2025-01-19,app,1179.0,117.9,1088.11
572,461,2026-05-01,19:09:19,concluído,cartão débito,6.75,20,2026-05-13,app,1942.68,388.54,1560.89
573,290,2024-09-24,09:29:32,enviado,boleto,15.84,5,,site,57.24,2.86,70.22
574,451,2024-11-13,20:07:34,concluído,cartão crédito,1.47,0,2024-11-27,loja física,1653.95,0.0,1655.42
575,156,2024-11-20,08:09:23,cancelado,cartão crédito,46.6,15,,marketplace,66.15,9.92,102.83
576,55,2026-02-18,16:07:34,concluído,cartão crédito,1.31,20,2026-02-22,marketplace,1521.3999999999999,304.28,1218.43
577,314,2026-01-06,04:39:33,enviado,cartão crédito,11.59,5,,marketplace,7679.57,383.98,7307.18
578,245,2024-11-02,21:04:22,concluído,cartão crédito,42.22,0,2024-11-15,marketplace,1028.52,0.0,1070.74
579,252,2025-12-27,01:08:08,concluído,cartão débito,8.17,0,2026-01-03,loja física,1525.48,0.0,1533.65
580,8,2025-10-22,17:45:15,enviado,boleto,47.41,0,,app,2892.38,0.0,2939.79
581,34,2024-06-11,00:02:25,enviado,cartão crédito,47.64,0,,loja física,695.37,0.0,743.01
582,444,2025-03-12,06:10:33,enviado,cartão débito,12.31,0,,site,743.59,0.0,755.9
583,423,2025-12-19,18:37:36,enviado,cartão crédito,15.61,5,,site,231.03,11.55,235.09
584,234,2026-03-30,21:25:42,concluído,pix,2.12,20,2026-04-07,loja física,293.68,58.74,237.06
585,21,2025-08-25,01:17:24,cancelado,cartão débito,25.75,5,,site,2320.48,116.02,2230.21
586,204,2024-08-22,02:14:36,concluído,pix,38.61,0,2024-08-30,app,3218.64,0.0,3257.25
587,471,2025-11-12,18:33:30,concluído,cartão crédito,25.8,0,2025-11-22,loja física,5225.52,0.0,5251.32
588,58,2026-02-04,00:33:55,concluído,cartão crédito,29.21,15,2026-02-13,app,685.68,102.85,612.04
589,231,2026-04-01,16:06:26,concluído,cartão crédito,22.64,15,2026-04-07,app,994.63,149.19,868.08
590,47,2024-09-26,13:21:47,processando,cartão crédito,34.52,15,,app,73.8,11.07,97.25
591,64,2025-03-23,09:18:24,enviado,cartão crédito,35.24,5,,site,3033.37,151.67,2916.94
592,373,2025-05-01,15:43:31,concluído,pix,25.53,15,2025-05-08,loja física,587.7,88.16,525.07
593,394,2025-11-13,15:34:32,concluído,cartão crédito,16.73,15,2025-11-14,app,589.08,88.36,517.45
594,92,2026-03-19,15:28:45,concluído,pix,2.56,0,2026-03-22,loja física,2251.8,0.0,2254.36
595,61,2024-10-12,13:42:01,concluído,pix,47.93,0,2024-10-15,marketplace,10017.31,0.0,10065.24
596,438,2026-05-24,03:24:57,concluído,cartão débito,40.29,5,2026-06-01,loja física,587.4,29.37,598.32
597,338,2024-07-17,15:53:36,concluído,cartão débito,20.47,0,2024-07-27,site,1108.44,0.0,1128.91
598,143,2024-08-17,12:15:27,concluído,cartão débito,27.82,10,2024-08-26,site,1093.54,109.35,1012.01
599,335,2025-03-07,02:21:41,concluído,cartão crédito,7.25,0,2025-03-08,marketplace,1342.48,0.0,1349.73
600,26,2025-06-06,23:28:56,concluído,cartão crédito,49.59,0,2025-06-08,marketplace,7085.22,0.0,7134.81
601,355,2024-10-21,10:23:51,enviado,pix,28.56,5,,loja física,1264.91,63.25,1230.22
602,185,2024-07-14,15:56:57,enviado,boleto,4.65,0,,marketplace,240.77,0.0,245.42
603,420,2024-09-03,01:18:06,processando,cartão crédito,21.32,5,,marketplace,9984.27,499.21,9506.38
604,356,2025-07-09,06:12:22,concluído,pix,16.43,0,2025-07-11,app,567.9300000000001,0.0,584.36
605,314,2025-10-21,20:29:58,enviado,cartão crédito,28.51,20,,site,443.81,88.76,383.56
606,310,2025-02-21,19:37:51,concluído,boleto,49.22,0,2025-03-05,marketplace,360.78,0.0,410.0
607,320,2025-09-07,19:26:02,concluído,cartão crédito,6.47,5,2025-09-17,loja física,797.58,39.88,764.17
608,453,2025-05-06,20:48:56,concluído,cartão débito,35.36,20,2025-05-09,site,2816.24,563.25,2288.35
609,321,2024-09-27,07:18:44,concluído,pix,36.8,0,2024-10-05,loja física,391.89,0.0,428.69
610,180,2025-10-03,21:24:48,concluído,cartão débito,31.81,0,2025-10-09,app,200.43,0.0,232.24
611,131,2025-12-17,03:06:50,enviado,pix,15.36,5,,marketplace,4728.55,236.43,4507.48
612,59,2025-04-13,16:47:31,enviado,pix,17.03,10,,site,903.3,90.33,830.0
613,100,2024-12-11,04:56:52,processando,cartão crédito,16.86,5,,loja física,1582.8600000000001,79.14,1520.58
614,331,2024-06-30,07:28:13,enviado,cartão crédito,7.75,0,,marketplace,1197.07,0.0,1204.82
615,212,2024-09-04,04:26:16,concluído,boleto,2.8,5,2024-09-18,marketplace,2230.34,111.52,2121.62
616,107,2024-12-07,23:40:06,concluído,cartão débito,16.55,15,2024-12-08,marketplace,16173.65,2426.05,13764.15
617,144,2025-04-07,23:47:34,concluído,pix,16.92,0,2025-04-10,app,2423.24,0.0,2440.16
618,96,2025-06-18,10:26:41,concluído,cartão débito,43.14,10,2025-06-25,marketplace,5575.85,557.58,5061.41
619,140,2025-01-25,00:20:28,enviado,cartão crédito,24.8,0,,loja física,8817.21,0.0,8842.01
620,155,2025-11-20,06:45:04,processando,cartão crédito,15.09,0,,site,113.28,0.0,128.37
621,468,2025-09-09,22:56:29,enviado,cartão crédito,25.25,10,,app,19823.13,1982.31,17866.07
622,248,2024-10-15,21:11:19,concluído,pix,26.13,10,2024-10-30,app,2011.0900000000001,201.11,1836.11
623,51,2025-10-23,22:48:55,enviado,pix,46.81,5,,app,308.04,15.4,339.45
624,236,2026-01-03,17:20:14,concluído,cartão crédito,43.15,0,2026-01-04,marketplace,767.13,0.0,810.28
625,352,2025-03-22,11:13:57,cancelado,pix,43.51,0,,site,3066.69,0.0,3110.2
626,338,2026-01-27,12:41:12,concluído,pix,1.12,10,2026-02-09,app,409.66,40.97,369.81
627,147,2025-11-23,05:47:19,concluído,cartão crédito,15.93,0,2025-11-27,site,1018.44,0.0,1034.37
628,141,2026-02-11,15:44:04,concluído,cartão crédito,47.82,5,2026-02-14,site,3218.64,160.93,3105.53
629,282,2025-11-06,21:13:16,concluído,cartão crédito,7.06,10,2025-11-12,marketplace,7663.360000000001,766.34,6904.08
630,37,2025-10-28,09:28:45,concluído,cartão crédito,44.52,5,2025-10-31,site,714.6,35.73,723.39
631,463,2024-08-12,12:16:15,concluído,pix,5.29,0,2024-08-20,loja física,10770.839999999998,0.0,10776.13
632,306,2026-01-28,23:45:04,concluído,pix,31.41,5,2026-02-09,loja física,916.96,45.85,902.52
633,160,2025-05-30,01:18:13,enviado,cartão crédito,9.89,10,,site,2025.96,202.6,1833.25
634,387,2026-04-06,16:37:26,cancelado,pix,28.33,0,,loja física,1521.8400000000001,0.0,1550.17
635,351,2026-03-01,10:03:40,concluído,cartão débito,38.25,0,2026-03-06,app,1165.74,0.0,1203.99
636,316,2025-10-22,00:28:21,concluído,cartão crédito,18.14,0,2025-11-06,marketplace,6500.27,0.0,6518.41
637,452,2025-03-27,16:40:31,enviado,cartão crédito,24.33,0,,site,2627.31,0.0,2651.64
638,434,2025-01-03,16:11:48,concluído,cartão crédito,38.32,5,2025-01-11,app,1122.27,56.11,1104.48
639,419,2025-10-08,01:20:56,concluído,pix,5.34,5,2025-10-15,site,4960.85,248.04,4718.15
640,273,2025-10-24,06:14:39,enviado,cartão débito,29.47,0,,app,19829.4,0.0,19858.87
641,197,2025-05-15,15:24:15,concluído,cartão crédito,10.39,5,2025-05-23,loja física,354.99,17.75,347.63
642,223,2025-03-16,05:11:46,enviado,cartão débito,17.08,5,,app,3361.03,168.05,3210.06
643,40,2024-06-12,22:04:58,enviado,pix,35.52,10,,site,3292.17,329.22,2998.47
644,167,2024-09-05,02:46:02,concluído,cartão débito,41.02,0,2024-09-13,loja física,1704.78,0.0,1745.8
645,351,2024-09-02,11:53:41,concluído,pix,38.49,0,2024-09-04,loja física,11404.08,0.0,11442.57
646,32,2024-08-07,02:15:47,enviado,cartão crédito,40.77,15,,site,1883.43,282.51,1641.69
647,339,2024-09-06,17:00:14,enviado,cartão crédito,26.51,0,,loja física,391.8,0.0,418.31
648,450,2025-06-18,21:29:26,concluído,cartão crédito,28.46,15,2025-06-29,marketplace,322.12,48.32,302.26
649,480,2025-10-15,02:32:04,processando,cartão crédito,49.03,0,,site,1169.78,0.0,1218.81
650,262,2025-11-05,08:59:18,concluído,cartão crédito,6.37,0,2025-11-15,marketplace,76.32,0.0,82.69
651,496,2026-05-10,13:03:49,processando,cartão crédito,35.1,10,,marketplace,564.12,56.41,542.81
652,444,2025-07-04,20:11:55,concluído,cartão crédito,21.54,5,2025-07-09,marketplace,2277.87,113.89,2185.52
653,208,2024-11-25,14:53:28,enviado,cartão crédito,27.2,5,,loja física,7972.16,398.61,7600.75
654,197,2024-06-21,19:02:52,concluído,pix,17.98,0,2024-06-30,marketplace,1732.6299999999999,0.0,1750.61
655,344,2025-09-02,17:29:02,cancelado,cartão crédito,0.58,5,,app,31491.48,1574.57,29917.49
656,250,2025-08-22,22:57:17,enviado,pix,48.65,0,,app,2777.65,0.0,2826.3
657,213,2025-08-22,16:24:19,enviado,pix,44.59,5,,loja física,734.25,36.71,742.13
658,233,2025-06-11,08:17:43,enviado,cartão débito,27.55,0,,marketplace,2218.37,0.0,2245.92
659,310,2025-01-02,12:23:53,concluído,cartão crédito,24.86,10,2025-01-09,marketplace,1545.13,154.51,1415.48
660,296,2025-11-24,17:47:06,concluído,cartão crédito,48.81,5,2025-12-03,marketplace,526.02,26.3,548.53
661,493,2026-01-03,20:18:08,concluído,pix,7.09,10,2026-01-11,marketplace,6592.740000000001,659.27,5940.56
662,268,2024-08-16,08:23:53,concluído,pix,4.41,0,2024-08-18,site,1383.44,0.0,1387.85
663,277,2026-02-10,21:26:17,enviado,pix,15.59,0,,marketplace,9628.24,0.0,9643.83
664,241,2025-09-07,09:51:49,concluído,cartão débito,45.21,5,2025-09-08,marketplace,420.14,21.01,444.34
665,151,2024-10-22,13:40:59,concluído,cartão crédito,1.76,15,2024-11-04,marketplace,1073.1599999999999,160.97,913.95
666,289,2025-03-29,03:19:44,enviado,cartão crédito,31.4,5,,site,2436.84,121.84,2346.4
667,150,2025-06-14,23:46:52,enviado,pix,31.15,0,,site,3719.73,0.0,3750.88
668,436,2025-10-17,13:57:01,concluído,pix,12.58,5,2025-10-19,marketplace,5735.79,286.79,5461.58
669,8,2025-12-01,17:45:53,processando,pix,30.13,15,,app,293.68,44.05,279.76
670,190,2025-05-06,17:44:26,enviado,pix,13.04,10,,loja física,150.13,15.01,148.16
671,442,2025-01-21,15:41:38,concluído,cartão crédito,49.11,20,2025-01-30,app,1840.27,368.05,1521.33
672,386,2025-08-21,17:53:48,processando,boleto,38.44,0,,loja física,4980.65,0.0,5019.09
673,86,2024-09-09,04:22:28,enviado,cartão crédito,36.64,0,,marketplace,3414.35,0.0,3450.99
674,60,2024-08-20,03:31:02,enviado,cartão crédito,23.15,0,,loja física,848.25,0.0,871.4
675,386,2025-02-11,12:30:20,enviado,boleto,11.66,5,,loja física,1691.75,84.59,1618.82
676,272,2024-07-23,05:29:31,concluído,pix,0.59,15,2024-07-26,loja física,691.88,103.78,588.69
677,493,2025-12-10,07:24:02,concluído,cartão débito,47.7,0,2025-12-16,marketplace,2944.66,0.0,2992.36
678,222,2026-05-10,20:33:32,cancelado,cartão débito,32.54,0,,marketplace,1776.0900000000001,0.0,1808.63
679,131,2026-04-04,14:33:59,concluído,pix,19.52,10,2026-04-06,app,927.66,92.77,854.41
680,302,2026-02-11,13:51:47,enviado,pix,25.95,5,,app,8632.8,431.64,8227.11
681,345,2025-07-26,09:43:50,concluído,cartão crédito,3.39,0,2025-07-27,site,8312.81,0.0,8316.2
682,180,2024-10-25,12:23:40,enviado,cartão crédito,14.14,0,,site,369.0,0.0,383.14
683,30,2025-04-14,17:42:23,enviado,boleto,32.76,10,,site,555.37,55.54,532.59
684,62,2026-02-25,06:45:16,enviado,cartão crédito,30.17,0,,app,1314.36,0.0,1344.53
685,357,2025-11-30,04:34:26,processando,cartão crédito,14.7,5,,site,1906.85,95.34,1826.21
686,473,2024-06-19,05:53:50,enviado,boleto,38.39,5,,marketplace,513.21,25.66,525.94
687,38,2025-04-05,18:41:51,concluído,cartão crédito,3.11,0,2025-04-18,site,2386.95,0.0,2390.06
688,136,2025-08-09,19:30:38,concluído,cartão crédito,3.46,20,2025-08-23,app,15990.6,3198.12,12795.94
689,92,2026-02-28,20:24:35,enviado,cartão débito,5.41,5,,loja física,295.2,14.76,285.85
690,55,2025-07-25,13:19:54,concluído,boleto,35.7,0,2025-08-05,site,1000.46,0.0,1036.16
691,129,2026-02-02,10:49:20,concluído,pix,0.94,0,2026-02-14,site,1076.9,0.0,1077.84
692,341,2026-02-24,18:14:01,cancelado,cartão crédito,7.57,0,,loja física,66.15,0.0,73.72
693,363,2025-07-20,15:20:53,concluído,boleto,24.48,0,2025-07-29,site,750.65,0.0,775.13
694,197,2025-06-18,09:16:38,concluído,boleto,40.82,0,2025-06-19,marketplace,1626.63,0.0,1667.45
695,206,2024-07-23,13:34:14,concluído,cartão crédito,49.75,5,2024-07-28,marketplace,3164.21,158.21,3055.75
696,42,2025-07-11,22:48:57,concluído,pix,37.95,0,2025-07-17,app,327.75,0.0,365.7
697,496,2026-03-16,03:17:31,concluído,cartão crédito,9.53,5,2026-03-17,site,1458.86,72.94,1395.45
698,184,2025-09-01,01:47:51,enviado,cartão débito,44.17,0,,app,257.38,0.0,301.55
699,13,2025-07-27,13:08:48,concluído,pix,29.59,0,2025-07-31,site,460.24,0.0,489.83
700,330,2025-12-10,07:02:45,enviado,cartão crédito,26.64,10,,loja física,2538.59,253.86,2311.37
701,9,2026-03-01,21:51:03,cancelado,cartão crédito,2.8,10,,site,1106.65,110.66,998.79
702,414,2026-02-07,13:43:38,concluído,pix,26.1,15,2026-02-11,app,354.08000000000004,53.11,327.07
703,120,2025-10-23,02:22:44,enviado,boleto,1.84,0,,site,1144.11,0.0,1145.95
704,317,2024-09-08,06:59:26,concluído,cartão crédito,34.99,0,2024-09-23,app,2894.24,0.0,2929.23
705,464,2026-01-10,04:12:33,enviado,cartão crédito,39.61,0,,app,537.2,0.0,576.81
706,33,2026-01-09,18:30:55,processando,pix,5.31,0,,app,1376.48,0.0,1381.79
707,219,2024-11-12,01:12:10,concluído,cartão crédito,41.71,10,2024-11-16,loja física,4892.5199999999995,489.25,4444.98
708,295,2025-10-28,10:39:48,concluído,cartão débito,16.05,20,2025-11-08,app,9965.68,1993.14,7988.59
709,304,2026-05-02,02:19:03,enviado,cartão crédito,3.15,0,,loja física,175.34,0.0,178.49
710,284,2024-09-03,00:54:52,concluído,cartão crédito,12.16,5,2024-09-09,app,2532.45,126.62,2417.99
711,324,2024-10-22,05:37:20,concluído,cartão débito,38.81,0,2024-11-05,loja física,9536.69,0.0,9575.5
712,92,2026-04-04,10:42:24,concluído,boleto,35.27,5,2026-04-05,marketplace,1815.47,90.77,1759.97
713,406,2025-09-12,05:52:48,concluído,pix,34.55,0,2025-09-25,marketplace,277.34,0.0,311.89
714,123,2025-11-25,21:33:41,concluído,boleto,30.47,0,2025-12-02,app,2658.74,0.0,2689.21
715,314,2024-10-21,16:04:38,enviado,boleto,31.3,10,,marketplace,1876.1699999999998,187.62,1719.85
716,121,2024-06-08,01:02:40,concluído,cartão crédito,49.23,20,2024-06-17,marketplace,610.73,122.15,537.81
717,277,2025-08-08,18:33:40,processando,cartão débito,23.16,5,,app,788.2,39.41,771.95
718,58,2025-05-17,06:49:23,concluído,pix,34.19,20,2025-05-21,loja física,2778.87,555.77,2257.29
719,344,2026-02-15,16:26:29,concluído,boleto,2.7,0,2026-02-18,app,39.24,0.0,41.94
720,316,2025-02-03,00:42:06,concluído,pix,37.84,0,2025-02-09,site,311.13,0.0,348.97
721,91,2024-09-07,11:31:43,cancelado,cartão crédito,1.45,5,,site,240.77,12.04,230.18
722,370,2024-07-04,07:28:46,processando,cartão crédito,28.93,0,,marketplace,4378.85,0.0,4407.78
723,167,2024-09-11,23:06:07,concluído,cartão crédito,11.83,0,2024-09-13,app,12138.33,0.0,12150.16
724,38,2025-08-24,14:05:07,concluído,cartão débito,24.17,15,2025-08-28,app,2888.0,433.2,2478.97
725,233,2024-11-11,02:12:07,concluído,cartão crédito,18.64,0,2024-11-21,app,138.67,0.0,157.31
726,500,2025-10-23,19:53:55,enviado,cartão crédito,16.76,0,,site,2534.1499999999996,0.0,2550.91
727,437,2024-10-07,02:58:30,concluído,cartão débito,20.87,10,2024-10-09,app,320.18,32.02,309.03
728,310,2024-08-11,02:53:55,processando,cartão crédito,39.65,20,,app,1024.6599999999999,204.93,859.38
729,438,2025-08-14,19:29:14,concluído,cartão crédito,20.54,5,2025-08-23,app,2557.17,127.86,2449.85
730,237,2024-12-20,08:09:37,concluído,cartão crédito,36.43,10,2025-01-03,app,2230.34,223.03,2043.74
731,297,2026-03-27,05:58:42,concluído,cartão crédito,46.28,15,2026-04-03,site,1547.2,232.08,1361.4
732,21,2026-01-09,20:01:00,concluído,boleto,36.6,5,2026-01-10,loja física,147.6,7.38,176.82
733,415,2024-07-01,02:20:37,concluído,pix,40.98,0,2024-07-09,app,1489.97,0.0,1530.95
734,7,2024-08-08,15:02:55,concluído,pix,20.29,0,2024-08-21,marketplace,623.0699999999999,0.0,643.36
735,47,2024-09-08,18:41:37,concluído,cartão crédito,33.38,0,2024-09-19,loja física,1883.43,0.0,1916.81
736,383,2025-07-02,01:05:11,processando,cartão débito,48.72,0,,app,1720.57,0.0,1769.29
737,208,2025-01-21,19:41:38,processando,cartão crédito,43.49,5,,site,450.39,22.52,471.36
738,37,2025-03-13,07:02:27,processando,cartão crédito,34.47,5,,marketplace,503.45,25.17,512.75
739,358,2025-07-31,18:39:20,concluído,boleto,27.07,10,2025-08-05,site,175.34,17.53,184.88
740,172,2024-10-15,04:42:48,enviado,pix,2.74,15,,marketplace,2560.05,384.01,2178.78
741,57,2025-04-28,12:02:46,processando,cartão crédito,23.22,0,,marketplace,38.16,0.0,61.38
742,361,2025-10-28,02:46:40,concluído,cartão crédito,35.4,0,2025-11-06,marketplace,819.48,0.0,854.88
743,333,2024-06-03,23:23:35,concluído,cartão débito,46.86,5,2024-06-05,app,509.06,25.45,530.47
744,390,2024-12-13,19:08:12,enviado,cartão crédito,17.6,0,,loja física,6748.21,0.0,6765.81
745,191,2025-01-23,09:23:16,concluído,cartão crédito,24.26,5,2025-01-25,site,710.04,35.5,698.8
746,348,2024-07-09,18:23:58,concluído,pix,44.88,0,2024-07-18,marketplace,9704.19,0.0,9749.07
747,485,2025-07-12,08:55:07,enviado,pix,48.81,15,,app,308.25,46.24,310.82
748,235,2026-05-07,13:07:40,processando,cartão crédito,19.5,0,,site,1740.36,0.0,1759.86
749,58,2026-02-01,22:16:54,concluído,pix,24.77,15,2026-02-06,site,783.6,117.54,690.83
750,278,2025-01-17,19:06:40,concluído,boleto,23.65,0,2025-01-28,site,344.12,0.0,367.77
751,12,2025-10-28,21:23:09,concluído,pix,11.59,15,2025-10-30,marketplace,990.46,148.57,853.48
752,336,2025-07-23,18:11:18,concluído,cartão débito,16.28,5,2025-07-29,loja física,1312.63,65.63,1263.28
753,68,2025-05-15,11:42:48,concluído,pix,15.29,10,2025-05-25,app,2619.18,261.92,2372.55
754,395,2024-09-20,12:53:06,concluído,pix,7.4,0,2024-09-25,app,554.22,0.0,561.62
755,83,2025-08-26,03:11:23,enviado,pix,14.23,20,,app,856.41,171.28,699.36
756,22,2025-06-19,20:18:53,concluído,boleto,28.67,0,2025-06-21,marketplace,450.39,0.0,479.06
757,363,2025-11-25,19:25:44,concluído,cartão crédito,15.82,0,2025-12-04,marketplace,411.0,0.0,426.82
758,274,2025-02-01,23:20:55,concluído,cartão crédito,45.93,0,2025-02-04,loja física,424.14,0.0,470.07
759,486,2025-07-14,21:00:11,enviado,cartão débito,15.98,0,,marketplace,7306.65,0.0,7322.63
760,152,2026-05-12,08:01:35,enviado,cartão débito,14.46,15,,app,1653.6,248.04,1420.02
761,374,2025-03-04,09:44:13,enviado,boleto,22.06,5,,loja física,5206.700000000001,260.34,4968.42
762,72,2025-09-17,17:39:56,processando,pix,5.83,0,,app,1546.1,0.0,1551.93
763,168,2025-07-26,22:45:00,concluído,cartão crédito,32.0,5,2025-07-28,app,1151.76,57.59,1126.17
764,393,2025-07-05,11:53:31,enviado,cartão crédito,1.13,5,,loja física,2086.01,104.3,1982.84
765,491,2024-11-13,21:29:23,enviado,cartão crédito,25.54,0,,marketplace,940.21,0.0,965.75
766,262,2025-11-20,05:44:54,enviado,boleto,45.33,0,,app,1001.05,0.0,1046.38
767,219,2024-08-19,19:27:43,enviado,cartão crédito,18.6,0,,marketplace,277.34,0.0,295.94
768,448,2025-10-31,13:52:26,concluído,cartão débito,10.76,15,2025-11-08,loja física,2866.02,429.9,2446.88
769,148,2026-03-02,15:17:36,processando,cartão crédito,36.33,15,,loja física,598.2,89.73,544.8
770,307,2024-07-08,15:43:45,concluído,cartão crédito,10.37,0,2024-07-18,marketplace,587.36,0.0,597.73
771,388,2024-12-05,01:40:08,concluído,cartão crédito,0.33,5,2024-12-15,marketplace,4472.78,223.64,4249.47
772,237,2024-07-02,10:34:06,concluído,pix,37.69,0,2024-07-11,app,927.66,0.0,965.35
773,149,2024-10-27,23:44:42,processando,cartão débito,2.11,10,,marketplace,567.65,56.76,513.0
774,238,2024-09-21,22:40:06,concluído,cartão crédito,39.48,0,2024-10-03,marketplace,2796.48,0.0,2835.96
775,428,2025-01-22,16:46:58,cancelado,cartão débito,6.2,5,,marketplace,1229.59,61.48,1174.31
776,465,2026-03-30,20:22:56,concluído,pix,12.21,0,2026-04-07,marketplace,734.2,0.0,746.41
777,307,2026-03-12,15:06:19,concluído,pix,29.0,5,2026-03-14,marketplace,2631.23,131.56,2528.67
778,244,2024-11-18,01:39:28,enviado,boleto,40.83,0,,site,20472.64,0.0,20513.47
779,84,2024-09-16,03:36:59,processando,cartão débito,7.29,0,,app,1357.1799999999998,0.0,1364.47
780,140,2025-09-14,14:34:58,concluído,cartão crédito,31.75,20,2025-09-15,site,56.79,11.36,77.18
781,328,2025-08-06,17:08:25,concluído,boleto,25.64,10,2025-08-15,app,2386.95,238.7,2173.89
782,307,2024-11-18,17:04:29,enviado,pix,27.13,15,,marketplace,9417.15,1412.57,8031.71
783,353,2025-09-06,13:26:07,concluído,cartão crédito,26.67,0,2025-09-18,app,3489.17,0.0,3515.84
784,145,2025-03-09,19:15:28,concluído,cartão crédito,24.2,0,2025-03-18,app,1060.35,0.0,1084.55
785,258,2025-01-05,08:49:44,concluído,cartão crédito,9.4,15,2025-01-08,site,16485.440000000002,2472.82,14022.02
786,40,2024-09-11,17:03:52,concluído,cartão crédito,6.55,0,2024-09-26,marketplace,1525.84,0.0,1532.39
787,72,2025-12-22,05:17:21,concluído,pix,44.4,5,2025-12-28,marketplace,383.92,19.2,409.12
788,15,2025-09-30,06:32:54,concluído,pix,5.92,0,2025-10-05,app,309.22,0.0,315.14
789,158,2025-04-27,16:43:41,enviado,cartão crédito,6.5,0,,site,383.92,0.0,390.42
790,248,2024-07-31,15:57:45,concluído,pix,2.12,0,2024-08-13,site,14455.76,0.0,14457.88
791,130,2025-08-04,23:43:08,concluído,cartão crédito,15.05,0,2025-08-19,site,734.25,0.0,749.3
792,472,2024-12-18,22:44:03,enviado,cartão débito,29.32,0,,marketplace,275.46,0.0,304.78
793,434,2024-12-23,09:07:18,concluído,pix,13.84,5,2024-12-26,marketplace,237.99,11.9,239.93
794,400,2025-03-27,10:44:10,concluído,pix,12.07,5,2025-04-05,site,3223.22,161.16,3074.13
795,391,2025-10-21,14:22:08,processando,cartão crédito,10.83,0,,marketplace,117.4,0.0,128.23
796,276,2026-05-06,19:14:24,concluído,cartão crédito,36.19,15,2026-05-19,loja física,2795.65,419.35,2412.49
797,95,2024-10-08,18:17:30,concluído,cartão crédito,47.79,0,2024-10-18,marketplace,969.0300000000001,0.0,1016.82
798,218,2025-04-10,15:26:43,cancelado,cartão crédito,11.35,0,,marketplace,1430.19,0.0,1441.54
799,267,2025-05-24,03:31:01,concluído,cartão crédito,38.04,10,2025-05-26,site,2457.48,245.75,2249.77
800,60,2024-08-07,13:45:59,concluído,cartão crédito,22.8,10,2024-08-15,loja física,3662.3599999999997,366.24,3318.92
801,149,2024-12-18,08:02:43,concluído,boleto,21.36,15,2024-12-25,loja física,1666.23,249.93,1437.66
802,189,2025-11-11,09:09:02,cancelado,cartão crédito,49.84,0,,site,3203.02,0.0,3252.86
803,338,2025-04-30,06:46:22,concluído,pix,5.95,0,2025-05-09,site,15190.38,0.0,15196.33
804,457,2025-11-25,08:30:10,enviado,boleto,3.23,20,,marketplace,2642.87,528.57,2117.53
805,207,2024-09-23,04:03:31,concluído,cartão crédito,41.82,10,2024-10-07,marketplace,22974.72,2297.47,20719.07
806,393,2025-07-25,03:46:43,enviado,cartão débito,13.62,10,,loja física,16460.579999999998,1646.06,14828.14
807,309,2024-11-09,04:12:49,concluído,boleto,49.28,5,2024-11-20,app,693.35,34.67,707.96
808,56,2024-07-28,17:05:43,enviado,cartão crédito,24.42,0,,app,3365.12,0.0,3389.54
809,28,2025-10-05,21:47:59,concluído,pix,24.86,0,2025-10-17,app,521.35,0.0,546.21
810,168,2025-12-24,23:50:53,concluído,cartão crédito,31.04,0,2026-01-04,site,1357.26,0.0,1388.3
811,267,2024-12-30,03:46:19,enviado,pix,39.56,0,,loja física,16435.719999999998,0.0,16475.28
812,278,2025-10-08,16:00:26,concluído,cartão crédito,42.9,5,2025-10-13,site,2468.69,123.43,2388.16
813,451,2025-11-27,03:08:46,cancelado,boleto,19.14,0,,loja física,5065.4,0.0,5084.54
814,17,2025-10-18,08:07:04,concluído,cartão crédito,32.9,10,2025-10-19,app,864.0,86.4,810.5
815,160,2024-10-31,12:38:00,concluído,pix,24.32,0,2024-11-03,loja física,3161.0400000000004,0.0,3185.36
816,351,2025-12-10,20:01:03,enviado,cartão débito,23.44,5,,app,1812.3899999999999,90.62,1745.21
817,135,2025-03-19,23:01:57,concluído,cartão débito,48.45,5,2025-03-26,marketplace,1074.4,53.72,1069.13
818,146,2025-08-15,16:50:57,enviado,cartão crédito,1.4,0,,marketplace,66.15,0.0,67.55
819,299,2025-10-27,11:05:40,concluído,cartão crédito,44.48,0,2025-11-08,site,6359.450000000001,0.0,6403.93
820,211,2025-10-20,01:07:36,concluído,cartão crédito,33.0,0,2025-10-26,marketplace,402.76,0.0,435.76
821,353,2026-03-03,05:10:46,concluído,cartão crédito,15.22,0,2026-03-18,site,117.4,0.0,132.62
822,236,2025-07-06,03:29:47,concluído,pix,21.08,5,2025-07-07,loja física,6791.58,339.58,6473.08
823,241,2025-09-16,18:47:04,concluído,cartão débito,49.19,0,2025-09-28,loja física,476.56,0.0,525.75
824,414,2024-10-09,07:46:57,concluído,cartão débito,34.47,0,2024-10-11,loja física,2598.4,0.0,2632.87
825,342,2025-04-25,21:19:15,concluído,cartão crédito,30.68,0,2025-05-08,loja física,1197.6299999999999,0.0,1228.31
826,434,2026-03-04,00:55:55,concluído,boleto,3.76,15,2026-03-15,app,1084.25,162.64,925.37
827,153,2024-10-01,03:05:07,concluído,boleto,20.06,0,2024-10-02,site,358.27000000000004,0.0,378.33
828,297,2025-02-04,15:10:55,enviado,cartão crédito,16.81,0,,loja física,2291.36,0.0,2308.17
829,408,2026-02-05,19:09:26,concluído,cartão crédito,41.1,5,2026-02-11,marketplace,583.96,29.2,595.86
830,161,2025-05-06,17:11:37,concluído,cartão crédito,20.07,5,2025-05-15,loja física,131.31,6.57,144.81
831,281,2025-03-25,05:47:13,enviado,cartão crédito,0.93,10,,app,1503.96,150.4,1354.49
832,339,2024-06-24,00:47:34,concluído,boleto,37.04,0,2024-06-28,loja física,1236.88,0.0,1273.92
833,373,2025-09-15,17:51:09,cancelado,cartão débito,26.06,0,,app,653.15,0.0,679.21
834,351,2024-12-13,03:29:21,concluído,pix,42.12,0,2024-12-25,site,428.76,0.0,470.88
835,434,2024-08-03,02:57:40,enviado,cartão crédito,41.1,5,,marketplace,946.99,47.35,940.74
836,121,2024-12-30,17:17:50,enviado,cartão crédito,5.67,0,,app,1702.1399999999999,0.0,1707.81
837,159,2024-09-08,16:54:21,enviado,cartão débito,27.94,0,,site,697.97,0.0,725.91
838,70,2025-07-21,17:07:12,concluído,cartão crédito,39.4,0,2025-07-26,app,1474.5700000000002,0.0,1513.97
839,22,2024-08-28,08:09:45,enviado,boleto,24.24,0,,site,876.7,0.0,900.94
840,444,2025-11-17,04:05:43,concluído,cartão crédito,47.66,15,2025-11-22,site,1237.76,185.66,1099.76
841,371,2025-08-03,20:07:59,concluído,pix,11.78,5,2025-08-17,site,15280.04,764.0,14527.82
842,298,2025-04-15,20:45:01,concluído,boleto,46.48,0,2025-04-29,site,234.8,0.0,281.28
843,396,2024-07-25,03:22:10,concluído,pix,16.43,5,2024-07-27,loja física,9483.71,474.19,9025.95
844,381,2025-02-14,17:28:01,processando,cartão crédito,21.1,0,,app,416.01,0.0,437.11
845,226,2025-10-14,03:34:17,concluído,cartão crédito,43.06,0,2025-10-19,marketplace,57.24,0.0,100.3
846,58,2024-08-12,00:23:47,enviado,cartão crédito,21.15,5,,marketplace,368.6,18.43,371.32
847,480,2025-03-12,17:14:36,processando,cartão crédito,23.71,0,,marketplace,1246.8,0.0,1270.51
848,311,2026-05-11,03:21:38,concluído,cartão crédito,36.9,10,2026-05-26,site,807.3,80.73,763.47
849,404,2025-02-17,23:00:43,enviado,pix,12.62,0,,marketplace,184.21,0.0,196.83
850,351,2026-01-29,06:05:30,processando,cartão crédito,43.26,15,,loja física,2236.52,335.48,1944.3
851,475,2025-01-02,03:36:11,concluído,boleto,12.75,0,2025-01-09,app,714.6,0.0,727.35
852,456,2024-09-25,13:34:48,concluído,cartão crédito,21.9,0,2024-10-09,loja física,1817.43,0.0,1839.33
853,141,2026-04-09,18:26:09,enviado,pix,41.08,15,,loja física,80.53,12.08,109.53
854,475,2026-02-13,19:24:40,enviado,pix,35.8,15,,site,1625.15,243.77,1417.18
855,358,2024-11-26,06:22:17,processando,cartão crédito,3.31,0,,marketplace,77.01,0.0,80.32
856,391,2025-01-02,10:56:38,concluído,cartão crédito,32.02,5,2025-01-03,app,1643.3500000000001,82.17,1593.2
857,322,2024-06-11,13:39:50,concluído,cartão crédito,28.73,0,2024-06-15,app,170.37,0.0,199.1
858,426,2024-08-18,23:39:35,concluído,cartão débito,6.49,5,2024-08-31,loja física,2627.31,131.37,2502.43
859,164,2025-03-23,20:29:42,enviado,cartão débito,43.59,0,,app,1167.18,0.0,1210.77
860,424,2024-11-23,12:22:58,enviado,cartão crédito,14.06,0,,marketplace,334.05,0.0,348.11
861,194,2025-03-25,00:00:59,concluído,boleto,44.13,0,2025-04-09,site,6469.46,0.0,6513.59
862,332,2024-08-24,11:11:26,cancelado,cartão débito,11.41,0,,loja física,453.72,0.0,465.13
863,437,2026-02-01,21:00:36,concluído,cartão crédito,20.01,0,2026-02-13,marketplace,1899.85,0.0,1919.86
864,88,2026-05-23,20:54:04,concluído,boleto,5.86,10,2026-05-29,loja física,532.15,53.22,484.79
865,476,2024-09-07,20:04:12,enviado,cartão débito,33.61,0,,app,4268.55,0.0,4302.16
866,417,2024-10-18,09:40:05,concluído,pix,14.37,0,2024-11-01,app,3561.2000000000003,0.0,3575.57
867,308,2025-07-17,20:00:57,concluído,cartão crédito,41.12,10,2025-07-21,app,583.96,58.4,566.68
868,406,2025-12-21,14:48:18,concluído,cartão crédito,14.48,0,2025-12-28,loja física,693.35,0.0,707.83
869,190,2026-04-14,22:31:23,processando,cartão débito,32.3,0,,loja física,5408.74,0.0,5441.04
870,499,2025-01-28,00:17:45,concluído,pix,34.27,10,2025-02-03,loja física,817.04,81.7,769.61
871,132,2025-09-04,06:19:47,enviado,cartão crédito,27.79,0,,app,337.04,0.0,364.83
872,311,2026-03-03,20:44:45,concluído,boleto,48.26,5,2026-03-09,site,3405.0899999999997,170.25,3283.1
873,318,2026-02-20,13:36:21,concluído,cartão crédito,48.78,5,2026-03-01,app,138.67,6.93,180.52
874,287,2025-06-19,04:57:01,cancelado,cartão crédito,8.95,0,,loja física,5675.15,0.0,5684.1
875,450,2024-08-17,02:48:11,cancelado,cartão débito,4.47,10,,loja física,4602.72,460.27,4146.92
876,161,2025-07-19,18:19:45,concluído,cartão crédito,6.38,15,2025-07-21,marketplace,5815.35,872.3,4949.43
877,475,2025-03-01,21:46:09,enviado,cartão crédito,45.05,0,,marketplace,1769.05,0.0,1814.1
878,458,2025-11-29,23:14:08,concluído,cartão crédito,36.77,0,2025-12-06,app,393.17,0.0,429.94
879,337,2025-08-22,07:35:51,concluído,cartão débito,21.96,0,2025-09-06,site,73.8,0.0,95.76
880,241,2026-04-07,01:59:33,concluído,cartão crédito,35.23,0,2026-04-08,loja física,1342.64,0.0,1377.87
881,364,2025-01-08,22:35:52,concluído,cartão débito,22.84,0,2025-01-14,app,1295.7099999999998,0.0,1318.55
882,105,2025-08-06,07:17:25,concluído,pix,9.01,0,2025-08-08,marketplace,154.02,0.0,163.03
883,300,2024-12-31,10:36:36,concluído,cartão crédito,49.8,0,2025-01-11,app,6059.22,0.0,6109.02
884,127,2025-09-18,17:48:09,concluído,pix,33.78,15,2025-09-20,site,200.21,30.03,203.96
885,63,2024-08-19,20:31:29,concluído,cartão crédito,29.46,20,2024-08-30,marketplace,336.99,67.4,299.05
886,236,2026-05-01,07:04:43,concluído,pix,32.91,0,2026-05-03,marketplace,941.82,0.0,974.73
887,169,2024-07-11,03:53:54,concluído,boleto,32.74,20,2024-07-12,marketplace,112.12,22.42,122.44
888,376,2024-10-14,12:45:38,cancelado,boleto,39.77,0,,site,149.55,0.0,189.32
889,145,2025-02-05,21:40:49,processando,cartão crédito,2.77,0,,loja física,1152.0,0.0,1154.77
890,92,2026-01-08,21:43:30,concluído,cartão crédito,38.47,0,2026-01-13,site,800.84,0.0,839.31
891,84,2025-04-02,11:47:05,processando,cartão crédito,20.08,5,,app,575.47,28.77,566.78
892,411,2024-10-22,05:46:38,concluído,cartão crédito,40.24,0,2024-10-30,app,283.95,0.0,324.19
893,427,2025-02-27,00:17:13,concluído,cartão crédito,9.97,0,2025-03-01,loja física,21262.809999999998,0.0,21272.78
894,308,2026-02-20,00:18:41,concluído,cartão crédito,37.75,10,2026-03-02,app,2288.76,228.88,2097.63
895,48,2025-12-31,16:34:41,concluído,cartão crédito,17.05,0,2026-01-07,app,150.13,0.0,167.18
896,366,2025-11-12,09:07:38,enviado,cartão crédito,24.72,5,,site,868.63,43.43,849.92
897,41,2026-02-06,13:06:54,concluído,boleto,23.83,0,2026-02-13,app,150.04,0.0,173.87
898,154,2025-07-21,21:04:17,enviado,pix,26.1,0,,site,240.77,0.0,266.87
899,24,2025-08-06,09:42:13,concluído,cartão débito,25.48,0,2025-08-21,loja física,2435.48,0.0,2460.96
900,292,2025-09-08,18:15:42,enviado,pix,17.74,5,,site,1281.48,64.07,1235.15
901,237,2026-04-19,23:51:49,concluído,cartão crédito,9.09,0,2026-04-30,site,10452.380000000001,0.0,10461.47
902,153,2026-03-25,20:02:58,concluído,cartão crédito,36.13,10,2026-04-06,loja física,797.58,79.76,753.95
903,136,2025-04-12,15:45:41,enviado,cartão crédito,45.81,10,,app,1445.4,144.54,1346.67
904,310,2025-06-09,07:08:51,concluído,cartão crédito,33.6,0,2025-06-21,site,2596.64,0.0,2630.24
905,7,2025-09-06,23:15:32,concluído,cartão crédito,23.81,5,2025-09-08,loja física,1354.0900000000001,67.7,1310.2
906,499,2024-09-10,23:54:58,concluído,cartão débito,34.46,20,2024-09-24,loja física,66.68,13.34,87.8
907,45,2024-12-22,03:02:44,processando,cartão crédito,0.69,0,,site,24431.1,0.0,24431.79
908,97,2024-06-11,06:50:37,enviado,pix,10.44,5,,app,2562.17,128.11,2444.5
909,440,2025-11-19,06:02:14,concluído,pix,9.53,0,2025-11-30,loja física,554.22,0.0,563.75
910,12,2025-07-07,19:21:04,concluído,cartão crédito,45.03,10,2025-07-14,loja física,3576.11,357.61,3263.53
911,242,2025-12-09,21:13:55,cancelado,cartão crédito,22.43,0,,marketplace,391.8,0.0,414.23
912,201,2024-10-02,16:21:56,concluído,cartão crédito,0.39,5,2024-10-16,loja física,107.38,5.37,102.4
913,435,2025-10-27,15:39:34,cancelado,cartão débito,28.88,10,,marketplace,2816.52,281.65,2563.75
914,249,2024-09-10,01:28:30,concluído,cartão débito,36.16,15,2024-09-17,loja física,757.9300000000001,113.69,680.4
915,271,2024-09-22,17:21:44,concluído,cartão crédito,28.76,5,2024-09-23,marketplace,342.84,17.14,354.46
916,214,2025-03-25,03:09:15,processando,pix,5.84,5,,marketplace,2460.67,123.03,2343.48
917,11,2025-08-18,17:53:51,concluído,cartão crédito,36.24,0,2025-08-25,loja física,762.74,0.0,798.98
918,301,2025-12-27,03:03:53,concluído,boleto,16.92,5,2025-12-31,loja física,1003.99,50.2,970.71
919,371,2024-12-28,13:56:03,concluído,pix,47.89,10,2025-01-02,marketplace,2952.83,295.28,2705.44
920,410,2024-07-14,23:15:57,enviado,boleto,8.09,0,,site,2386.95,0.0,2395.04
921,67,2026-05-18,06:47:28,enviado,cartão crédito,7.8,0,,loja física,618.88,0.0,626.68
922,253,2025-12-19,08:35:36,cancelado,cartão crédito,10.45,0,,site,1807.1599999999999,0.0,1817.61
923,183,2025-10-13,09:13:41,concluído,pix,8.72,15,2025-10-18,site,2369.99,355.5,2023.21
924,173,2025-03-18,09:54:25,processando,cartão crédito,30.82,0,,app,265.86,0.0,296.68
925,402,2025-12-05,10:35:56,concluído,cartão crédito,2.33,15,2025-12-11,marketplace,12229.640000000001,1834.45,10397.52
926,437,2026-01-28,19:58:24,processando,pix,25.72,5,,site,334.05,16.7,343.07
927,225,2024-12-14,09:34:31,cancelado,pix,48.04,10,,site,1023.73,102.37,969.4
928,313,2025-11-12,16:38:46,enviado,pix,47.27,10,,site,1679.24,167.92,1558.59
929,323,2025-09-19,16:50:39,concluído,cartão crédito,10.25,0,2025-09-22,marketplace,861.52,0.0,871.77
930,391,2025-04-24,18:25:35,enviado,cartão débito,36.55,0,,marketplace,4844.33,0.0,4880.88
931,63,2025-12-04,21:15:29,concluído,pix,21.91,0,2025-12-07,site,1046.27,0.0,1068.18
932,243,2025-05-25,11:33:31,concluído,cartão crédito,25.2,0,2025-06-07,marketplace,8593.2,0.0,8618.4
933,213,2024-10-24,03:06:49,enviado,cartão crédito,33.18,0,,loja física,945.5699999999999,0.0,978.75
934,71,2025-05-10,20:36:20,enviado,pix,20.63,0,,loja física,536.9,0.0,557.53
935,265,2025-03-05,20:51:45,cancelado,pix,18.05,0,,app,2900.6,0.0,2918.65
936,368,2026-02-14,02:20:13,enviado,pix,47.09,0,,marketplace,1357.08,0.0,1404.17
937,85,2025-06-02,22:21:43,concluído,cartão crédito,19.62,0,2025-06-15,app,271.02,0.0,290.64
938,30,2025-06-29,00:01:47,processando,boleto,48.9,10,,marketplace,4986.62,498.66,4536.86
939,349,2025-01-12,16:30:14,concluído,pix,43.59,10,2025-01-27,marketplace,1973.63,197.36,1819.86
940,5,2025-01-04,03:30:39,processando,pix,44.92,5,,app,5575.85,278.79,5341.98
941,229,2025-05-02,03:55:01,enviado,cartão débito,44.29,5,,loja física,1840.05,92.0,1792.34
942,455,2025-07-13,06:23:09,enviado,pix,32.37,10,,marketplace,87.54,8.75,111.16
943,172,2025-12-13,22:59:24,concluído,cartão crédito,35.87,15,2025-12-22,marketplace,3929.15,589.37,3375.65
944,283,2026-04-19,12:03:20,concluído,cartão crédito,17.0,5,2026-04-28,site,267.24,13.36,270.88
945,277,2026-05-22,10:54:03,concluído,cartão débito,12.04,10,2026-06-04,loja física,383.92,38.39,357.57
946,57,2026-02-26,04:17:28,cancelado,pix,42.0,0,,marketplace,737.2,0.0,779.2
947,334,2024-11-28,14:16:12,concluído,boleto,22.39,5,2024-12-11,site,776.9,38.84,760.45
948,413,2025-01-26,22:54:14,concluído,pix,29.02,10,2025-01-30,app,605.81,60.58,574.25
949,342,2025-10-10,14:53:52,concluído,pix,35.67,5,2025-10-15,loja física,319.29,15.96,339.0
950,54,2026-04-01,06:36:48,concluído,cartão crédito,29.06,10,2026-04-05,marketplace,340.59,34.06,335.59
951,365,2024-08-10,10:31:10,concluído,cartão crédito,20.56,0,2024-08-13,loja física,1519.2400000000002,0.0,1539.8
952,244,2025-01-27,07:44:29,processando,cartão crédito,3.9,5,,loja física,491.5,24.58,470.82
953,399,2025-04-15,15:46:58,concluído,cartão crédito,13.16,0,2025-04-24,loja física,2795.35,0.0,2808.51
954,353,2026-01-23,10:25:14,cancelado,boleto,24.43,20,,app,11897.16,2379.43,9542.16
955,249,2025-02-01,19:38:11,concluído,pix,6.46,10,2025-02-04,site,2405.9199999999996,240.59,2171.79
956,234,2026-03-22,10:19:05,enviado,cartão débito,37.25,15,,marketplace,954.78,143.22,848.81
957,61,2024-08-12,22:08:25,cancelado,cartão débito,20.39,0,,marketplace,130.63,0.0,151.02
958,61,2025-10-09,21:01:44,concluído,cartão crédito,49.45,0,2025-10-12,loja física,905.3,0.0,954.75
959,73,2024-08-04,15:19:01,concluído,pix,21.05,15,2024-08-07,marketplace,738.96,110.84,649.17
960,111,2024-08-02,11:27:47,processando,cartão crédito,36.91,0,,marketplace,407.22,0.0,444.13
961,214,2025-12-22,21:06:31,concluído,cartão débito,15.45,0,2025-12-23,marketplace,7147.37,0.0,7162.82
962,244,2024-12-07,08:24:25,enviado,pix,41.6,0,,app,9866.47,0.0,9908.07
963,390,2024-08-15,15:15:18,concluído,cartão crédito,22.41,15,2024-08-23,marketplace,3409.56,511.43,2920.54
964,341,2024-10-10,03:43:47,concluído,cartão débito,19.32,15,2024-10-20,marketplace,117.4,17.61,119.11
965,456,2025-08-24,18:28:43,concluído,cartão crédito,13.84,0,2025-09-04,app,6195.75,0.0,6209.59
966,293,2024-07-18,12:01:35,enviado,cartão débito,38.5,0,,site,57.24,0.0,95.74
967,44,2024-08-08,14:34:44,enviado,cartão crédito,30.87,5,,site,3669.7,183.48,3517.09
968,268,2026-01-02,07:57:17,cancelado,cartão crédito,23.74,15,,site,5633.04,844.96,4811.82
969,273,2025-01-11,22:26:39,enviado,cartão crédito,0.95,10,,app,703.51,70.35,634.11
970,430,2025-08-08,08:05:05,processando,pix,22.17,10,,marketplace,13852.91,1385.29,12489.79
971,252,2026-05-26,22:35:35,concluído,pix,1.16,0,2026-05-27,loja física,3956.9799999999996,0.0,3958.14
972,163,2025-06-21,17:11:52,concluído,cartão crédito,4.54,20,2025-06-30,app,77.01,15.4,66.15
973,131,2026-02-21,18:28:36,concluído,pix,7.7,20,2026-02-24,app,600.16,120.03,487.83
974,93,2026-04-14,00:55:07,concluído,cartão crédito,2.92,0,2026-04-20,marketplace,19.62,0.0,22.54
975,166,2024-06-12,05:09:40,concluído,cartão crédito,46.98,15,2024-06-27,site,6548.81,982.32,5613.47
976,306,2025-04-29,05:25:32,concluído,cartão débito,24.6,10,2025-05-12,loja física,56.79,5.68,75.71
977,138,2025-11-11,18:36:32,cancelado,cartão crédito,23.19,0,,loja física,1180.76,0.0,1203.95
978,120,2025-07-04,00:19:28,concluído,boleto,0.93,5,2025-07-15,site,796.2,39.81,757.32
979,334,2026-05-29,03:45:57,concluído,pix,15.2,0,2026-06-07,site,1371.36,0.0,1386.56
980,257,2025-12-23,12:50:54,processando,cartão crédito,48.3,0,,app,90.54,0.0,138.84
981,276,2024-09-17,21:00:26,enviado,boleto,47.97,5,,site,3618.85,180.94,3485.88
982,493,2025-06-11,11:13:58,concluído,pix,14.43,20,2025-06-19,site,19.62,3.92,30.13
983,247,2025-06-25,13:33:34,concluído,cartão crédito,12.52,5,2025-07-10,marketplace,19544.88,977.24,18580.16
984,109,2025-07-08,22:18:28,processando,cartão débito,25.47,0,,site,309.44,0.0,334.91
985,358,2025-11-18,01:23:42,concluído,cartão crédito,6.97,5,2025-11-25,marketplace,2532.45,126.62,2412.8
986,108,2025-11-11,13:46:58,processando,cartão débito,47.78,0,,marketplace,2226.59,0.0,2274.37
987,386,2026-04-24,16:49:08,enviado,pix,13.62,5,,marketplace,17716.329999999998,885.82,16844.13
988,492,2025-07-22,10:37:39,concluído,cartão débito,0.79,5,2025-07-30,site,859.65,42.98,817.46
989,3,2025-11-27,23:15:38,enviado,boleto,33.57,0,,loja física,826.8,0.0,860.37
990,276,2024-09-08,18:13:03,enviado,cartão crédito,43.75,5,,site,657.78,32.89,668.64
991,418,2025-04-14,20:20:01,processando,pix,33.55,0,,loja física,2162.05,0.0,2195.6
992,184,2024-06-14,16:55:03,processando,cartão crédito,41.87,10,,site,1609.32,160.93,1490.26
993,480,2025-09-25,14:12:47,concluído,cartão crédito,0.47,10,2025-10-01,marketplace,3671.42,367.14,3304.75
994,364,2024-10-29,15:05:05,enviado,cartão crédito,4.49,5,,marketplace,9.81,0.49,13.81
995,114,2026-05-12,09:57:04,processando,cartão crédito,24.64,0,,marketplace,1720.6,0.0,1745.24
996,362,2026-03-11,16:10:09,concluído,cartão débito,0.36,20,2026-03-23,loja física,826.8,165.36,661.8
997,292,2026-01-04,06:42:13,concluído,cartão débito,8.51,0,2026-01-09,app,708.57,0.0,717.08
998,382,2024-06-09,13:41:53,concluído,cartão crédito,12.96,5,2024-06-12,app,450.39,22.52,440.83
999,374,2025-12-10,14:42:24,processando,pix,9.57,5,,marketplace,1074.0700000000002,53.7,1029.94
1000,453,2025-04-29,23:58:44,enviado,cartão débito,46.8,5,,site,1062.83,53.14,1056.49
1001,166,2025-12-01,15:03:24,processando,cartão crédito,49.66,0,,loja física,453.12,0.0,502.78
1002,389,2025-07-23,22:20:04,concluído,cartão crédito,35.99,0,2025-08-01,loja física,710.04,0.0,746.03
1003,3,2026-01-07,04:37:17,concluído,cartão crédito,16.7,15,2026-01-13,site,1425.75,213.86,1228.59
1004,116,2025-02-26,22:11:39,cancelado,boleto,21.15,0,,app,19544.88,0.0,19566.03
1005,160,2024-12-10,14:30:18,concluído,cartão crédito,31.2,0,2024-12-16,loja física,1236.88,0.0,1268.08
1006,304,2025-12-29,21:26:32,processando,pix,46.66,10,,app,3029.05,302.9,2772.81
1007,491,2025-10-30,10:58:36,concluído,cartão crédito,2.72,0,2025-11-03,app,1459.9299999999998,0.0,1462.65
1008,398,2026-05-19,20:23:47,cancelado,cartão débito,21.88,0,,loja física,361.32,0.0,383.2
1009,499,2026-03-05,10:24:14,concluído,cartão crédito,1.66,0,2026-03-07,site,383.92,0.0,385.58
1010,32,2026-04-18,16:22:26,enviado,boleto,22.05,0,,loja física,5128.08,0.0,5150.13
1011,29,2025-07-19,02:30:30,concluído,cartão débito,14.72,0,2025-07-30,site,3099.6,0.0,3114.32
1012,211,2025-11-17,05:56:17,enviado,cartão crédito,29.92,5,,site,13730.4,686.52,13073.8
1013,408,2025-09-20,01:59:24,concluído,cartão crédito,30.95,0,2025-09-28,site,506.49,0.0,537.44
1014,301,2024-07-06,19:22:14,concluído,cartão crédito,5.12,5,2024-07-12,site,2099.05,104.95,1999.22
1015,100,2025-09-18,16:03:41,concluído,boleto,6.29,5,2025-10-02,marketplace,246.89000000000001,12.34,240.84
1016,318,2025-05-18,09:16:41,concluído,cartão crédito,12.13,10,2025-05-30,site,352.2,35.22,329.11
1017,224,2024-10-12,19:28:06,concluído,cartão débito,32.52,0,2024-10-22,app,1854.13,0.0,1886.65
1018,309,2025-11-09,19:48:09,concluído,cartão crédito,18.4,0,2025-11-14,app,2795.65,0.0,2814.05
1019,420,2026-05-27,09:42:35,concluído,pix,42.85,0,2026-06-05,app,1525.84,0.0,1568.69
1020,328,2026-04-19,22:10:31,cancelado,boleto,39.18,0,,loja física,28.03,0.0,67.21
1021,240,2026-01-18,02:23:33,enviado,cartão débito,16.52,5,,marketplace,198.45,9.92,205.05
1022,215,2025-07-15,12:51:04,enviado,cartão crédito,5.23,15,,site,796.2,119.43,682.0
1023,2,2026-05-06,21:49:31,concluído,cartão débito,34.59,0,2026-05-21,app,2205.89,0.0,2240.48
1024,394,2024-11-25,17:22:49,concluído,boleto,16.54,10,2024-12-07,app,1200.03,120.0,1096.57
1025,4,2024-10-17,16:34:15,concluído,cartão crédito,3.68,0,2024-10-31,site,739.1,0.0,742.78
1026,100,2024-08-01,06:10:50,concluído,cartão débito,45.54,0,2024-08-09,site,1160.87,0.0,1206.41
1027,90,2025-03-16,00:07:24,concluído,cartão crédito,13.07,0,2025-03-21,app,1127.2099999999998,0.0,1140.28
1028,91,2026-03-17,21:30:53,concluído,pix,45.44,0,2026-03-18,app,267.24,0.0,312.68
1029,454,2024-09-15,11:02:26,concluído,cartão crédito,46.71,0,2024-09-28,app,57.24,0.0,103.95
1030,339,2025-07-07,21:34:15,concluído,cartão crédito,26.29,10,2025-07-13,loja física,13119.58,1311.96,11833.91
1031,34,2025-03-05,07:37:46,processando,cartão crédito,44.05,0,,app,986.6600000000001,0.0,1030.71
1032,356,2024-07-13,10:45:54,concluído,cartão crédito,29.92,20,2024-07-20,app,561.29,112.26,478.95
1033,391,2025-04-28,05:54:44,cancelado,cartão débito,9.44,5,,app,1927.5700000000002,96.38,1840.63
1034,323,2025-06-23,18:44:02,concluído,pix,43.56,15,2025-06-24,loja física,1498.3200000000002,224.75,1317.13
1035,402,2025-03-25,08:38:12,concluído,cartão débito,33.11,0,2025-03-27,loja física,264.6,0.0,297.71
1036,331,2024-10-14,07:50:58,enviado,pix,18.68,5,,app,1345.5,67.28,1296.9
1037,270,2025-03-20,20:18:37,concluído,pix,35.71,0,2025-03-26,marketplace,1491.11,0.0,1526.82
1038,472,2024-08-30,20:37:25,concluído,pix,32.42,0,2024-09-10,app,261.26,0.0,293.68
1039,203,2025-02-21,09:48:10,concluído,cartão crédito,21.21,0,2025-02-25,app,4617.46,0.0,4638.67
1040,192,2026-05-14,20:50:06,cancelado,cartão crédito,4.23,10,,marketplace,999.6200000000001,99.96,903.89
1041,118,2025-11-13,08:27:11,concluído,cartão débito,23.22,5,2025-11-19,loja física,2223.6,111.18,2135.64
1042,210,2024-12-14,21:45:33,concluído,cartão crédito,24.83,0,2024-12-21,site,1183.4,0.0,1208.23
1043,136,2026-03-11,22:18:07,concluído,cartão débito,17.92,0,2026-03-15,site,5456.7300000000005,0.0,5474.65
1044,475,2025-07-27,15:42:58,enviado,cartão crédito,5.92,0,,app,2916.3999999999996,0.0,2922.32
1045,169,2026-03-26,17:25:54,concluído,cartão crédito,37.19,10,2026-04-06,marketplace,5021.79,502.18,4556.8
1046,71,2026-01-20,04:47:19,concluído,boleto,37.54,10,2026-01-30,marketplace,161.06,16.11,182.49
1047,145,2026-04-01,04:27:50,concluído,pix,39.08,0,2026-04-06,loja física,6586.32,0.0,6625.4
1048,388,2024-09-03,10:58:06,processando,pix,23.55,5,,app,1720.6,86.03,1658.12
1049,117,2025-01-15,04:59:48,processando,cartão crédito,37.38,0,,loja física,827.66,0.0,865.04
1050,237,2025-01-22,06:52:48,enviado,cartão crédito,4.29,10,,loja física,554.22,55.42,503.09
1051,358,2025-06-14,03:53:41,enviado,cartão crédito,21.89,15,,site,10053.36,1508.0,8567.25
1052,448,2025-01-17,21:52:27,concluído,cartão crédito,47.07,0,2025-01-27,marketplace,309.44,0.0,356.51
1053,218,2024-12-26,13:06:37,concluído,pix,20.13,10,2025-01-02,marketplace,9.81,0.98,28.96
1054,291,2024-11-16,09:38:06,concluído,pix,46.01,0,2024-11-17,marketplace,963.08,0.0,1009.09
1055,309,2024-06-05,15:26:54,concluído,boleto,28.64,0,2024-06-18,loja física,339.3,0.0,367.94
1056,33,2025-12-29,03:35:40,concluído,cartão débito,9.4,0,2026-01-05,loja física,1211.62,0.0,1221.02
1057,156,2025-10-07,03:46:47,enviado,cartão crédito,5.21,5,,site,3632.19,181.61,3455.79
1058,309,2025-08-19,17:46:49,processando,cartão débito,9.32,0,,loja física,424.14,0.0,433.46
1059,150,2025-04-05,15:26:03,concluído,pix,3.49,0,2025-04-09,site,701.36,0.0,704.85
1060,466,2024-11-19,19:36:20,concluído,cartão crédito,7.84,0,2024-12-03,loja física,821.52,0.0,829.36
1061,200,2026-05-21,20:48:57,concluído,boleto,43.2,0,2026-05-23,app,2032.03,0.0,2075.23
1062,364,2025-01-26,16:03:03,concluído,pix,7.92,5,2025-02-09,marketplace,4569.549999999999,228.48,4348.99
1063,367,2026-05-26,13:38:42,concluído,pix,13.74,0,2026-06-04,app,5457.900000000001,0.0,5471.64
1064,205,2026-05-29,16:15:21,concluído,cartão débito,12.32,0,2026-06-12,loja física,1547.2,0.0,1559.52
1065,21,2025-10-16,07:41:43,concluído,pix,14.37,15,2025-10-26,loja física,3075.21,461.28,2628.3
1066,365,2025-07-09,07:57:19,concluído,pix,19.52,10,2025-07-23,app,195.9,19.59,195.83
1067,461,2026-03-07,06:28:19,concluído,cartão débito,21.56,0,2026-03-10,app,3694.55,0.0,3716.11
1068,49,2026-04-28,20:18:50,enviado,cartão crédito,47.19,0,,app,693.35,0.0,740.54
1069,276,2024-07-01,10:14:41,concluído,cartão crédito,45.72,5,2024-07-12,app,16891.399999999998,844.57,16092.55
1070,211,2026-05-31,11:11:09,processando,boleto,27.59,20,,site,508.95,101.79,434.75
1071,259,2025-05-29,13:48:20,enviado,pix,16.27,0,,marketplace,995.0999999999999,0.0,1011.37
1072,237,2026-04-28,03:05:25,concluído,cartão crédito,31.88,5,2026-04-29,loja física,3218.64,160.93,3089.59
1073,205,2025-09-26,17:28:05,concluído,pix,19.79,0,2025-10-08,site,693.35,0.0,713.14
1074,70,2026-03-24,20:13:17,enviado,cartão crédito,37.36,0,,site,9.81,0.0,47.17
1075,125,2025-06-18,03:44:40,concluído,pix,21.84,0,2025-06-29,marketplace,1974.46,0.0,1996.3
1076,88,2024-07-18,13:36:53,processando,pix,30.29,0,,site,33.34,0.0,63.63
1077,87,2025-03-07,05:20:53,concluído,cartão crédito,38.1,5,2025-03-14,app,1843.0,92.15,1788.95
1078,111,2024-06-08,11:36:58,concluído,pix,44.55,5,2024-06-11,loja física,1160.24,58.01,1146.78
1079,429,2025-09-25,00:06:48,enviado,cartão débito,26.09,5,,site,19544.88,977.24,18593.73
1080,228,2025-05-27,11:24:58,concluído,cartão crédito,0.23,10,2025-06-01,app,236.68,23.67,213.24
1081,192,2025-02-14,02:26:51,cancelado,boleto,9.98,0,,site,600.63,0.0,610.61
1082,173,2025-01-21,15:27:26,cancelado,pix,33.93,0,,site,2627.31,0.0,2661.24
1083,426,2025-03-05,18:50:13,enviado,pix,36.13,0,,site,1421.46,0.0,1457.59
1084,166,2024-08-26,03:28:51,processando,cartão débito,9.46,0,,loja física,2564.25,0.0,2573.71
1085,62,2024-06-07,21:52:59,cancelado,cartão crédito,5.28,0,,site,807.3,0.0,812.58
1086,7,2025-03-02,13:04:58,concluído,cartão crédito,22.89,0,2025-03-08,marketplace,338.12,0.0,361.01
1087,189,2026-04-26,08:15:33,enviado,cartão crédito,44.18,0,,loja física,19544.88,0.0,19589.06
1088,53,2025-12-17,00:56:10,cancelado,pix,39.48,15,,app,169.65,25.45,183.68
1089,308,2024-10-26,12:01:45,concluído,cartão crédito,31.48,0,2024-10-28,app,567.65,0.0,599.13
1090,390,2025-04-12,04:53:25,concluído,pix,15.87,15,2025-04-23,loja física,597.7,89.66,523.91
1091,312,2025-03-06,06:45:34,concluído,boleto,22.4,5,2025-03-07,app,1399.43,69.97,1351.86
1092,7,2024-06-10,19:01:48,concluído,cartão crédito,30.76,15,2024-06-22,marketplace,184.74,27.71,187.79
1093,388,2024-08-21,14:52:16,concluído,cartão crédito,3.96,0,2024-08-28,loja física,1909.56,0.0,1913.52
1094,193,2025-05-04,12:33:47,concluído,cartão crédito,1.89,15,2025-05-07,loja física,200.43,30.06,172.26
1095,169,2025-06-21,02:12:09,enviado,cartão crédito,15.85,10,,site,2230.34,223.03,2023.16
1096,332,2024-11-04,08:17:35,concluído,pix,37.45,0,2024-11-11,marketplace,200.43,0.0,237.88
1097,277,2024-08-08,17:32:11,concluído,cartão crédito,45.79,20,2024-08-12,app,2534.03,506.81,2073.01
1098,196,2025-07-19,20:52:22,enviado,cartão débito,9.16,5,,site,3349.0,167.45,3190.71
1099,36,2025-07-08,09:23:29,processando,boleto,2.6,20,,app,224.66,44.93,182.33
1100,304,2026-05-02,19:14:15,concluído,cartão débito,39.68,0,2026-05-05,site,263.12,0.0,302.8
1101,160,2024-10-01,07:10:21,concluído,cartão crédito,9.86,0,2024-10-09,app,3435.08,0.0,3444.94
1102,230,2025-04-18,22:09:22,concluído,boleto,10.05,15,2025-04-28,loja física,1181.17,177.18,1014.04
1103,204,2024-09-08,02:23:32,concluído,cartão crédito,23.49,0,2024-09-14,loja física,7852.200000000001,0.0,7875.69
1104,420,2026-05-14,03:23:08,enviado,boleto,24.05,10,,loja física,2900.6,290.06,2634.59
1105,389,2025-06-17,11:49:09,processando,boleto,14.98,5,,app,928.32,46.42,896.88
1106,157,2024-06-09,06:37:05,concluído,cartão débito,18.72,5,2024-06-17,site,56.06,2.8,71.98
1107,241,2024-10-02,18:57:32,concluído,cartão crédito,45.71,0,2024-10-14,marketplace,142.03,0.0,187.74
1108,213,2026-01-22,13:20:27,concluído,boleto,48.43,0,2026-02-06,loja física,612.78,0.0,661.21
1109,37,2025-10-26,22:19:57,concluído,cartão crédito,1.94,15,2025-11-05,loja física,16409.55,2461.43,13950.06
1110,84,2024-12-15,04:38:52,cancelado,cartão crédito,21.77,0,,marketplace,342.12,0.0,363.89
1111,326,2024-11-26,12:31:07,concluído,pix,34.75,5,2024-12-04,loja física,4629.52,231.48,4432.79
1112,125,2025-06-04,12:15:26,enviado,cartão débito,45.98,0,,site,39.24,0.0,85.22
1113,331,2025-04-06,23:49:14,enviado,cartão crédito,30.21,15,,app,4330.09,649.51,3710.79
1114,297,2025-03-21,15:25:56,concluído,boleto,41.99,0,2025-03-31,site,1321.94,0.0,1363.93
1115,470,2025-01-22,08:52:26,enviado,cartão crédito,35.23,20,,site,1144.11,228.82,950.52
1116,449,2025-03-14,00:29:25,concluído,cartão crédito,41.4,0,2025-03-18,marketplace,132.3,0.0,173.7
1117,338,2025-05-02,14:39:42,concluído,pix,29.25,10,2025-05-11,site,661.3299999999999,66.13,624.45
1118,398,2026-04-27,21:29:17,concluído,pix,40.63,0,2026-05-07,app,1021.3,0.0,1061.93
1119,204,2024-10-23,09:55:02,cancelado,pix,0.32,0,,loja física,150.13,0.0,150.45
1120,397,2025-07-25,13:31:45,concluído,pix,26.2,5,2025-07-27,loja física,288.0,14.4,299.8
1121,96,2026-02-24,06:04:19,concluído,pix,9.88,0,2026-03-02,site,797.5,0.0,807.38
1122,109,2024-12-30,05:18:02,concluído,cartão crédito,2.94,0,2025-01-13,app,1335.98,0.0,1338.92
1123,447,2024-08-27,08:01:10,concluído,cartão crédito,31.28,5,2024-09-11,app,4603.73,230.19,4404.82
1124,194,2025-05-10,13:22:26,concluído,cartão crédito,3.21,0,2025-05-12,app,246.01,0.0,249.22
1125,390,2025-10-26,15:44:14,concluído,cartão crédito,3.05,10,2025-11-06,site,1364.9,136.49,1231.46
1126,405,2026-03-17,20:33:18,enviado,boleto,4.83,5,,site,5633.04,281.65,5356.22
1127,493,2025-05-11,04:00:02,concluído,pix,46.51,0,2025-05-20,marketplace,699.9,0.0,746.41
1128,173,2024-10-07,14:36:29,enviado,cartão crédito,44.42,20,,app,339.3,67.86,315.86
1129,341,2024-09-20,13:14:45,cancelado,cartão crédito,30.48,20,,marketplace,887.38,177.48,740.38
1130,2,2025-03-05,15:56:53,processando,cartão débito,34.85,10,,app,3928.89,392.89,3570.85
1131,445,2026-01-05,04:35:07,concluído,cartão débito,47.46,10,2026-01-07,app,807.3,80.73,774.03
1132,352,2025-05-06,23:24:06,concluído,pix,23.71,0,2025-05-16,app,2168.88,0.0,2192.59
1133,491,2024-06-08,10:06:30,concluído,boleto,16.08,5,2024-06-19,site,336.99,16.85,336.22
1134,377,2025-03-09,22:27:22,cancelado,cartão crédito,22.17,5,,loja física,6469.46,323.47,6168.16
1135,407,2026-04-21,04:51:12,enviado,cartão crédito,21.35,15,,loja física,264.6,39.69,246.26
1136,439,2026-04-11,01:21:23,cancelado,pix,5.01,0,,app,5086.95,0.0,5091.96
1137,446,2025-12-06,18:36:23,enviado,cartão débito,28.54,15,,site,14616.31,2192.45,12452.4
1138,45,2024-11-05,01:26:48,concluído,cartão crédito,33.59,5,2024-11-18,loja física,1832.05,91.6,1774.04
1139,489,2024-08-28,20:45:18,concluído,cartão crédito,33.07,0,2024-09-05,app,449.32,0.0,482.39
1140,359,2024-10-29,03:35:03,concluído,cartão crédito,21.7,10,2024-11-09,app,464.77,46.48,439.99
1141,168,2025-01-11,04:42:52,cancelado,boleto,38.24,0,,marketplace,905.3,0.0,943.54
1142,488,2024-07-05,04:13:48,enviado,pix,6.14,0,,loja física,920.4100000000001,0.0,926.55
1143,171,2024-09-15,17:46:48,concluído,pix,46.5,10,2024-09-27,site,1076.9,107.69,1015.71
1144,194,2025-04-06,08:40:07,enviado,boleto,37.07,10,,loja física,1216.08,121.61,1131.54
1145,115,2025-04-26,22:50:47,processando,cartão crédito,14.52,0,,marketplace,1411.96,0.0,1426.48
1146,480,2026-01-02,17:32:46,enviado,cartão crédito,47.01,5,,app,1061.8400000000001,53.09,1055.76
1147,489,2025-02-16,04:03:55,processando,cartão crédito,36.77,0,,app,5605.96,0.0,5642.73
1148,217,2026-05-04,17:36:52,processando,cartão crédito,18.21,5,,app,1091.79,54.59,1055.41
1149,303,2024-06-28,10:59:12,concluído,cartão crédito,19.73,5,2024-07-08,loja física,3572.67,178.63,3413.77
1150,483,2024-10-06,10:14:22,concluído,cartão crédito,10.92,5,2024-10-20,app,8404.36,420.22,7995.06
1151,75,2025-11-03,08:45:21,enviado,pix,42.37,10,,site,9042.6,904.26,8180.71
1152,258,2024-11-05,11:16:34,concluído,boleto,6.16,20,2024-11-10,loja física,369.0,73.8,301.36
1153,111,2025-06-11,04:30:14,enviado,cartão débito,35.14,0,,marketplace,66.81,0.0,101.95
1154,108,2025-11-02,14:49:27,concluído,pix,46.63,0,2025-11-14,site,597.7,0.0,644.33
1155,398,2024-12-27,08:39:43,cancelado,cartão crédito,24.33,0,,app,6694.76,0.0,6719.09
1156,281,2024-09-04,04:14:49,cancelado,cartão crédito,21.08,0,,marketplace,424.14,0.0,445.22
1157,201,2025-04-26,23:35:01,enviado,cartão crédito,36.27,0,,app,3120.17,0.0,3156.44
1158,281,2025-06-18,18:40:59,enviado,cartão crédito,6.53,10,,site,14255.1,1425.51,12836.12
1159,364,2025-08-05,04:50:47,processando,cartão crédito,32.67,5,,loja física,5311.9400000000005,265.6,5079.01
1160,150,2025-06-23,19:50:51,enviado,pix,10.47,10,,app,6942.56,694.26,6258.77
1161,5,2026-02-15,03:31:30,enviado,cartão crédito,42.72,0,,app,963.08,0.0,1005.8
1162,348,2025-11-15,10:17:13,concluído,pix,46.21,0,2025-11-22,loja física,1568.25,0.0,1614.46
1163,61,2025-12-10,17:42:21,concluído,boleto,32.44,5,2025-12-11,app,869.55,43.48,858.51
1164,207,2024-09-10,21:20:23,enviado,cartão crédito,5.93,0,,marketplace,1480.06,0.0,1485.99
1165,489,2025-02-11,06:08:37,enviado,cartão crédito,37.19,10,,site,600.16,60.02,577.33
1166,443,2026-01-08,07:07:43,enviado,pix,19.07,5,,loja física,1677.39,83.87,1612.59
1167,60,2026-01-18,15:06:39,concluído,cartão crédito,24.41,5,2026-01-20,app,2649.19,132.46,2541.14
1168,294,2026-01-31,00:20:35,concluído,cartão débito,34.62,0,2026-02-10,app,6130.070000000001,0.0,6164.69
1169,360,2026-04-19,19:07:03,concluído,cartão crédito,28.51,0,2026-04-30,site,14934.59,0.0,14963.1
1170,442,2025-04-10,12:01:38,enviado,pix,9.23,10,,site,830.6700000000001,83.07,756.83
1171,275,2025-06-28,17:07:12,concluído,pix,26.45,0,2025-07-12,site,200.43,0.0,226.88
1172,107,2025-12-19,19:19:02,enviado,boleto,44.79,0,,app,905.3,0.0,950.09
1173,410,2026-05-22,06:13:39,concluído,cartão crédito,1.95,5,2026-05-30,app,1234.1999999999998,61.71,1174.44
1174,436,2026-01-01,03:41:22,concluído,pix,4.22,0,2026-01-06,marketplace,926.52,0.0,930.74
1175,88,2026-03-20,17:37:47,concluído,cartão crédito,47.17,0,2026-03-29,marketplace,2411.01,0.0,2458.18
1176,464,2026-03-07,04:49:49,concluído,pix,32.89,0,2026-03-16,loja física,1060.35,0.0,1093.24
1177,268,2025-04-01,22:27:34,enviado,boleto,49.74,5,,app,522.52,26.13,546.13
1178,340,2024-09-13,23:36:03,enviado,pix,11.83,0,,marketplace,3517.35,0.0,3529.18
1179,111,2024-08-28,03:21:55,processando,boleto,30.05,0,,marketplace,4023.3,0.0,4053.35
1180,319,2024-08-26,16:49:09,concluído,cartão crédito,27.44,0,2024-09-07,app,7340.6,0.0,7368.04
1181,484,2026-02-09,15:02:19,concluído,cartão crédito,21.22,5,2026-02-11,app,15257.0,762.85,14515.37
1182,138,2024-06-20,08:06:13,concluído,boleto,34.77,0,2024-07-02,marketplace,1751.54,0.0,1786.31
1183,421,2024-09-09,20:54:43,concluído,cartão débito,8.19,10,2024-09-20,marketplace,632.13,63.21,577.11
1184,223,2024-10-02,17:18:39,cancelado,cartão crédito,48.1,0,,marketplace,2092.11,0.0,2140.21
1185,351,2025-02-26,04:40:12,concluído,cartão débito,3.29,5,2025-02-28,marketplace,166.7,8.34,161.65
1186,399,2025-06-27,06:29:27,processando,cartão crédito,43.36,0,,site,269.1,0.0,312.46
1187,194,2024-06-14,12:13:58,concluído,boleto,39.06,0,2024-06-18,marketplace,3814.6,0.0,3853.66
1188,251,2026-01-20,22:53:25,concluído,cartão crédito,17.41,5,2026-02-02,marketplace,636.21,31.81,621.81
1189,51,2025-11-17,12:38:27,concluído,pix,8.52,15,2025-11-27,loja física,3004.3500000000004,450.65,2562.22
1190,380,2024-12-04,14:34:10,concluído,pix,39.36,5,2024-12-17,loja física,402.65,20.13,421.88
1191,133,2024-07-14,07:53:27,concluído,cartão crédito,25.63,0,2024-07-17,app,936.35,0.0,961.98
1192,377,2025-11-12,18:25:07,concluído,cartão crédito,45.83,5,2025-11-22,marketplace,4715.92,235.8,4525.95
1193,128,2026-03-10,11:03:28,enviado,pix,20.87,0,,loja física,941.86,0.0,962.73
1194,409,2025-02-24,15:46:06,cancelado,cartão débito,14.31,20,,app,3376.6299999999997,675.33,2715.61
1195,45,2025-05-03,15:20:06,concluído,boleto,20.29,0,2025-05-17,site,1714.2,0.0,1734.49
1196,40,2025-09-10,16:18:11,enviado,pix,47.15,0,,site,263.12,0.0,310.27
1197,284,2025-12-28,16:31:07,concluído,boleto,40.34,0,2026-01-02,loja física,2073.68,0.0,2114.02
1198,478,2024-06-10,03:28:02,enviado,pix,23.93,5,,site,3814.6,190.73,3647.8
1199,98,2025-05-07,06:16:06,concluído,boleto,37.22,10,2025-05-17,marketplace,1058.57,105.86,989.93
1200,339,2025-06-11,21:14:40,concluído,boleto,41.09,15,2025-06-23,site,2893.83,434.07,2500.85
1201,494,2025-01-14,17:50:49,enviado,cartão crédito,46.42,10,,app,11956.49,1195.65,10807.26
1202,430,2025-01-09,02:49:22,concluído,cartão crédito,17.63,0,2025-01-15,loja física,358.62,0.0,376.25
1203,497,2025-06-16,08:10:32,concluído,cartão crédito,45.61,0,2025-06-22,site,1152.0,0.0,1197.61
1204,151,2024-08-07,01:51:04,concluído,cartão crédito,0.11,5,2024-08-15,loja física,979.5,48.98,930.63
1205,476,2026-01-15,22:00:00,concluído,boleto,32.08,10,2026-01-20,site,10506.69,1050.67,9488.1
1206,457,2025-05-03,02:02:30,cancelado,cartão débito,24.36,0,,loja física,4473.27,0.0,4497.63
1207,55,2024-12-13,08:08:32,concluído,cartão crédito,44.42,0,2024-12-19,marketplace,2941.71,0.0,2986.13
1208,252,2025-09-26,14:56:30,concluído,cartão crédito,26.4,15,2025-10-03,loja física,12953.0,1942.95,11036.45
1209,4,2024-09-30,08:31:27,concluído,cartão crédito,32.77,0,2024-10-08,loja física,107.38,0.0,140.15
1210,220,2025-12-22,07:58:36,concluído,pix,26.77,0,2025-12-28,loja física,1395.7800000000002,0.0,1422.55
1211,225,2025-07-05,23:59:57,enviado,cartão crédito,17.65,0,,marketplace,1903.39,0.0,1921.04
1212,364,2024-10-27,01:07:31,processando,cartão crédito,9.46,0,,loja física,537.2,0.0,546.66
1213,462,2024-12-14,16:11:45,concluído,cartão crédito,33.24,15,2024-12-20,marketplace,1103.05,165.46,970.83
1214,282,2025-01-08,06:36:20,concluído,cartão débito,34.02,0,2025-01-16,loja física,4041.66,0.0,4075.68
1215,380,2026-01-20,10:38:11,concluído,pix,19.4,0,2026-02-04,site,57.24,0.0,76.64
1216,65,2024-09-01,05:55:33,enviado,cartão crédito,24.95,10,,app,1740.36,174.04,1591.27
1217,176,2026-04-06,03:02:05,concluído,cartão crédito,29.79,0,2026-04-20,loja física,876.7,0.0,906.49
1218,43,2024-12-25,14:22:00,concluído,pix,12.36,0,2025-01-02,app,4146.38,0.0,4158.74
1219,59,2025-11-30,08:33:38,concluído,pix,49.61,0,2025-12-13,loja física,1032.36,0.0,1081.97
1220,401,2024-12-13,00:49:03,concluído,pix,34.99,5,2024-12-25,app,4343.0,217.15,4160.84
1221,303,2025-11-03,11:05:52,concluído,cartão débito,7.42,0,2025-11-17,loja física,1645.72,0.0,1653.14
1222,476,2026-03-03,07:03:58,concluído,cartão crédito,0.88,0,2026-03-07,site,656.44,0.0,657.32
1223,157,2025-05-03,05:54:01,concluído,pix,48.91,0,2025-05-12,loja física,4460.68,0.0,4509.59
1224,219,2024-11-05,00:28:27,concluído,cartão débito,15.18,0,2024-11-14,marketplace,21035.91,0.0,21051.09
1225,365,2025-06-06,23:48:02,cancelado,cartão crédito,15.96,0,,site,2622.5,0.0,2638.46
1226,382,2025-12-04,15:11:01,concluído,cartão crédito,14.24,0,2025-12-15,site,4707.7,0.0,4721.94
1227,486,2026-02-01,20:41:56,concluído,cartão débito,16.68,0,2026-02-06,site,5863.1,0.0,5879.78
1228,395,2026-02-23,00:24:23,enviado,pix,16.53,10,,marketplace,1090.5,109.05,997.98
1229,302,2024-08-22,23:04:00,enviado,cartão débito,18.54,5,,app,49.05,2.45,65.14
1230,455,2025-11-30,12:05:14,concluído,cartão crédito,31.41,5,2025-12-02,site,861.52,43.08,849.85
1231,453,2025-12-23,06:29:53,concluído,pix,9.5,10,2026-01-07,site,9030.400000000001,903.04,8136.86
1232,317,2025-06-29,01:58:53,concluído,cartão crédito,36.19,20,2025-07-08,app,570.74,114.15,492.78
1233,23,2025-09-21,13:32:09,concluído,cartão crédito,20.87,10,2025-09-24,marketplace,7859.66,785.97,7094.56
1234,230,2024-10-22,15:23:30,processando,cartão débito,5.86,0,,loja física,3270.01,0.0,3275.87
1235,488,2024-10-28,10:50:34,concluído,cartão débito,1.09,5,2024-11-12,app,654.1,32.7,622.49
1236,32,2026-03-29,21:45:56,concluído,pix,34.62,10,2026-04-08,loja física,3409.56,340.96,3103.22
1237,446,2025-09-06,02:29:38,concluído,cartão débito,3.74,0,2025-09-15,loja física,1012.98,0.0,1016.72
1238,206,2025-10-05,09:29:28,concluído,cartão débito,10.33,0,2025-10-12,app,6190.1,0.0,6200.43
1239,451,2025-10-09,17:18:36,concluído,boleto,25.59,5,2025-10-10,marketplace,2386.95,119.35,2293.19
1240,152,2024-09-27,10:15:12,concluído,pix,27.55,0,2024-10-01,site,876.7,0.0,904.25
1241,21,2024-11-29,01:49:45,concluído,cartão débito,47.01,0,2024-12-04,app,1355.17,0.0,1402.18
1242,27,2024-09-05,11:21:26,concluído,cartão débito,12.43,10,2024-09-18,site,1519.1999999999998,151.92,1379.71
1243,324,2024-09-14,15:58:14,concluído,cartão débito,18.42,0,2024-09-20,marketplace,1513.8999999999999,0.0,1532.32
1244,210,2025-04-11,14:15:30,enviado,pix,14.72,20,,site,7451.870000000001,1490.37,5976.22
1245,113,2024-07-03,17:00:00,processando,pix,13.96,0,,site,391.89,0.0,405.85
1246,399,2025-01-02,14:56:56,concluído,boleto,29.1,10,2025-01-16,loja física,526.02,52.6,502.52
1247,132,2024-10-31,04:14:39,cancelado,pix,31.65,5,,loja física,1081.9099999999999,54.1,1059.46
1248,105,2026-05-26,13:26:46,concluído,cartão débito,40.31,10,2026-05-31,app,800.84,80.08,761.07
1249,372,2024-09-25,11:20:01,concluído,cartão crédito,7.4,0,2024-10-07,loja física,1236.18,0.0,1243.58
1250,418,2025-05-01,00:39:41,concluído,pix,9.42,0,2025-05-04,app,1076.4,0.0,1085.82
1251,11,2024-06-17,15:01:45,enviado,cartão crédito,44.17,10,,app,1871.94,187.19,1728.92
1252,219,2025-09-25,17:34:57,concluído,cartão crédito,45.37,20,2025-09-27,site,1929.9299999999998,385.99,1589.31
1253,71,2024-11-05,23:25:21,enviado,pix,40.32,5,,loja física,231.03,11.55,259.8
1254,424,2024-08-13,12:57:26,concluído,cartão crédito,41.44,15,2024-08-15,app,3133.2799999999997,469.99,2704.73
1255,138,2026-04-06,06:27:07,concluído,cartão crédito,31.31,0,2026-04-08,site,1862.08,0.0,1893.39
1256,55,2024-07-13,11:40:29,cancelado,cartão débito,40.83,15,,site,1535.68,230.35,1346.16
1257,389,2025-03-26,08:05:07,concluído,cartão débito,22.17,0,2025-04-03,marketplace,145.99,0.0,168.16
1258,29,2025-04-16,06:22:04,concluído,cartão débito,13.35,5,2025-04-20,site,1023.43,51.17,985.61
1259,53,2025-07-16,15:58:12,processando,cartão débito,5.12,15,,loja física,19828.6,2974.29,16859.43
1260,115,2025-01-27,22:21:52,concluído,cartão crédito,21.31,0,2025-02-11,marketplace,543.18,0.0,564.49
1261,351,2025-11-29,17:42:18,concluído,cartão crédito,44.12,10,2025-12-14,site,1269.31,126.93,1186.5
1262,115,2025-10-08,19:33:05,concluído,cartão crédito,47.7,0,2025-10-10,marketplace,1199.17,0.0,1246.87
1263,474,2024-11-30,15:55:19,concluído,boleto,44.69,5,2024-12-15,app,1128.33,56.42,1116.6
1264,308,2024-11-23,03:59:17,concluído,cartão crédito,21.22,15,2024-11-29,marketplace,800.84,120.13,701.93
1265,147,2025-02-20,00:36:26,enviado,cartão crédito,5.19,15,,marketplace,989.9599999999999,148.49,846.66
1266,416,2025-04-30,20:25:39,cancelado,boleto,39.85,10,,app,2651.62,265.16,2426.31
1267,76,2025-06-11,02:38:41,enviado,cartão crédito,19.49,10,,loja física,350.68,35.07,335.1
1268,58,2024-07-21,13:26:23,processando,cartão débito,47.88,0,,site,870.13,0.0,918.01
1269,94,2025-07-04,22:20:46,concluído,pix,17.6,0,2025-07-07,loja física,2039.23,0.0,2056.83
1270,212,2025-05-01,15:00:45,enviado,cartão débito,31.77,0,,app,740.2,0.0,771.97
1271,255,2025-10-17,00:27:49,concluído,cartão débito,24.58,5,2025-10-26,app,1145.6999999999998,57.28,1113.0
1272,367,2024-07-14,00:43:34,concluído,cartão crédito,28.84,5,2024-07-24,app,264.6,13.23,280.21
1273,121,2025-01-26,06:10:28,enviado,cartão crédito,10.14,15,,marketplace,411.0,61.65,359.49
1274,472,2024-08-28,09:22:15,concluído,cartão crédito,45.48,0,2024-08-31,app,6048.21,0.0,6093.69
1275,428,2024-12-30,00:54:32,concluído,pix,48.49,15,2025-01-02,app,2724.88,408.73,2364.64
1276,29,2025-03-13,07:20:55,concluído,pix,5.85,5,2025-03-17,app,300.26,15.01,291.1
1277,357,2025-01-07,19:44:23,concluído,boleto,18.55,10,2025-01-08,site,576.0,57.6,536.95
1278,446,2025-03-03,13:22:09,concluído,cartão crédito,7.33,0,2025-03-13,app,714.6,0.0,721.93
1279,426,2025-12-08,14:42:54,concluído,pix,7.47,0,2025-12-18,app,554.6800000000001,0.0,562.15
1280,358,2025-04-24,15:15:57,enviado,boleto,23.46,10,,loja física,20198.030000000002,2019.8,18201.69
1281,356,2024-12-12,17:37:37,enviado,cartão crédito,5.55,0,,site,469.6,0.0,475.15
1282,89,2025-02-07,08:03:51,enviado,cartão débito,0.54,10,,loja física,5377.12,537.71,4839.95
1283,133,2026-04-30,03:47:15,concluído,boleto,25.04,10,2026-05-14,loja física,701.36,70.14,656.26
1284,140,2024-07-10,20:18:48,cancelado,boleto,26.02,20,,app,476.13,95.23,406.92
1285,206,2024-10-23,01:53:38,enviado,cartão débito,10.92,0,,site,631.47,0.0,642.39
1286,240,2024-07-05,16:01:36,processando,cartão débito,32.57,0,,loja física,200.43,0.0,233.0
1287,191,2024-06-04,07:47:18,concluído,cartão débito,9.72,0,2024-06-17,site,5702.04,0.0,5711.76
1288,434,2024-07-14,09:35:00,concluído,cartão crédito,11.95,0,2024-07-27,site,1032.36,0.0,1044.31
1289,6,2025-10-29,21:07:10,concluído,pix,15.43,5,2025-11-08,site,1740.36,87.02,1668.77
1290,292,2026-01-03,09:01:55,concluído,cartão débito,28.13,10,2026-01-05,site,3603.43,360.34,3271.22
1291,484,2025-02-08,17:35:41,concluído,cartão crédito,48.93,10,2025-02-10,loja física,3218.64,321.86,2945.71
1292,385,2024-11-15,13:20:45,concluído,cartão crédito,17.76,0,2024-11-21,site,2306.84,0.0,2324.6
1293,380,2025-01-11,12:29:30,concluído,cartão débito,25.06,10,2025-01-26,site,1525.84,152.58,1398.32
1294,245,2025-06-05,13:36:00,concluído,cartão débito,42.52,0,2025-06-12,app,288.0,0.0,330.52
1295,41,2025-01-07,12:20:48,enviado,pix,4.66,10,,app,698.72,69.87,633.51
1296,335,2026-05-10,13:07:46,processando,cartão crédito,35.86,20,,marketplace,1893.71,378.74,1550.83
1297,174,2025-09-18,00:11:03,concluído,cartão crédito,31.11,15,2025-09-21,site,3129.02,469.35,2690.78
1298,397,2024-08-21,04:07:56,processando,pix,11.93,20,,site,541.98,108.4,445.51
1299,291,2025-05-04,14:29:47,cancelado,cartão débito,24.83,10,,app,2030.33,203.03,1852.13
1300,159,2024-10-25,11:27:55,enviado,cartão débito,48.35,10,,site,3029.05,302.9,2774.5
1301,161,2024-12-16,20:19:19,concluído,cartão crédito,14.75,0,2024-12-24,marketplace,473.36,0.0,488.11
1302,92,2025-06-20,12:02:21,concluído,pix,22.99,20,2025-06-22,marketplace,758.64,151.73,629.9
1303,227,2025-03-13,07:26:37,enviado,pix,7.01,0,,loja física,133.62,0.0,140.63
1304,147,2025-02-18,13:16:08,concluído,cartão crédito,42.76,15,2025-03-04,app,1133.49,170.02,1006.23
1305,433,2025-01-26,07:25:05,concluído,cartão débito,15.65,0,2025-02-04,loja física,1915.3400000000001,0.0,1930.99
1306,450,2024-08-29,12:50:31,concluído,pix,34.06,5,2024-09-03,site,750.2,37.51,746.75
1307,126,2024-08-18,03:54:24,enviado,pix,27.98,0,,site,309.22,0.0,337.2
1308,292,2025-11-05,11:53:02,concluído,cartão crédito,3.64,0,2025-11-08,loja física,408.52,0.0,412.16
1309,179,2024-06-14,12:28:06,enviado,cartão débito,32.06,15,,loja física,3903.8100000000004,585.57,3350.3
1310,375,2025-11-16,09:07:24,concluído,cartão crédito,47.88,0,2025-11-19,loja física,2851.02,0.0,2898.9
1311,34,2025-08-06,11:30:11,concluído,cartão crédito,49.72,0,2025-08-12,loja física,600.52,0.0,650.24
1312,20,2026-01-23,08:16:52,concluído,cartão débito,47.33,0,2026-01-31,app,1012.98,0.0,1060.31
1313,308,2026-04-04,10:09:47,concluído,pix,3.11,10,2026-04-05,loja física,477.39,47.74,432.76
1314,110,2024-09-13,02:55:00,cancelado,cartão crédito,43.31,20,,loja física,2099.05,419.81,1722.55
1315,91,2025-02-16,04:01:56,concluído,cartão crédito,3.46,0,2025-02-27,marketplace,20905.0,0.0,20908.46
1316,232,2025-03-10,23:17:09,processando,pix,26.19,5,,marketplace,1327.74,66.39,1287.54
1317,48,2025-12-31,16:29:03,concluído,pix,21.38,20,2026-01-01,marketplace,309.22,61.84,268.76
1318,483,2026-02-23,01:56:58,concluído,cartão crédito,23.73,5,2026-03-01,app,653.15,32.66,644.22
1319,224,2025-03-11,14:30:07,cancelado,cartão crédito,34.58,0,,site,124.3,0.0,158.88
1320,306,2026-01-01,23:03:16,concluído,cartão crédito,36.06,5,2026-01-16,app,453.12,22.66,466.52
1321,481,2026-01-29,19:50:13,concluído,pix,41.18,10,2026-02-12,site,4378.85,437.88,3982.15
1322,479,2025-09-04,07:53:46,concluído,cartão crédito,43.13,0,2025-09-12,loja física,503.45,0.0,546.58
1323,2,2025-07-19,16:30:05,concluído,boleto,47.07,15,2025-07-31,loja física,1364.94,204.74,1207.27
1324,297,2025-09-16,14:28:49,enviado,cartão crédito,10.91,20,,loja física,94.85,18.97,86.79
1325,397,2025-03-19,12:46:49,enviado,cartão crédito,18.84,0,,app,453.63,0.0,472.47
1326,296,2024-12-05,23:08:28,cancelado,boleto,18.48,0,,marketplace,310.75,0.0,329.23
1327,258,2025-10-21,23:18:20,processando,pix,6.22,0,,loja física,381.37,0.0,387.59
1328,181,2025-01-04,05:49:19,concluído,pix,21.25,20,2025-01-10,marketplace,4362.49,872.5,3511.24
1329,235,2024-11-14,01:06:09,concluído,cartão crédito,8.83,5,2024-11-17,loja física,318.78,15.94,311.67
1330,338,2025-08-31,18:26:48,concluído,pix,21.83,0,2025-09-14,site,1456.77,0.0,1478.6
1331,413,2025-03-29,04:59:49,cancelado,pix,4.47,0,,loja física,243.21,0.0,247.68
1332,385,2024-08-10,15:54:17,concluído,cartão débito,27.18,5,2024-08-22,site,6080.73,304.04,5803.87
1333,437,2026-04-24,00:17:21,enviado,cartão crédito,11.12,0,,loja física,322.14,0.0,333.26
1334,241,2024-08-25,12:35:42,concluído,boleto,17.5,10,2024-09-08,loja física,1653.6,165.36,1505.74
1335,331,2024-09-13,06:13:20,concluído,pix,36.98,0,2024-09-27,marketplace,3064.65,0.0,3101.63
1336,260,2025-10-05,21:37:17,enviado,cartão crédito,43.89,0,,loja física,3409.56,0.0,3453.45
1337,3,2026-01-01,16:37:52,enviado,boleto,20.69,0,,app,1570.58,0.0,1591.27
1338,431,2025-09-14,08:49:04,enviado,pix,40.92,5,,marketplace,200.43,10.02,231.33
1339,221,2024-09-05,09:21:56,concluído,cartão crédito,48.58,0,2024-09-15,loja física,430.76,0.0,479.34
1340,411,2024-07-05,18:49:09,processando,boleto,21.41,15,,loja física,62.15,9.32,74.24
1341,89,2025-09-02,12:05:45,cancelado,cartão crédito,15.87,0,,app,737.2,0.0,753.07
1342,65,2026-05-13,10:00:23,concluído,cartão débito,31.51,10,2026-05-26,marketplace,734.25,73.42,692.34
1343,82,2026-04-21,13:31:25,processando,boleto,10.17,0,,loja física,5650.29,0.0,5660.46
1344,304,2025-10-25,03:51:44,concluído,cartão crédito,30.84,5,2025-11-07,site,5528.96,276.45,5283.35
1345,381,2026-02-28,19:24:32,concluído,pix,49.07,5,2026-03-01,marketplace,159.24,7.96,200.35
1346,460,2024-10-29,19:44:15,concluído,cartão crédito,9.67,10,2024-11-09,loja física,2230.34,223.03,2016.98
1347,338,2024-10-31,18:13:38,enviado,cartão crédito,4.14,0,,site,721.56,0.0,725.7
1348,297,2025-12-03,05:36:48,enviado,pix,5.54,15,,site,538.74,80.81,463.47
1349,135,2025-05-16,03:32:57,concluído,pix,4.63,0,2025-05-21,marketplace,56.91,0.0,61.54
1350,107,2026-05-23,18:22:49,processando,cartão crédito,24.5,0,,site,6530.63,0.0,6555.13
1351,40,2024-08-19,12:31:57,concluído,cartão crédito,20.95,15,2024-08-30,loja física,1371.36,205.7,1186.61
1352,93,2024-08-01,01:39:17,processando,cartão crédito,45.09,5,,site,131.56,6.58,170.07
1353,178,2025-08-02,10:46:10,concluído,cartão débito,30.64,5,2025-08-08,app,848.25,42.41,836.48
1354,475,2025-09-27,16:59:15,concluído,cartão crédito,30.24,5,2025-10-02,app,38.16,1.91,66.49
1355,59,2025-02-25,05:52:46,concluído,pix,1.47,0,2025-03-03,site,662.59,0.0,664.06
1356,482,2025-01-24,01:43:32,enviado,cartão crédito,13.66,0,,site,2158.39,0.0,2172.05
1357,334,2025-12-19,07:18:51,concluído,cartão crédito,37.19,0,2025-12-28,loja física,263.12,0.0,300.31
1358,129,2025-06-07,05:29:56,cancelado,cartão crédito,34.28,15,,marketplace,66.81,10.02,91.07
1359,53,2026-01-15,23:38:34,cancelado,cartão débito,38.25,0,,app,729.95,0.0,768.2
1360,250,2024-11-07,19:20:04,cancelado,cartão crédito,22.26,5,,marketplace,4408.95,220.45,4210.76
1361,319,2025-07-23,08:01:54,processando,cartão crédito,19.11,0,,marketplace,29.43,0.0,48.54
1362,420,2025-12-15,17:54:53,concluído,cartão crédito,8.35,0,2025-12-26,marketplace,7041.3,0.0,7049.65
1363,310,2024-10-01,06:27:30,concluído,pix,32.19,20,2024-10-06,marketplace,285.84,57.17,260.86
1364,93,2024-07-07,22:29:46,concluído,pix,21.43,0,2024-07-09,app,819.55,0.0,840.98
1365,191,2024-09-11,04:45:29,concluído,cartão crédito,38.9,0,2024-09-22,marketplace,1176.03,0.0,1214.93
1366,368,2024-10-30,19:28:13,enviado,cartão crédito,23.22,10,,app,2686.0,268.6,2440.62
1367,146,2025-04-24,17:50:42,concluído,cartão débito,26.31,0,2025-05-01,marketplace,478.16,0.0,504.47
1368,485,2025-08-05,11:46:52,enviado,pix,42.91,0,,loja física,944.8399999999999,0.0,987.75
1369,223,2025-12-08,15:02:30,enviado,cartão crédito,15.97,0,,loja física,7931.44,0.0,7947.41
1370,216,2024-12-17,01:12:52,concluído,cartão crédito,22.59,5,2024-12-22,loja física,918.27,45.91,894.95
1371,146,2026-04-27,10:10:40,concluído,cartão crédito,39.09,5,2026-04-28,site,518.9,25.94,532.05
1372,146,2026-04-16,03:40:02,processando,cartão crédito,48.25,0,,site,587.0,0.0,635.25
1373,36,2026-01-14,17:12:14,concluído,cartão débito,41.41,0,2026-01-15,marketplace,1049.6599999999999,0.0,1091.07
1374,178,2026-03-28,19:02:27,concluído,cartão crédito,27.77,0,2026-04-10,site,309.22,0.0,336.99
1375,233,2026-03-23,02:01:19,concluído,cartão débito,31.99,15,2026-04-04,marketplace,1334.83,200.22,1166.6
1376,53,2026-05-09,06:03:07,cancelado,cartão crédito,2.39,0,,site,5633.04,0.0,5635.43
1377,442,2025-08-13,03:24:19,cancelado,pix,21.74,0,,app,958.98,0.0,980.72
1378,416,2025-02-28,16:40:34,enviado,cartão crédito,45.05,20,,site,979.5,195.9,828.65
1379,23,2026-04-30,00:11:09,concluído,cartão crédito,47.26,0,2026-05-13,marketplace,10222.560000000001,0.0,10269.82
1380,406,2025-03-15,04:45:24,enviado,pix,13.47,0,,app,606.97,0.0,620.44
1381,65,2025-05-18,06:06:45,concluído,cartão crédito,7.39,5,2025-05-20,loja física,62.15,3.11,66.43
1382,343,2025-10-06,03:19:33,enviado,cartão crédito,26.33,5,,loja física,56.06,2.8,79.59
1383,165,2025-12-13,01:43:17,cancelado,pix,24.09,0,,marketplace,4751.13,0.0,4775.22
1384,181,2024-09-03,02:49:55,enviado,cartão débito,43.56,5,,app,721.56,36.08,729.04
1385,39,2026-05-12,09:15:26,enviado,boleto,3.01,0,,app,1935.96,0.0,1938.97
1386,97,2025-05-08,15:46:17,concluído,cartão débito,16.99,10,2025-05-15,marketplace,909.48,90.95,835.52
1387,160,2024-07-26,11:58:33,enviado,pix,32.7,10,,site,5650.29,565.03,5117.96
1388,113,2025-06-13,22:13:36,processando,boleto,19.24,0,,app,1442.6499999999999,0.0,1461.89
1389,97,2025-04-25,08:36:06,enviado,cartão crédito,21.11,5,,site,1329.3,66.46,1283.95
1390,55,2025-07-15,17:26:36,concluído,pix,12.0,15,2025-07-30,app,4625.2,693.78,3943.42
1391,339,2026-05-28,07:05:27,concluído,cartão débito,17.56,0,2026-06-05,site,27137.58,0.0,27155.14
1392,78,2025-06-30,06:36:17,concluído,cartão crédito,21.5,0,2025-07-04,loja física,3176.7200000000003,0.0,3198.22
1393,26,2026-02-08,04:57:58,concluído,cartão débito,36.53,0,2026-02-10,marketplace,747.75,0.0,784.28
1394,305,2024-06-20,21:34:32,concluído,cartão crédito,30.31,5,2024-06-23,site,2208.66,110.43,2128.54
1395,331,2024-10-11,13:41:39,enviado,cartão crédito,5.54,0,,site,2272.98,0.0,2278.52
1396,34,2025-09-12,06:49:54,concluído,cartão débito,13.75,15,2025-09-16,loja física,588.12,88.22,513.65
1397,113,2025-01-02,20:17:56,concluído,pix,43.89,0,2025-01-04,app,946.72,0.0,990.61
1398,178,2025-11-27,01:20:36,concluído,cartão débito,35.22,0,2025-12-01,site,651.05,0.0,686.27
1399,465,2024-09-12,01:18:23,concluído,pix,23.79,0,2024-09-21,app,928.32,0.0,952.11
1400,36,2025-01-14,21:23:02,concluído,cartão crédito,16.57,0,2025-01-25,site,1549.7600000000002,0.0,1566.33
1401,220,2024-07-09,04:57:30,enviado,cartão crédito,8.86,0,,site,2520.99,0.0,2529.85
1402,437,2025-08-17,16:03:38,concluído,cartão crédito,17.57,0,2025-08-30,site,5370.96,0.0,5388.53
1403,242,2024-07-21,03:04:08,concluído,cartão crédito,40.86,5,2024-07-25,marketplace,543.18,27.16,556.88
1404,269,2026-02-10,22:18:28,processando,cartão débito,37.67,10,,site,1408.8000000000002,140.88,1305.59
1405,172,2025-11-24,19:13:46,concluído,cartão débito,36.67,20,2025-12-06,marketplace,11915.52,2383.1,9569.09
1406,130,2024-10-29,15:12:49,enviado,cartão crédito,0.68,0,,marketplace,6879.66,0.0,6880.34
1407,397,2025-12-31,05:43:48,processando,pix,43.17,10,,loja física,19544.88,1954.49,17633.56
1408,266,2026-02-26,13:48:11,concluído,pix,1.03,20,2026-03-09,app,1664.66,332.93,1332.76
1409,73,2025-04-08,15:37:12,enviado,cartão crédito,1.54,5,,loja física,191.96999999999997,9.6,183.91
1410,46,2025-06-23,09:44:58,concluído,cartão crédito,47.65,5,2025-07-05,marketplace,14658.66,732.93,13973.38
1411,348,2025-11-17,17:25:28,processando,cartão débito,45.53,20,,app,1986.77,397.35,1634.95
1412,179,2025-07-22,11:45:19,concluído,pix,19.51,0,2025-08-02,marketplace,2099.05,0.0,2118.56
1413,297,2026-04-10,20:32:25,concluído,cartão débito,17.13,5,2026-04-11,loja física,3493.75,174.69,3336.19
1414,291,2025-07-07,17:54:08,enviado,boleto,39.54,0,,site,9.81,0.0,49.35
1415,76,2024-08-01,03:37:46,concluído,cartão débito,7.5,20,2024-08-12,app,1190.12,238.02,959.6
1416,34,2024-10-10,11:16:52,concluído,pix,0.78,0,2024-10-15,marketplace,180.66,0.0,181.44
1417,64,2025-05-09,21:57:18,processando,cartão crédito,15.26,0,,site,695.54,0.0,710.8
1418,180,2026-01-08,00:22:42,concluído,pix,39.18,5,2026-01-11,app,4593.349999999999,229.67,4402.86
1419,366,2025-07-04,11:26:05,cancelado,cartão crédito,49.7,0,,site,15381.6,0.0,15431.3
1420,243,2025-03-29,06:52:51,concluído,boleto,12.41,5,2025-03-30,loja física,5388.47,269.42,5131.46
1421,51,2025-08-14,19:31:54,concluído,pix,45.92,5,2025-08-29,app,37.94,1.9,81.96
1422,449,2026-01-30,06:20:54,concluído,cartão crédito,28.85,5,2026-02-10,app,3355.29,167.76,3216.38
1423,284,2025-04-03,00:31:39,concluído,cartão crédito,15.22,0,2025-04-10,loja física,2653.7,0.0,2668.92
1424,401,2025-04-11,06:09:51,concluído,pix,21.8,0,2025-04-18,loja física,186.45,0.0,208.25
1425,258,2025-09-18,13:10:08,enviado,boleto,35.56,0,,loja física,5675.25,0.0,5710.81
1426,237,2024-12-31,18:48:59,concluído,cartão crédito,27.89,20,2025-01-07,loja física,877.71,175.54,730.06
1427,315,2024-11-11,15:09:07,concluído,boleto,39.25,5,2024-11-14,marketplace,576.0,28.8,586.45
1428,461,2024-10-24,21:02:36,concluído,cartão débito,14.64,10,2024-11-02,loja física,1427.4199999999998,142.74,1299.32
1429,4,2024-06-06,16:55:01,concluído,cartão débito,38.07,5,2024-06-17,site,428.9,21.44,445.53
1430,425,2024-10-06,04:28:16,concluído,boleto,5.34,5,2024-10-11,marketplace,1562.8000000000002,78.14,1490.0
1431,170,2025-08-22,02:44:56,concluído,pix,6.06,5,2025-09-03,site,1345.5,67.28,1284.28
1432,265,2024-11-20,02:01:41,enviado,cartão crédito,36.95,0,,app,146.85,0.0,183.8
1433,328,2025-09-06,19:34:47,processando,pix,15.01,0,,site,2102.2799999999997,0.0,2117.29
1434,320,2025-11-27,01:37:58,processando,pix,5.72,0,,site,19929.289999999997,0.0,19935.01
1435,105,2024-06-10,18:59:06,concluído,cartão crédito,1.23,5,2024-06-14,loja física,80.53,4.03,77.73
1436,154,2026-04-17,18:26:07,concluído,cartão crédito,49.04,10,2026-04-19,marketplace,905.3,90.53,863.81
1437,349,2026-05-26,04:39:56,processando,cartão crédito,32.84,0,,app,1151.76,0.0,1184.6
1438,95,2026-02-08,00:31:26,enviado,cartão crédito,37.16,0,,app,112.33,0.0,149.49
1439,149,2025-07-07,05:00:08,concluído,pix,47.86,0,2025-07-12,marketplace,402.76,0.0,450.62
1440,410,2025-05-23,15:50:00,concluído,cartão crédito,20.8,0,2025-06-04,site,100.02,0.0,120.82
1441,289,2025-06-30,05:38:30,concluído,cartão crédito,28.97,0,2025-07-02,loja física,24627.51,0.0,24656.48
1442,182,2025-12-05,15:17:21,concluído,boleto,23.35,10,2025-12-20,marketplace,826.8,82.68,767.47
1443,184,2025-12-15,14:22:02,concluído,cartão débito,42.97,0,2025-12-18,loja física,2024.31,0.0,2067.28
1444,336,2025-07-16,17:52:19,concluído,cartão crédito,32.73,5,2025-07-19,loja física,19.08,0.95,50.86
1445,403,2024-12-21,22:49:30,enviado,cartão crédito,39.17,5,,loja física,618.88,30.94,627.11
1446,331,2025-01-25,13:46:24,concluído,cartão débito,48.03,5,2025-02-08,app,646.14,32.31,661.86
1447,260,2026-03-28,01:05:07,concluído,pix,26.22,0,2026-04-12,marketplace,848.28,0.0,874.5
1448,179,2024-11-22,01:09:53,concluído,cartão débito,41.41,0,2024-12-02,site,1062.03,0.0,1103.44
1449,82,2025-01-20,02:25:03,processando,cartão crédito,33.2,0,,loja física,1294.92,0.0,1328.12
1450,396,2025-12-06,00:37:21,concluído,pix,36.56,0,2025-12-10,app,615.89,0.0,652.45
1451,197,2024-12-29,11:16:26,enviado,pix,20.96,0,,marketplace,1372.0,0.0,1392.96
1452,384,2025-08-06,18:38:14,concluído,cartão crédito,38.09,5,2025-08-20,site,1868.6799999999998,93.43,1813.34
1453,165,2024-09-04,10:02:46,cancelado,cartão crédito,22.43,0,,app,1144.11,0.0,1166.54
1454,225,2024-10-14,19:30:10,concluído,pix,11.25,10,2024-10-22,loja física,779.38,77.94,712.69
1455,415,2024-11-24,20:08:44,processando,pix,4.29,0,,site,2175.04,0.0,2179.33
1456,72,2024-07-09,08:04:33,concluído,pix,17.94,0,2024-07-22,site,1039.9299999999998,0.0,1057.87
1457,374,2025-07-23,08:11:07,concluído,boleto,36.34,5,2025-08-03,app,1355.52,67.78,1324.08
1458,293,2024-12-05,22:28:50,processando,pix,24.99,0,,app,20662.37,0.0,20687.36
1459,225,2025-01-16,14:09:05,processando,cartão crédito,18.77,0,,site,800.73,0.0,819.5
1460,153,2024-07-04,06:30:03,concluído,cartão crédito,24.89,0,2024-07-13,marketplace,139.98,0.0,164.87
1461,482,2025-10-13,17:05:32,concluído,cartão crédito,41.32,0,2025-10-27,marketplace,1582.42,0.0,1623.74
1462,81,2024-09-26,23:19:04,concluído,boleto,3.73,5,2024-10-10,marketplace,221.4,11.07,214.06
1463,280,2026-04-21,05:20:31,concluído,pix,5.53,0,2026-04-22,marketplace,4061.92,0.0,4067.45
1464,17,2025-01-05,15:33:16,enviado,cartão crédito,13.02,0,,site,571.68,0.0,584.7
1465,419,2026-05-25,02:57:10,concluído,pix,46.12,5,2026-06-03,site,800.84,40.04,806.92
1466,413,2024-09-15,04:33:52,concluído,boleto,45.13,10,2024-09-17,site,955.55,95.56,905.12
1467,487,2024-12-30,23:04:08,concluído,cartão crédito,36.89,15,2025-01-01,loja física,3614.0,542.1,3108.79
1468,139,2026-04-13,06:50:03,cancelado,pix,5.19,0,,app,3513.55,0.0,3518.74
1469,221,2026-02-08,00:02:51,enviado,cartão débito,39.0,15,,app,1675.8,251.37,1463.43
1470,14,2024-07-13,22:11:59,concluído,pix,40.49,5,2024-07-14,loja física,424.14,21.21,443.42
1471,378,2025-10-15,21:14:47,enviado,cartão crédito,24.06,0,,loja física,1426.05,0.0,1450.11
1472,221,2024-12-14,07:38:41,enviado,pix,27.42,0,,site,2534.59,0.0,2562.01
1473,463,2026-03-05,11:16:40,processando,cartão crédito,9.66,0,,site,2169.27,0.0,2178.93
1474,302,2024-11-13,23:58:01,concluído,cartão crédito,20.61,10,2024-11-15,site,3124.0299999999997,312.4,2832.24
1475,8,2025-07-24,03:22:11,cancelado,pix,12.47,0,,site,903.3,0.0,915.77
1476,145,2024-09-02,03:38:25,concluído,cartão crédito,17.45,5,2024-09-05,app,6360.33,318.02,6059.76
1477,67,2024-06-04,23:53:42,cancelado,cartão débito,23.89,0,,site,587.36,0.0,611.25
1478,106,2025-10-20,17:25:35,concluído,cartão débito,36.69,0,2025-10-29,app,1513.44,0.0,1550.13
1479,483,2025-02-28,18:57:26,concluído,cartão crédito,27.52,15,2025-03-05,app,20692.6,3103.89,17616.23
1480,164,2025-10-08,07:51:42,concluído,pix,25.12,0,2025-10-13,loja física,603.84,0.0,628.96
1481,319,2025-09-16,22:47:21,enviado,cartão débito,3.91,15,,app,236.68,35.5,205.09
1482,108,2025-03-17,14:30:36,concluído,cartão crédito,36.17,10,2025-03-26,site,146.85,14.68,168.34
1483,358,2025-02-11,00:04:11,cancelado,cartão crédito,38.13,20,,site,636.96,127.39,547.7
1484,139,2024-08-07,13:37:07,concluído,cartão crédito,19.17,10,2024-08-08,site,804.66,80.47,743.36
1485,313,2025-12-03,20:33:27,concluído,cartão crédito,0.94,0,2025-12-17,loja física,5149.34,0.0,5150.28
1486,195,2026-04-21,12:29:55,concluído,cartão crédito,21.51,0,2026-04-25,marketplace,16636.76,0.0,16658.27
1487,179,2025-08-04,13:01:39,concluído,boleto,45.41,10,2025-08-17,marketplace,5678.32,567.83,5155.9
1488,465,2024-12-25,23:49:35,cancelado,cartão crédito,37.59,0,,site,875.77,0.0,913.36
1489,319,2025-12-16,18:20:14,concluído,cartão crédito,21.33,10,2025-12-30,site,293.7,29.37,285.66
1490,284,2024-09-15,16:29:55,processando,cartão crédito,35.99,5,,loja física,57.24,2.86,90.37
1491,291,2025-04-17,01:51:39,concluído,pix,12.98,20,2025-04-29,loja física,145.99,29.2,129.77
1492,474,2026-05-02,15:59:25,enviado,cartão crédito,45.29,0,,marketplace,2148.8,0.0,2194.09
1493,395,2025-09-21,20:38:57,concluído,cartão débito,16.84,0,2025-09-25,marketplace,2831.4399999999996,0.0,2848.28
1494,129,2025-01-18,23:02:44,concluído,pix,40.43,5,2025-01-29,site,2015.88,100.79,1955.52
1495,165,2025-02-11,01:26:08,concluído,pix,42.29,0,2025-02-22,site,308.25,0.0,350.54
1496,19,2024-07-18,09:15:56,concluído,boleto,23.96,10,2024-07-26,app,2423.24,242.32,2204.88
1497,481,2025-10-03,02:27:02,concluído,cartão crédito,44.76,5,2025-10-13,site,2869.99,143.5,2771.25
1498,393,2026-02-27,15:41:22,concluído,pix,12.95,0,2026-03-04,app,1718.52,0.0,1731.47
1499,76,2024-06-11,23:49:14,enviado,pix,32.73,0,,site,559.13,0.0,591.86
1500,441,2026-03-05,20:59:59,concluído,cartão crédito,15.83,5,2026-03-14,app,8088.3099999999995,404.42,7699.72
1501,133,2025-03-07,00:29:03,concluído,boleto,0.8,10,2025-03-19,marketplace,2582.69,258.27,2325.22
1502,308,2024-11-21,05:27:57,concluído,cartão crédito,5.45,5,2024-11-22,site,464.58000000000004,23.23,446.8
1503,105,2025-12-23,06:52:12,concluído,cartão crédito,18.53,10,2025-12-27,loja física,419.94,41.99,396.48
1504,449,2025-01-07,03:35:38,concluído,cartão crédito,1.23,5,2025-01-14,marketplace,2131.5099999999998,106.58,2026.16
1505,460,2024-10-19,04:22:54,concluído,pix,23.49,20,2024-10-26,site,3034.83,606.97,2451.35
1506,149,2024-12-19,17:44:43,concluído,boleto,45.5,0,2024-12-20,app,9704.19,0.0,9749.69
1507,262,2024-06-16,01:19:14,processando,pix,37.03,10,,marketplace,9354.130000000001,935.41,8455.75
1508,194,2025-07-26,07:26:57,cancelado,pix,1.63,10,,loja física,8679.47,867.95,7813.15
1509,333,2025-10-27,11:05:09,enviado,cartão crédito,3.86,15,,app,288.0,43.2,248.66
1510,323,2026-04-09,02:09:14,concluído,cartão débito,20.86,10,2026-04-19,site,1152.1599999999999,115.22,1057.8
1511,338,2026-01-29,08:14:10,enviado,cartão débito,22.01,0,,marketplace,807.3,0.0,829.31
1512,169,2026-06-03,06:20:30,processando,cartão crédito,38.31,0,,loja física,149.55,0.0,187.86
1513,355,2026-01-31,03:37:06,concluído,cartão crédito,36.57,15,2026-02-02,marketplace,119.54,17.93,138.18
1514,259,2025-08-30,22:34:30,concluído,cartão crédito,18.08,0,2025-09-08,app,726.97,0.0,745.05
1515,118,2024-08-25,14:02:03,concluído,cartão débito,41.26,0,2024-09-01,app,319.29,0.0,360.55
1516,209,2025-12-17,04:04:45,enviado,pix,33.23,5,,marketplace,201.38,10.07,224.54
1517,42,2026-01-04,03:57:16,concluído,cartão crédito,25.2,0,2026-01-06,loja física,453.12,0.0,478.32
1518,396,2025-11-20,09:11:55,enviado,cartão crédito,8.98,0,,app,916.0,0.0,924.98
1519,392,2025-03-27,14:26:22,concluído,cartão débito,46.41,10,2025-04-01,app,923.7,92.37,877.74
1520,427,2025-10-24,17:58:27,processando,cartão crédito,34.43,20,,app,559.13,111.83,481.73
1521,471,2024-12-20,19:03:34,concluído,cartão crédito,21.08,0,2024-12-29,app,1878.2,0.0,1899.28
1522,61,2026-04-10,16:15:15,enviado,cartão crédito,41.15,0,,site,1002.67,0.0,1043.82
1523,24,2025-10-03,07:33:52,cancelado,cartão crédito,45.94,15,,loja física,3910.4700000000003,586.57,3369.84
1524,380,2025-10-09,14:06:37,enviado,pix,14.44,0,,app,12938.92,0.0,12953.36
1525,371,2025-09-16,07:32:37,enviado,pix,45.73,15,,site,587.0,88.05,544.68
1526,304,2025-08-05,18:54:16,concluído,cartão débito,33.63,0,2025-08-06,marketplace,10181.58,0.0,10215.21
1527,370,2024-11-11,00:52:49,concluído,cartão débito,47.14,0,2024-11-20,marketplace,1444.3400000000001,0.0,1491.48
1528,289,2026-02-28,08:55:49,concluído,cartão débito,26.21,5,2026-03-01,loja física,124.3,6.22,144.29
1529,164,2025-05-13,08:43:18,concluído,pix,47.58,0,2025-05-20,app,1919.6,0.0,1967.18
1530,295,2024-11-22,06:48:28,concluído,pix,15.69,0,2024-11-27,app,117.4,0.0,133.09
1531,250,2025-02-10,18:29:56,concluído,cartão crédito,44.18,0,2025-02-15,marketplace,607.8299999999999,0.0,652.01
1532,386,2024-12-29,16:28:19,cancelado,cartão crédito,11.56,0,,site,1389.38,0.0,1400.94
1533,261,2024-11-09,07:07:00,concluído,pix,1.36,15,2024-11-23,app,2435.2400000000002,365.29,2071.31
1534,422,2025-08-29,16:47:49,concluído,cartão crédito,10.14,15,2025-09-12,loja física,309.44,46.42,273.16
1535,267,2025-10-06,02:07:59,enviado,cartão crédito,22.65,15,,site,10916.259999999998,1637.44,9301.47
1536,253,2026-02-21,07:01:54,concluído,cartão crédito,43.14,20,2026-02-28,site,97.35000000000001,19.47,121.02
1537,412,2026-04-01,12:12:11,cancelado,cartão crédito,39.59,10,,marketplace,477.39,47.74,469.24
1538,142,2026-01-09,16:49:42,concluído,cartão débito,36.7,5,2026-01-15,site,1267.6,63.38,1240.92
1539,162,2025-04-07,01:46:13,enviado,pix,1.91,0,,marketplace,76.86,0.0,78.77
1540,339,2024-10-02,19:09:55,concluído,pix,31.24,15,2024-10-11,site,1376.48,206.47,1201.25
1541,193,2025-05-16,08:52:58,concluído,pix,10.99,0,2025-05-26,loja física,6124.1900000000005,0.0,6135.18
1542,96,2024-11-30,21:25:49,concluído,pix,14.1,0,2024-12-14,site,17818.3,0.0,17832.4
1543,439,2025-12-22,18:28:40,cancelado,pix,10.69,0,,loja física,1112.8,0.0,1123.49
1544,364,2025-12-20,00:45:09,concluído,cartão crédito,20.87,0,2025-12-24,loja física,1694.05,0.0,1714.92
1545,121,2025-05-06,22:20:48,enviado,cartão débito,24.16,5,,app,3738.7700000000004,186.94,3575.99
1546,431,2025-03-17,05:44:45,processando,cartão crédito,14.58,0,,loja física,4261.95,0.0,4276.53
1547,247,2024-09-27,02:56:51,concluído,cartão crédito,10.92,20,2024-10-06,marketplace,146.85,29.37,128.4
1548,167,2026-05-05,15:25:52,concluído,cartão crédito,21.2,0,2026-05-13,marketplace,186.45,0.0,207.65
1549,178,2025-06-10,23:08:01,enviado,pix,35.17,10,,loja física,135.81,13.58,157.4
1550,443,2024-08-15,16:19:33,processando,cartão débito,20.56,0,,marketplace,3243.27,0.0,3263.83
1551,456,2025-06-24,03:11:04,concluído,pix,20.41,5,2025-06-28,marketplace,1752.3600000000001,87.62,1685.15
1552,211,2024-10-22,21:27:20,concluído,cartão crédito,22.05,0,2024-10-28,site,5253.06,0.0,5275.11
1553,113,2025-05-26,17:27:01,concluído,cartão crédito,40.84,0,2025-06-07,loja física,948.24,0.0,989.08
1554,86,2024-10-25,14:58:13,concluído,cartão débito,38.9,0,2024-11-09,marketplace,299.1,0.0,338.0
1555,11,2026-02-27,09:38:47,concluído,boleto,1.05,0,2026-03-08,marketplace,321.71000000000004,0.0,322.76
1556,393,2026-04-04,17:12:27,processando,pix,3.17,0,,app,1332.05,0.0,1335.22
1557,81,2024-10-18,16:44:12,concluído,pix,19.74,10,2024-10-22,marketplace,4460.68,446.07,4034.35
1558,467,2024-10-28,14:24:07,processando,cartão crédito,20.63,5,,app,541.98,27.1,535.51
1559,19,2025-08-20,08:59:33,cancelado,pix,37.68,5,,loja física,679.98,34.0,683.66
1560,22,2025-06-19,21:43:24,enviado,cartão crédito,15.04,0,,app,209.94,0.0,224.98
1561,64,2025-12-22,12:17:26,concluído,pix,18.86,0,2026-01-03,marketplace,548.01,0.0,566.87
1562,40,2024-10-22,00:49:17,processando,cartão crédito,36.03,10,,loja física,699.9,69.99,665.94
1563,426,2025-10-19,21:16:15,concluído,cartão débito,45.86,0,2025-10-31,loja física,1992.3899999999999,0.0,2038.25
1564,440,2025-01-08,23:29:02,concluído,cartão crédito,16.15,5,2025-01-18,site,6133.389999999999,306.67,5842.87
1565,104,2024-06-20,06:08:53,concluído,cartão crédito,48.37,5,2024-06-28,loja física,1740.36,87.02,1701.71
1566,114,2025-01-30,19:36:13,concluído,boleto,27.99,0,2025-02-01,app,1617.66,0.0,1645.65
1567,373,2024-10-08,10:49:18,concluído,cartão crédito,18.6,5,2024-10-16,site,4205.14,210.26,4013.48
1568,500,2026-04-22,12:06:39,concluído,cartão crédito,38.48,0,2026-05-02,loja física,1612.02,0.0,1650.5
1569,160,2024-10-19,23:00:17,concluído,cartão crédito,40.4,20,2024-10-30,site,16642.79,3328.56,13354.63
1570,443,2026-02-28,21:05:15,concluído,boleto,29.61,0,2026-03-04,loja física,2359.85,0.0,2389.46
1571,243,2025-04-06,02:10:08,enviado,cartão débito,41.9,10,,site,2420.07,242.01,2219.96
1572,130,2025-11-19,19:14:39,enviado,cartão crédito,36.95,10,,site,2541.85,254.18,2324.62
1573,307,2025-09-19,00:25:22,concluído,cartão crédito,0.28,5,2025-09-29,loja física,571.68,28.58,543.38
1574,492,2024-10-27,19:32:20,concluído,pix,16.06,10,2024-11-02,site,146.84,14.68,148.22
1575,218,2024-07-27,20:31:00,cancelado,pix,18.75,10,,app,264.6,26.46,256.89
1576,86,2024-09-23,09:14:55,concluído,cartão crédito,43.4,0,2024-09-25,loja física,761.3,0.0,804.7
1577,412,2024-07-29,20:52:58,concluído,cartão débito,6.98,15,2024-08-09,loja física,1311.07,196.66,1121.39
1578,61,2025-05-01,02:22:39,concluído,cartão crédito,14.68,15,2025-05-06,marketplace,1105.8,165.87,954.61
1579,456,2024-12-11,09:39:39,concluído,cartão crédito,32.45,0,2024-12-21,app,308.04,0.0,340.49
1580,488,2025-05-23,08:03:47,processando,pix,25.92,0,,loja física,291.98,0.0,317.9
1581,475,2026-05-11,01:13:45,concluído,pix,49.71,15,2026-05-17,app,2067.0,310.05,1806.66
1582,243,2025-10-17,23:40:59,concluído,cartão crédito,20.77,0,2025-10-31,site,848.25,0.0,869.02
1583,3,2025-04-12,13:01:19,cancelado,cartão crédito,9.36,5,,loja física,956.27,47.81,917.82
1584,320,2024-08-20,18:17:29,concluído,cartão débito,7.81,0,2024-08-21,app,145.99,0.0,153.8
1585,476,2025-12-18,11:51:27,concluído,cartão crédito,14.18,15,2025-12-19,loja física,850.28,127.54,736.92
1586,189,2025-07-18,01:39:43,concluído,cartão débito,20.12,0,2025-07-23,app,15051.300000000001,0.0,15071.42
1587,53,2024-09-18,13:05:35,concluído,pix,13.97,0,2024-09-21,site,979.5,0.0,993.47
1588,301,2025-12-20,09:40:21,concluído,cartão débito,19.11,5,2025-12-29,marketplace,1276.8600000000001,63.84,1232.13
1589,378,2026-01-07,19:05:30,cancelado,pix,33.36,0,,app,1556.24,0.0,1589.6
1590,111,2026-02-21,11:52:27,concluído,cartão crédito,40.09,0,2026-02-25,app,107.38,0.0,147.47
1591,166,2024-06-13,01:33:07,concluído,cartão crédito,48.4,0,2024-06-14,loja física,386.64000000000004,0.0,435.04
1592,168,2025-09-15,12:00:15,concluído,cartão crédito,37.92,0,2025-09-23,loja física,954.9,0.0,992.82
1593,362,2024-08-20,08:53:56,concluído,cartão débito,15.56,5,2024-08-27,site,566.4,28.32,553.64
1594,432,2025-03-24,09:54:03,processando,cartão crédito,8.29,5,,marketplace,580.12,29.01,559.4
1595,431,2025-03-29,03:54:02,enviado,cartão crédito,22.04,5,,marketplace,946.72,47.34,921.42
1596,286,2024-06-19,23:58:14,enviado,pix,32.54,0,,marketplace,3225.69,0.0,3258.23
1597,395,2024-08-28,09:00:31,processando,pix,36.35,0,,app,939.8399999999999,0.0,976.19
1598,478,2026-03-07,22:02:06,concluído,pix,0.53,0,2026-03-10,app,2799.7599999999998,0.0,2800.29
1599,169,2024-06-14,10:25:36,concluído,cartão crédito,18.41,0,2024-06-19,site,2677.07,0.0,2695.48
1600,18,2026-01-17,21:27:30,enviado,cartão débito,32.02,0,,marketplace,1001.05,0.0,1033.07
1601,498,2026-03-10,23:45:34,concluído,cartão débito,1.52,10,2026-03-11,loja física,5831.43,583.14,5249.81
1602,324,2025-10-17,11:48:55,cancelado,cartão débito,8.67,10,,site,4464.87,446.49,4027.05
1603,314,2026-05-30,21:27:14,concluído,pix,7.64,10,2026-05-31,app,600.16,60.02,547.78
1604,434,2024-07-07,21:10:17,concluído,cartão crédito,22.12,10,2024-07-21,marketplace,19.62,1.96,39.78
1605,143,2024-09-14,13:47:38,concluído,boleto,9.69,5,2024-09-23,site,1160.24,58.01,1111.92
1606,435,2024-12-13,19:14:45,concluído,pix,44.8,0,2024-12-24,marketplace,817.65,0.0,862.45
1607,207,2026-01-23,01:49:52,concluído,cartão crédito,33.32,0,2026-02-03,app,400.42,0.0,433.74
1608,257,2024-08-07,20:07:55,processando,cartão crédito,13.31,0,,site,1295.39,0.0,1308.7
1609,353,2024-12-28,19:16:35,concluído,cartão débito,8.63,10,2025-01-01,site,6018.12,601.81,5424.94
1610,180,2024-09-22,16:43:06,concluído,cartão crédito,23.27,10,2024-10-01,site,5702.04,570.2,5155.11
1611,46,2026-06-02,22:32:24,concluído,cartão crédito,4.52,10,2026-06-10,app,2684.46,268.45,2420.53
1612,495,2025-10-04,05:05:25,concluído,cartão crédito,8.45,0,2025-10-15,marketplace,4783.08,0.0,4791.53
1613,371,2025-09-12,15:50:43,concluído,boleto,15.36,5,2025-09-27,app,800.84,40.04,776.16
1614,378,2024-06-14,09:23:54,enviado,cartão crédito,2.66,10,,app,430.76,43.08,390.34
1615,162,2026-02-09,09:12:45,concluído,cartão crédito,41.68,0,2026-02-19,app,3017.58,0.0,3059.26
1616,133,2024-06-11,04:57:19,concluído,pix,13.2,0,2024-06-16,marketplace,722.64,0.0,735.84
1617,268,2026-02-08,19:25:23,concluído,cartão crédito,31.49,10,2026-02-19,site,900.32,90.03,841.78
1618,300,2024-08-25,12:05:58,cancelado,cartão crédito,26.84,0,,loja física,5702.04,0.0,5728.88
1619,350,2025-07-30,04:18:38,concluído,pix,10.35,5,2025-08-12,marketplace,1355.28,67.76,1297.87
1620,108,2025-12-27,16:17:02,concluído,cartão crédito,23.34,0,2026-01-09,site,656.44,0.0,679.78
1621,96,2026-03-01,11:11:00,concluído,cartão débito,23.32,0,2026-03-12,loja física,360.78,0.0,384.1
1622,462,2025-02-21,17:50:35,enviado,cartão crédito,34.99,5,,site,741.86,37.09,739.76
1623,172,2026-03-28,05:39:17,concluído,cartão crédito,45.06,0,2026-04-05,marketplace,6884.34,0.0,6929.4
1624,280,2025-12-05,09:43:45,concluído,cartão crédito,1.09,10,2025-12-13,loja física,95.4,9.54,86.95
1625,223,2024-08-08,21:39:50,concluído,pix,23.63,0,2024-08-20,marketplace,451.03999999999996,0.0,474.67
1626,248,2024-11-08,01:20:48,enviado,pix,14.98,20,,app,600.52,120.1,495.4
1627,462,2024-09-20,01:14:06,enviado,boleto,5.38,0,,marketplace,2795.65,0.0,2801.03
1628,206,2025-06-12,01:34:37,cancelado,cartão débito,8.18,0,,marketplace,2900.6,0.0,2908.78
1629,495,2026-01-14,23:06:21,processando,pix,26.15,20,,app,618.88,123.78,521.25
1630,404,2025-08-15,02:06:19,concluído,boleto,48.42,0,2025-08-21,app,901.95,0.0,950.37
1631,235,2026-04-28,01:09:31,processando,cartão crédito,22.98,5,,app,1547.2,77.36,1492.82
1632,155,2025-05-15,00:38:19,processando,cartão crédito,9.21,15,,loja física,663.3,99.5,573.01
1633,79,2026-02-27,07:09:57,concluído,pix,42.2,0,2026-03-03,loja física,309.44,0.0,351.64
1634,242,2024-10-08,15:01:51,concluído,cartão débito,19.66,0,2024-10-10,loja física,166.7,0.0,186.36
1635,426,2025-01-28,15:52:10,enviado,cartão débito,12.11,15,,loja física,700.89,105.13,607.87
1636,479,2025-02-16,14:11:02,concluído,cartão crédito,38.59,15,2025-03-01,loja física,400.42,60.06,378.95
1637,37,2025-06-10,21:17:50,concluído,cartão crédito,33.43,20,2025-06-19,site,2934.53,586.91,2381.05
1638,92,2024-10-01,22:08:06,concluído,pix,18.42,0,2024-10-11,site,200.43,0.0,218.85
1639,385,2024-12-10,06:43:28,enviado,cartão crédito,3.86,0,,loja física,19828.6,0.0,19832.46
1640,155,2024-07-17,07:23:34,concluído,cartão crédito,16.95,5,2024-07-21,loja física,112.12,5.61,123.46
1641,199,2025-07-31,01:51:54,concluído,pix,23.98,0,2025-08-05,loja física,1070.73,0.0,1094.71
1642,350,2025-11-23,10:22:51,concluído,cartão débito,5.31,10,2025-11-30,marketplace,428.76,42.88,391.19
1643,52,2024-12-28,15:33:04,enviado,pix,20.18,10,,app,13427.74,1342.77,12105.15
1644,260,2025-10-04,06:58:55,concluído,cartão crédito,22.69,0,2025-10-14,loja física,341.2,0.0,363.89
1645,156,2025-07-31,03:28:37,concluído,cartão crédito,37.03,0,2025-08-01,loja física,2488.56,0.0,2525.59
1646,243,2024-09-07,12:05:31,concluído,pix,42.12,20,2024-09-20,site,11154.710000000001,2230.94,8965.89
1647,218,2024-06-20,09:08:31,enviado,cartão débito,19.14,5,,app,2025.96,101.3,1943.8
1648,363,2026-03-06,15:30:46,concluído,cartão débito,9.86,10,2026-03-21,loja física,2310.98,231.1,2089.74
1649,145,2024-07-08,11:49:12,concluído,cartão crédito,43.31,0,2024-07-16,site,100.69,0.0,144.0
1650,352,2024-08-22,18:24:51,processando,cartão crédito,21.24,5,,site,3776.2700000000004,188.81,3608.7
1651,151,2025-07-31,22:39:45,concluído,cartão crédito,0.87,0,2025-08-03,site,544.2,0.0,545.07
1652,375,2025-01-20,09:24:16,concluído,cartão crédito,36.86,0,2025-01-26,site,1094.1999999999998,0.0,1131.06
1653,373,2024-08-22,13:46:06,concluído,cartão crédito,24.62,15,2024-08-25,marketplace,4125.73,618.86,3531.49
1654,353,2025-07-06,05:38:23,cancelado,cartão débito,45.85,15,,loja física,783.6,117.54,711.91
1655,191,2026-04-23,10:33:06,concluído,cartão crédito,30.41,10,2026-04-29,site,1447.4499999999998,144.74,1333.12
1656,41,2026-03-15,14:58:42,concluído,cartão crédito,31.77,0,2026-03-27,loja física,334.05,0.0,365.82
1657,132,2025-04-22,11:15:55,concluído,pix,37.06,0,2025-05-04,loja física,150.13,0.0,187.19
1658,407,2024-09-22,01:47:40,cancelado,cartão crédito,13.02,0,,app,4999.8099999999995,0.0,5012.83
1659,26,2024-06-04,20:21:42,enviado,cartão crédito,23.6,10,,loja física,572.84,57.28,539.16
1660,399,2026-05-13,09:49:21,concluído,cartão crédito,25.03,0,2026-05-25,loja física,1311.8200000000002,0.0,1336.85
1661,348,2024-11-25,03:17:26,processando,cartão crédito,0.25,0,,loja física,139.98,0.0,140.23
1662,141,2024-06-22,13:12:24,enviado,cartão crédito,29.89,20,,marketplace,697.6,139.52,587.97
1663,10,2024-11-26,23:19:44,concluído,pix,11.03,5,2024-11-30,loja física,1579.96,79.0,1511.99
1664,305,2025-05-01,16:10:46,concluído,cartão crédito,19.41,15,2025-05-12,site,738.96,110.84,647.53
1665,178,2025-03-30,05:51:32,concluído,pix,7.57,15,2025-04-05,loja física,600.51,90.08,518.0
1666,88,2024-09-26,09:05:43,concluído,pix,12.76,0,2024-10-08,site,226.56,0.0,239.32
1667,288,2025-03-05,07:58:19,enviado,boleto,4.15,10,,marketplace,112.12,11.21,105.06
1668,162,2025-10-25,22:40:46,concluído,cartão débito,23.32,0,2025-11-07,app,1519.47,0.0,1542.79
1669,290,2025-01-12,16:59:56,enviado,cartão crédito,49.69,0,,marketplace,1356.14,0.0,1405.83
1670,121,2024-11-26,08:35:17,concluído,cartão crédito,26.83,0,2024-12-04,site,587.0,0.0,613.83
1671,109,2026-05-20,19:21:43,concluído,boleto,28.48,0,2026-05-24,app,1985.17,0.0,2013.65
1672,377,2026-04-17,15:21:40,enviado,boleto,27.45,0,,app,4460.68,0.0,4488.13
1673,143,2025-11-17,12:15:52,concluído,cartão crédito,18.12,0,2025-11-27,marketplace,646.14,0.0,664.26
1674,201,2025-03-29,17:56:32,concluído,cartão crédito,20.16,10,2025-04-07,marketplace,3867.37,386.74,3500.79
1675,231,2025-11-19,08:02:58,processando,cartão crédito,43.58,0,,site,181.06,0.0,224.64
1676,391,2026-04-21,16:55:35,concluído,cartão débito,8.6,15,2026-04-27,loja física,2908.46,436.27,2480.79
1677,499,2025-12-11,03:35:24,concluído,cartão crédito,9.42,0,2025-12-18,app,2302.45,0.0,2311.87
1678,258,2026-03-04,23:37:10,concluído,boleto,29.92,10,2026-03-14,site,2705.4399999999996,270.54,2464.82
1679,86,2026-05-05,05:06:48,concluído,cartão débito,23.55,0,2026-05-09,marketplace,559.92,0.0,583.47
1680,453,2024-08-30,05:14:51,concluído,pix,19.43,5,2024-09-09,app,4378.85,218.94,4179.34
1681,83,2025-06-20,21:59:53,processando,cartão débito,36.08,0,,loja física,36316.72,0.0,36352.8
1682,472,2024-10-13,14:36:28,cancelado,cartão crédito,6.62,0,,site,181.08,0.0,187.7
1683,236,2024-08-28,10:52:31,concluído,cartão crédito,30.1,20,2024-09-05,app,1367.27,273.45,1123.92
1684,257,2024-11-25,07:12:00,cancelado,cartão débito,40.1,10,,app,3108.45,310.85,2837.7
1685,493,2024-08-21,22:17:57,concluído,cartão crédito,37.36,5,2024-09-02,loja física,17299.93,865.0,16472.29
1686,241,2025-01-08,19:11:48,processando,pix,3.51,0,,marketplace,4068.9300000000003,0.0,4072.44
1687,276,2025-03-08,10:30:00,processando,cartão crédito,38.75,5,,site,3117.58,155.88,3000.45
1688,372,2024-08-02,03:56:44,concluído,cartão crédito,40.5,10,2024-08-16,site,2472.52,247.25,2265.77
1689,475,2025-09-25,03:13:03,concluído,cartão débito,32.42,0,2025-10-07,site,1254.6,0.0,1287.02
1690,135,2025-02-18,02:52:44,concluído,pix,28.93,10,2025-03-04,app,5702.04,570.2,5160.77
1691,174,2024-09-03,20:01:12,concluído,cartão crédito,12.13,0,2024-09-14,marketplace,339.3,0.0,351.43
1692,356,2025-03-10,21:53:02,concluído,cartão crédito,44.87,0,2025-03-21,app,1030.95,0.0,1075.82
1693,176,2026-05-22,01:43:22,enviado,cartão crédito,22.19,10,,marketplace,3065.2799999999997,306.53,2780.94
1694,19,2026-05-23,03:29:48,concluído,pix,7.39,0,2026-06-02,app,8312.42,0.0,8319.81
1695,289,2026-05-19,09:29:05,processando,cartão crédito,14.53,15,,app,2784.91,417.74,2381.7
1696,244,2024-08-08,18:39:53,concluído,pix,33.6,0,2024-08-13,app,2052.52,0.0,2086.12
1697,440,2026-04-30,12:44:25,concluído,cartão crédito,31.77,0,2026-05-05,app,980.8,0.0,1012.57
1698,300,2024-07-07,13:50:29,concluído,cartão crédito,18.17,5,2024-07-10,loja física,540.0799999999999,27.0,531.25
1699,88,2025-09-16,10:36:49,concluído,boleto,32.13,5,2025-10-01,marketplace,2864.2,143.21,2753.12
1700,444,2024-09-29,06:33:41,concluído,boleto,32.35,15,2024-10-06,loja física,428.76,64.31,396.8
1701,195,2024-10-20,05:13:19,concluído,cartão crédito,47.25,0,2024-11-04,marketplace,7200.82,0.0,7248.07
1702,143,2025-05-02,20:00:38,concluído,cartão débito,36.37,0,2025-05-05,app,1847.0400000000002,0.0,1883.41
1703,292,2025-07-20,22:40:26,concluído,boleto,45.22,10,2025-07-28,app,4559.05,455.9,4148.37
1704,187,2025-02-18,23:44:37,enviado,pix,19.88,0,,marketplace,693.35,0.0,713.23
1705,284,2025-09-12,15:21:58,concluído,boleto,42.25,5,2025-09-17,site,2092.02,104.6,2029.67
1706,29,2024-10-22,18:41:44,cancelado,cartão crédito,26.1,0,,app,893.36,0.0,919.46
1707,334,2025-11-13,15:21:10,enviado,pix,11.39,10,,app,87.54,8.75,90.18
1708,137,2025-04-30,04:55:51,concluído,cartão débito,4.56,0,2025-05-10,site,1078.3200000000002,0.0,1082.88
1709,68,2024-09-28,14:06:08,processando,cartão débito,3.04,0,,loja física,5702.04,0.0,5705.08
1710,452,2026-04-28,14:42:57,concluído,pix,15.91,5,2026-05-07,app,339.84,16.99,338.76
1711,43,2025-11-04,04:40:31,concluído,cartão débito,4.98,5,2025-11-12,loja física,1791.56,89.58,1706.96
1712,298,2025-11-19,15:24:08,concluído,cartão crédito,45.16,10,2025-11-20,loja física,227.16,22.72,249.6
1713,100,2025-01-24,03:21:14,enviado,cartão débito,31.68,10,,site,2062.07,206.21,1887.54
1714,308,2025-10-02,04:08:10,concluído,cartão crédito,31.49,0,2025-10-09,loja física,5878.14,0.0,5909.63
1715,154,2026-02-28,22:16:06,concluído,cartão crédito,26.56,0,2026-03-11,marketplace,701.36,0.0,727.92
1716,58,2025-01-12,19:58:09,enviado,boleto,47.19,0,,marketplace,269.62,0.0,316.81
1717,261,2025-03-01,12:10:40,processando,cartão débito,8.14,0,,loja física,5118.65,0.0,5126.79
1718,49,2026-04-14,20:28:38,enviado,boleto,22.12,5,,app,566.4,28.32,560.2
1719,391,2024-08-23,15:03:18,concluído,cartão crédito,15.33,0,2024-08-25,loja física,66.15,0.0,81.48
1720,475,2024-12-31,11:20:34,concluído,cartão débito,28.49,0,2025-01-05,app,669.76,0.0,698.25
1721,403,2026-05-16,13:38:39,concluído,cartão crédito,7.88,5,2026-05-23,marketplace,1248.67,62.43,1194.12
1722,243,2025-06-26,16:30:25,cancelado,pix,39.36,10,,marketplace,1371.36,137.14,1273.58
1723,242,2025-10-30,21:22:16,concluído,boleto,41.64,0,2025-11-04,marketplace,405.98,0.0,447.62
1724,425,2025-03-17,14:33:13,concluído,pix,22.44,0,2025-03-23,loja física,531.72,0.0,554.16
1725,3,2026-05-29,11:58:33,enviado,pix,20.16,20,,marketplace,3287.12,657.42,2649.86
1726,72,2024-12-27,01:13:50,enviado,boleto,38.28,0,,app,411.0,0.0,449.28
1727,132,2026-02-23,14:42:11,concluído,cartão crédito,18.64,0,2026-03-07,loja física,961.56,0.0,980.2
1728,379,2026-05-09,09:13:02,concluído,cartão crédito,10.73,5,2026-05-18,marketplace,1236.88,61.84,1185.77
1729,83,2025-12-08,09:30:56,concluído,cartão crédito,23.94,10,2025-12-12,loja física,3155.42,315.54,2863.82
1730,485,2026-02-14,06:20:18,cancelado,cartão crédito,32.9,5,,loja física,215.38,10.77,237.51
1731,301,2024-08-02,05:25:42,concluído,cartão crédito,5.06,5,2024-08-12,marketplace,339.3,16.96,327.4
1732,473,2026-02-06,15:08:31,concluído,cartão crédito,23.54,15,2026-02-14,site,996.86,149.53,870.87
1733,376,2024-06-05,14:24:47,concluído,cartão crédito,7.57,0,2024-06-18,marketplace,3914.86,0.0,3922.43
1734,46,2026-04-04,05:18:38,concluído,cartão crédito,16.36,5,2026-04-13,marketplace,12092.310000000001,604.62,11504.05
1735,150,2026-05-29,15:56:54,concluído,pix,7.01,10,2026-06-12,marketplace,239.08,23.91,222.18
1736,185,2024-09-27,08:42:12,cancelado,boleto,22.25,15,,app,308.04,46.21,284.08
1737,236,2026-01-29,00:44:36,concluído,cartão crédito,9.93,20,2026-02-02,marketplace,5703.26,1140.65,4572.54
1738,478,2025-10-26,07:48:18,concluído,cartão crédito,5.95,0,2025-11-07,loja física,7499.09,0.0,7505.04
1739,409,2024-09-25,18:25:00,processando,cartão crédito,26.37,15,,marketplace,477.39,71.61,432.15
1740,17,2025-02-07,15:48:09,concluído,boleto,43.57,0,2025-02-14,loja física,1719.32,0.0,1762.89
1741,325,2024-09-26,16:37:13,concluído,cartão crédito,3.77,0,2024-10-02,site,1522.34,0.0,1526.11
1742,263,2025-04-03,07:06:06,concluído,pix,4.38,15,2025-04-16,app,2324.29,348.64,1980.03
1743,393,2025-05-16,20:48:13,enviado,pix,40.81,0,,app,2110.05,0.0,2150.86
1744,38,2025-12-16,04:36:53,enviado,cartão crédito,28.7,0,,loja física,236.68,0.0,265.38
1745,206,2026-02-12,20:10:20,processando,cartão débito,0.32,10,,site,285.84,28.58,257.58
1746,219,2026-02-04,01:26:18,concluído,cartão crédito,42.69,5,2026-02-10,marketplace,2099.05,104.95,2036.79
1747,341,2025-06-10,12:25:01,concluído,cartão crédito,40.99,15,2025-06-21,app,106.43,15.96,131.46
1748,106,2026-02-26,15:58:13,concluído,cartão crédito,5.03,5,2026-03-01,site,920.8499999999999,46.04,879.84
1749,277,2024-07-26,04:36:54,enviado,cartão crédito,3.46,15,,app,131.31,19.7,115.07
1750,104,2024-08-30,19:19:42,enviado,cartão crédito,21.17,0,,app,28.03,0.0,49.2
1751,14,2025-08-26,17:34:12,enviado,cartão crédito,44.85,0,,loja física,1012.84,0.0,1057.69
1752,381,2025-05-01,22:06:08,concluído,pix,10.41,0,2025-05-15,loja física,5081.360000000001,0.0,5091.77
1753,395,2025-12-20,08:36:43,concluído,cartão crédito,40.64,0,2025-12-24,app,4196.87,0.0,4237.51
1754,371,2025-01-06,04:58:10,concluído,cartão débito,8.13,0,2025-01-16,loja física,309.44,0.0,317.57
1755,184,2024-09-24,06:36:06,enviado,pix,15.81,0,,site,18.97,0.0,34.78
1756,185,2024-08-13,03:51:09,enviado,cartão débito,25.39,15,,site,212.07,31.81,205.65
1757,216,2025-02-09,19:57:00,concluído,cartão crédito,42.79,0,2025-02-22,marketplace,1254.6,0.0,1297.39
1758,223,2024-09-10,23:14:12,processando,boleto,32.53,0,,site,515.7,0.0,548.23
1759,415,2024-10-23,04:08:38,enviado,cartão crédito,23.52,20,,marketplace,25910.97,5182.19,20752.3
1760,460,2026-01-21,01:41:42,enviado,cartão crédito,7.02,0,,site,1211.62,0.0,1218.64
1761,72,2025-03-29,23:02:33,concluído,pix,38.04,0,2025-04-01,app,3275.8799999999997,0.0,3313.92
1762,339,2025-03-04,18:54:06,processando,cartão crédito,30.82,10,,loja física,66.15,6.62,90.35
1763,266,2025-02-06,22:16:32,concluído,boleto,37.02,10,2025-02-21,app,1843.0,184.3,1695.72
1764,57,2025-06-22,18:28:28,concluído,pix,1.5,0,2025-07-07,loja física,2555.01,0.0,2556.51
1765,466,2025-04-29,02:36:01,enviado,pix,31.03,0,,site,1201.15,0.0,1232.18
1766,241,2025-06-12,17:40:00,concluído,cartão crédito,43.51,15,2025-06-27,site,65.78,9.87,99.42
1767,307,2025-11-24,12:05:57,concluído,pix,8.47,0,2025-12-07,marketplace,23238.16,0.0,23246.63
1768,48,2025-04-21,10:16:47,processando,cartão crédito,3.31,20,,loja física,212.07,42.41,172.97
1769,439,2025-09-14,07:06:09,cancelado,pix,21.98,15,,site,2103.89,315.58,1810.29
1770,461,2026-02-10,05:44:23,concluído,boleto,6.4,5,2026-02-18,marketplace,2874.63,143.73,2737.3
1771,343,2025-10-11,08:57:36,cancelado,pix,23.84,10,,app,4113.7,411.37,3726.17
1772,67,2025-02-17,22:02:20,concluído,pix,7.12,5,2025-02-26,site,10519.26,525.96,10000.42
1773,145,2024-09-19,06:25:45,enviado,pix,5.25,0,,app,1151.76,0.0,1157.01
1774,155,2026-02-16,22:47:19,enviado,cartão crédito,48.6,5,,marketplace,2193.52,109.68,2132.44
1775,68,2025-10-24,20:23:17,enviado,cartão crédito,18.7,0,,site,20036.35,0.0,20055.05
1776,410,2026-05-20,17:45:31,enviado,cartão crédito,2.4,0,,app,14848.48,0.0,14850.88
1777,18,2024-12-11,21:51:27,concluído,pix,11.87,0,2024-12-22,site,4261.95,0.0,4273.82
1778,440,2025-03-28,12:53:17,concluído,cartão crédito,31.37,10,2025-04-05,loja física,279.96,28.0,283.33
1779,233,2025-04-25,02:10:45,concluído,cartão débito,27.24,0,2025-04-29,marketplace,342.84,0.0,370.08
1780,264,2025-08-04,14:13:26,enviado,boleto,16.83,15,,marketplace,472.41999999999996,70.86,418.39
1781,250,2025-06-25,00:27:23,concluído,pix,22.77,0,2025-07-09,marketplace,1385.39,0.0,1408.16
1782,135,2025-07-27,08:46:28,enviado,cartão crédito,18.23,5,,app,2413.98,120.7,2311.51
1783,425,2025-07-23,12:00:14,concluído,cartão crédito,27.47,0,2025-07-31,marketplace,283.95,0.0,311.42
1784,284,2025-06-21,12:33:13,concluído,boleto,4.14,15,2025-06-28,app,1611.6,241.74,1374.0
1785,262,2025-07-22,11:50:27,concluído,cartão crédito,41.92,0,2025-08-06,site,248.6,0.0,290.52
1786,182,2025-07-25,09:31:28,concluído,cartão débito,38.92,5,2025-08-06,site,1223.79,61.19,1201.52
1787,186,2026-03-03,21:52:55,processando,cartão débito,34.62,20,,app,277.34,55.47,256.49
1788,349,2024-11-29,15:26:36,concluído,cartão crédito,31.65,5,2024-12-01,app,2609.81,130.49,2510.97
1789,218,2025-03-29,15:46:11,concluído,pix,13.89,20,2025-04-08,loja física,12938.92,2587.78,10365.03
1790,268,2024-08-07,20:32:43,concluído,boleto,44.6,0,2024-08-22,app,745.0500000000001,0.0,789.65
1791,154,2025-08-29,03:45:02,enviado,cartão crédito,12.54,5,,marketplace,26113.649999999998,1305.68,24820.51
1792,314,2025-12-11,04:53:32,concluído,cartão débito,3.33,10,2025-12-23,app,3345.51,334.55,3014.29
1793,83,2025-04-27,13:28:47,concluído,pix,40.27,20,2025-05-11,app,2582.91,516.58,2106.6
1794,331,2025-07-18,04:46:56,concluído,cartão crédito,29.51,0,2025-07-21,marketplace,469.6,0.0,499.11
1795,72,2025-08-26,18:11:44,concluído,pix,6.16,10,2025-08-31,app,2240.15,224.02,2022.29
1796,345,2026-01-28,02:31:57,concluído,cartão crédito,16.34,5,2026-01-31,marketplace,1755.35,87.77,1683.92
1797,322,2025-11-24,13:33:19,concluído,cartão débito,11.59,0,2025-12-07,site,1751.03,0.0,1762.62
1798,233,2026-02-24,01:22:43,concluído,cartão crédito,43.92,10,2026-03-06,marketplace,1334.76,133.48,1245.2
1799,487,2026-01-06,02:48:48,processando,boleto,19.04,15,,site,334.05,50.11,302.98
1800,219,2024-11-21,06:28:47,enviado,cartão débito,43.72,5,,loja física,13594.17,679.71,12958.18
1801,116,2025-12-02,00:24:26,enviado,cartão débito,4.42,10,,marketplace,84.09,8.41,80.1
1802,341,2024-08-10,16:15:36,concluído,cartão débito,35.01,0,2024-08-24,site,2850.01,0.0,2885.02
1803,443,2024-12-03,14:06:52,enviado,pix,42.03,10,,marketplace,5575.85,557.58,5060.3
1804,169,2025-03-11,20:33:02,enviado,cartão crédito,41.73,20,,site,9704.19,1940.84,7805.08
1805,413,2024-06-06,03:13:34,concluído,cartão débito,29.23,0,2024-06-18,loja física,1751.54,0.0,1780.77
1806,54,2024-11-08,19:12:20,enviado,boleto,41.23,0,,loja física,1714.2,0.0,1755.43
1807,446,2026-03-26,14:02:24,enviado,boleto,19.09,5,,site,976.24,48.81,946.52
1808,495,2024-06-17,05:35:02,concluído,pix,18.0,5,2024-06-19,loja física,1285.9,64.3,1239.6
1809,368,2025-03-12,09:23:40,processando,pix,17.33,10,,loja física,184.74,18.47,183.6
1810,20,2025-08-11,14:39:09,concluído,boleto,40.58,5,2025-08-20,loja física,1336.06,66.8,1309.84
1811,14,2025-06-07,00:25:31,enviado,cartão crédito,9.02,5,,marketplace,3417.38,170.87,3255.53
1812,212,2024-09-15,16:08:45,concluído,pix,36.38,10,2024-09-30,marketplace,309.43,30.94,314.87
1813,177,2026-05-20,04:41:41,concluído,cartão crédito,48.18,0,2026-05-31,site,1462.17,0.0,1510.35
1814,326,2024-08-28,11:15:38,concluído,cartão crédito,39.6,0,2024-09-09,marketplace,11404.08,0.0,11443.68
1815,386,2024-07-20,04:24:03,enviado,cartão crédito,40.69,10,,site,387.42,38.74,389.37
1816,276,2026-05-12,18:48:56,concluído,pix,41.73,0,2026-05-22,marketplace,4261.95,0.0,4303.68
1817,47,2025-03-02,06:06:29,concluído,cartão débito,15.61,0,2025-03-14,app,248.6,0.0,264.21
1818,104,2025-03-11,04:41:19,enviado,cartão crédito,35.3,0,,loja física,892.44,0.0,927.74
1819,387,2026-03-25,03:40:21,processando,cartão crédito,8.41,0,,app,359.51,0.0,367.92
1820,260,2026-03-25,14:26:25,concluído,pix,27.97,10,2026-04-09,app,9704.19,970.42,8761.74
1821,39,2026-04-08,03:36:31,concluído,cartão crédito,4.52,5,2026-04-20,loja física,583.47,29.17,558.82
1822,75,2026-01-29,16:49:40,processando,pix,26.59,0,,loja física,188.0,0.0,214.59
1823,418,2026-03-02,01:15:34,concluído,pix,39.84,5,2026-03-14,site,3371.19,168.56,3242.47
1824,227,2024-09-20,03:27:24,concluído,pix,12.27,0,2024-09-24,marketplace,1637.69,0.0,1649.96
1825,427,2025-01-18,19:21:13,concluído,pix,10.93,15,2025-01-22,loja física,901.95,135.29,777.59
1826,111,2025-05-27,12:03:34,enviado,cartão crédito,14.81,20,,loja física,1063.44,212.69,865.56
1827,213,2024-09-23,20:46:00,processando,cartão débito,49.82,0,,app,738.96,0.0,788.78
1828,298,2026-03-14,16:01:48,processando,cartão crédito,28.72,15,,loja física,130.63,19.59,139.76
1829,362,2026-03-28,16:41:25,enviado,pix,18.16,10,,loja física,9828.15,982.82,8863.49
1830,474,2025-08-06,06:30:37,concluído,boleto,15.98,0,2025-08-21,app,1723.6399999999999,0.0,1739.62
1831,360,2026-05-28,07:16:00,concluído,cartão crédito,26.86,0,2026-06-11,loja física,567.65,0.0,594.51
1832,414,2026-05-14,00:29:32,concluído,pix,11.37,0,2026-05-16,app,331.86,0.0,343.23
1833,429,2025-04-26,23:14:30,concluído,cartão crédito,30.88,0,2025-05-06,loja física,8992.75,0.0,9023.63
1834,12,2024-12-09,06:16:38,concluído,cartão débito,27.89,0,2024-12-12,marketplace,322.12,0.0,350.01
1835,76,2024-11-14,14:13:38,concluído,cartão crédito,17.69,20,2024-11-26,marketplace,1886.6599999999999,377.33,1527.02
1836,373,2026-03-08,21:30:54,concluído,cartão crédito,29.83,0,2026-03-23,app,17812.68,0.0,17842.51
1837,111,2024-11-25,08:24:24,cancelado,pix,15.46,5,,marketplace,1547.2,77.36,1485.3
1838,409,2024-07-17,07:12:34,concluído,pix,47.22,0,2024-07-27,marketplace,619.73,0.0,666.95
1839,498,2026-01-05,02:48:03,processando,cartão débito,35.53,0,,site,450.39,0.0,485.92
1840,37,2024-09-18,22:36:02,enviado,cartão débito,26.44,10,,app,2709.88,270.99,2465.33
1841,397,2024-09-02,23:13:54,concluído,pix,8.95,0,2024-09-12,loja física,117.4,0.0,126.35
1842,170,2025-11-26,08:05:27,enviado,cartão crédito,47.21,5,,loja física,14255.1,712.76,13589.55
1843,196,2025-12-02,16:37:00,processando,pix,6.91,0,,site,221.4,0.0,228.31
1844,363,2024-09-23,00:56:19,concluído,cartão crédito,12.58,0,2024-09-26,marketplace,130.63,0.0,143.21
1845,180,2025-03-24,02:10:37,concluído,boleto,31.59,0,2025-03-28,site,19544.88,0.0,19576.47
1846,451,2025-12-25,07:25:41,concluído,cartão débito,49.0,0,2025-12-26,marketplace,11722.56,0.0,11771.56
1847,494,2024-06-24,08:56:22,concluído,boleto,0.63,0,2024-06-25,marketplace,903.3,0.0,903.93
1848,291,2025-11-26,14:27:45,concluído,cartão débito,42.88,20,2025-12-11,app,2291.36,458.27,1875.97
1849,256,2025-04-29,18:56:34,enviado,cartão crédito,10.9,0,,app,369.0,0.0,379.9
1850,91,2025-03-19,14:29:39,concluído,pix,35.25,15,2025-03-29,app,1582.93,237.44,1380.74
1851,420,2024-07-15,21:59:04,concluído,cartão crédito,31.04,15,2024-07-29,site,28304.48,4245.67,24089.85
1852,160,2025-11-30,16:52:28,processando,boleto,5.38,5,,app,428.76,21.44,412.7
1853,255,2024-08-25,05:57:52,processando,cartão crédito,7.75,5,,marketplace,818.28,40.91,785.12
1854,476,2025-10-31,16:18:12,cancelado,pix,41.51,10,,site,5494.02,549.4,4986.13
1855,34,2025-08-29,15:44:23,enviado,cartão crédito,18.25,0,,loja física,541.17,0.0,559.42
1856,22,2024-07-31,04:58:33,concluído,cartão crédito,45.74,15,2024-08-07,site,999.58,149.94,895.38
1857,47,2025-06-09,06:29:22,processando,pix,16.0,5,,loja física,1519.47,75.97,1459.5
1858,330,2026-03-16,08:45:31,enviado,cartão crédito,15.98,0,,app,2864.2,0.0,2880.18
1859,219,2025-09-08,05:22:28,concluído,cartão crédito,18.82,0,2025-09-19,loja física,951.89,0.0,970.71
1860,248,2026-04-11,00:39:54,concluído,cartão débito,15.26,20,2026-04-20,marketplace,133.62,26.72,122.16
1861,358,2024-10-04,18:21:36,enviado,cartão crédito,41.48,0,,site,3218.64,0.0,3260.12
1862,383,2024-06-27,08:30:03,concluído,boleto,27.09,5,2024-07-07,site,1209.8400000000001,60.49,1176.44
1863,495,2024-09-25,23:57:50,concluído,cartão crédito,9.39,20,2024-09-26,site,1547.2,309.44,1247.15
1864,351,2025-03-14,14:26:37,processando,pix,36.85,5,,app,5633.04,281.65,5388.24
1865,358,2024-09-21,15:24:05,concluído,cartão crédito,10.7,0,2024-10-02,app,4363.39,0.0,4374.09
1866,365,2024-08-04,06:20:23,processando,cartão crédito,35.63,0,,site,2964.06,0.0,2999.69
1867,106,2024-12-11,05:46:58,concluído,boleto,5.8,0,2024-12-18,app,175.34,0.0,181.14
1868,469,2024-08-02,18:23:57,enviado,pix,49.12,20,,app,785.69,157.14,677.67
1869,206,2024-06-13,14:23:57,concluído,cartão crédito,7.07,0,2024-06-27,marketplace,665.56,0.0,672.63
1870,217,2025-08-20,00:08:27,processando,pix,35.44,15,,marketplace,7533.72,1130.06,6439.1
1871,335,2026-03-11,10:01:41,concluído,pix,13.6,5,2026-03-26,loja física,715.49,35.77,693.32
1872,194,2026-02-25,22:28:31,processando,cartão crédito,44.96,10,,loja física,3345.51,334.55,3055.92
1873,321,2025-04-23,09:49:30,concluído,pix,2.09,10,2025-04-24,app,124.3,12.43,113.96
1874,115,2024-09-28,04:43:45,enviado,cartão crédito,5.71,0,,loja física,7647.25,0.0,7652.96
1875,168,2026-01-19,10:13:05,concluído,cartão crédito,36.93,20,2026-01-28,loja física,1751.33,350.27,1437.99
1876,146,2024-10-23,14:26:14,concluído,pix,13.05,10,2024-10-28,loja física,636.96,63.7,586.31
1877,453,2025-06-03,18:50:50,processando,cartão crédito,4.32,10,,app,2294.89,229.49,2069.72
1878,241,2026-01-02,10:43:21,concluído,cartão débito,5.56,0,2026-01-03,loja física,435.92,0.0,441.48
1879,356,2024-09-20,17:40:56,concluído,pix,12.06,5,2024-10-03,loja física,175.34,8.77,178.63
1880,227,2026-01-05,23:31:32,enviado,cartão débito,2.05,15,,app,3234.73,485.21,2751.57
1881,372,2025-07-18,14:10:45,enviado,cartão crédito,28.38,15,,marketplace,7607.7,1141.16,6494.92
1882,129,2025-11-28,11:58:24,processando,boleto,17.47,0,,site,4192.07,0.0,4209.54
1883,485,2025-01-22,13:01:34,concluído,cartão crédito,3.18,0,2025-01-25,app,181.06,0.0,184.24
1884,225,2025-06-04,02:40:20,concluído,cartão crédito,21.98,10,2025-06-16,marketplace,1439.02,143.9,1317.1
1885,281,2025-04-19,13:07:59,concluído,boleto,2.83,5,2025-04-22,loja física,8114.64,405.73,7711.74
1886,317,2025-12-17,03:14:40,concluído,pix,36.13,0,2025-12-18,site,234.22,0.0,270.35
1887,351,2025-02-20,22:12:55,concluído,cartão crédito,19.02,5,2025-02-22,loja física,1843.0,92.15,1769.87
1888,62,2025-05-14,18:03:59,enviado,pix,38.03,0,,site,3894.91,0.0,3932.94
1889,467,2026-01-31,20:05:31,concluído,cartão débito,28.52,0,2026-02-14,loja física,1384.72,0.0,1413.24
1890,122,2025-10-17,18:37:12,concluído,pix,30.57,0,2025-10-29,loja física,1790.08,0.0,1820.65
1891,79,2025-11-25,22:08:31,concluído,cartão débito,43.88,0,2025-12-10,marketplace,56.06,0.0,99.94
1892,90,2024-06-14,04:02:22,enviado,boleto,19.38,0,,app,922.0899999999999,0.0,941.47
1893,222,2025-01-12,15:33:39,concluído,pix,7.18,0,2025-01-13,app,6188.960000000001,0.0,6196.14
1894,65,2024-08-29,07:57:32,cancelado,pix,17.61,15,,loja física,2903.96,435.59,2485.98
1895,236,2024-10-02,23:44:55,processando,pix,22.15,0,,marketplace,559.92,0.0,582.07
1896,205,2024-07-20,12:17:38,concluído,cartão crédito,26.44,0,2024-07-31,app,1155.81,0.0,1182.25
1897,374,2026-04-19,07:45:27,concluído,pix,30.88,15,2026-05-03,loja física,1390.1800000000003,208.53,1212.53
1898,110,2025-10-15,22:00:50,concluído,cartão crédito,23.46,5,2025-10-20,loja física,797.58,39.88,781.16
1899,490,2024-06-28,20:32:29,concluído,pix,31.12,0,2024-07-12,app,2224.9,0.0,2256.02
1900,81,2025-09-16,04:24:36,concluído,pix,46.76,0,2025-10-01,loja física,1021.3,0.0,1068.06
1901,198,2026-01-08,07:55:50,concluído,cartão débito,8.6,20,2026-01-12,app,226.56,45.31,189.85
1902,295,2024-10-16,17:34:03,enviado,pix,9.87,0,,loja física,5433.049999999999,0.0,5442.92
1903,67,2025-06-29,19:54:17,concluído,pix,24.29,5,2025-07-11,site,132.3,6.62,149.97
1904,403,2024-10-06,10:54:58,enviado,cartão crédito,1.07,15,,site,750.65,112.6,639.12
1905,161,2024-06-12,08:23:03,concluído,boleto,17.8,10,2024-06-14,app,10052.4,1005.24,9064.96
1906,186,2025-04-07,19:03:21,concluído,cartão débito,15.74,15,2025-04-09,loja física,495.63,74.34,437.03
1907,90,2026-03-12,16:04:48,concluído,cartão crédito,5.06,5,2026-03-24,app,352.89,17.64,340.31
1908,273,2025-04-28,22:39:41,concluído,boleto,20.44,5,2025-04-30,loja física,1958.83,97.94,1881.33
1909,144,2025-11-14,00:07:07,enviado,pix,45.09,20,,app,5539.12,1107.82,4476.39
1910,50,2026-04-15,07:11:01,processando,pix,6.77,0,,loja física,24355.049999999996,0.0,24361.82
1911,11,2025-05-22,18:29:55,concluído,cartão débito,49.29,0,2025-06-04,loja física,23843.460000000003,0.0,23892.75
1912,230,2025-08-08,08:00:47,concluído,pix,48.42,15,2025-08-11,marketplace,3029.05,454.36,2623.11
1913,44,2025-12-08,11:22:52,processando,pix,3.44,0,,marketplace,5556.610000000001,0.0,5560.05
1914,470,2026-03-10,05:08:19,enviado,cartão crédito,49.55,10,,app,3857.3199999999997,385.73,3521.14
1915,165,2024-12-21,08:16:47,cancelado,cartão crédito,39.56,10,,marketplace,161.06,16.11,184.51
1916,410,2026-05-18,20:00:00,enviado,cartão débito,31.03,5,,app,264.6,13.23,282.4
1917,99,2025-08-22,05:51:54,concluído,cartão débito,49.0,15,2025-08-27,site,334.05,50.11,332.94
1918,86,2025-06-28,17:22:42,concluído,cartão crédito,11.92,0,2025-07-13,loja física,949.98,0.0,961.9
1919,173,2025-01-27,14:41:04,cancelado,cartão crédito,37.42,10,,loja física,5867.84,586.78,5318.48
1920,171,2025-12-06,21:05:34,enviado,cartão débito,6.52,20,,site,603.05,120.61,488.96
1921,10,2024-11-27,11:15:14,enviado,cartão crédito,9.96,0,,loja física,15376.39,0.0,15386.35
1922,139,2025-04-28,23:35:02,concluído,pix,16.75,10,2025-05-09,loja física,1331.95,133.2,1215.5
1923,68,2026-05-28,09:17:20,concluído,boleto,35.88,5,2026-06-03,loja física,352.2,17.61,370.47
1924,468,2024-10-03,16:46:25,concluído,cartão crédito,33.52,10,2024-10-05,marketplace,3776.2700000000004,377.63,3432.16
1925,459,2025-01-01,01:01:54,processando,cartão crédito,40.46,10,,site,1244.0500000000002,124.41,1160.1
1926,192,2024-08-14,07:37:08,concluído,cartão crédito,28.54,0,2024-08-17,site,2686.0,0.0,2714.54
1927,5,2025-07-13,23:16:55,processando,pix,36.75,0,,site,2082.02,0.0,2118.77
1928,495,2025-03-24,04:01:54,concluído,pix,22.99,15,2025-04-04,site,166.7,25.0,164.69
1929,29,2024-09-09,02:27:10,enviado,pix,9.96,10,,site,12202.17,1220.22,10991.91
1930,488,2026-01-02,02:50:01,concluído,cartão crédito,21.61,5,2026-01-14,app,2200.5499999999997,110.03,2112.13
1931,199,2024-11-15,11:14:01,concluído,cartão crédito,26.41,0,2024-11-17,app,532.15,0.0,558.56
1932,254,2025-04-10,21:50:24,enviado,cartão débito,9.28,0,,site,3965.72,0.0,3975.0
1933,4,2025-09-27,17:36:36,concluído,cartão crédito,48.61,0,2025-10-06,app,6277.07,0.0,6325.68
1934,360,2024-07-17,09:39:16,enviado,pix,9.39,10,,app,1715.6200000000001,171.56,1553.45
1935,429,2024-11-20,22:30:33,concluído,cartão débito,30.02,5,2024-12-01,marketplace,1383.42,69.17,1344.27
1936,423,2025-04-04,14:37:53,concluído,cartão crédito,12.01,0,2025-04-09,marketplace,618.44,0.0,630.45
1937,34,2024-10-24,14:05:53,concluído,cartão crédito,24.65,15,2024-10-27,site,5750.26,862.54,4912.37
1938,419,2026-03-04,18:24:06,enviado,cartão crédito,33.63,15,,loja física,1408.26,211.24,1230.65
1939,346,2026-01-04,08:09:59,concluído,cartão crédito,29.35,15,2026-01-16,marketplace,231.87,34.78,226.44
1940,311,2025-08-12,07:47:57,enviado,pix,3.29,0,,marketplace,3094.07,0.0,3097.36
1941,416,2025-09-16,21:22:12,concluído,cartão débito,24.93,10,2025-09-28,marketplace,146.85,14.68,157.1
1942,98,2026-03-19,16:27:55,concluído,cartão crédito,8.51,5,2026-03-31,loja física,447.97,22.4,434.08
1943,167,2024-08-02,21:04:57,concluído,boleto,42.24,20,2024-08-10,loja física,11633.73,2326.75,9349.22
1944,238,2026-02-28,03:33:28,processando,cartão débito,7.09,10,,loja física,350.68,35.07,322.7
1945,448,2025-11-23,17:33:55,cancelado,cartão crédito,15.8,20,,app,1985.51,397.1,1604.21
1946,223,2025-06-02,18:04:47,concluído,pix,33.02,0,2025-06-03,app,2899.3999999999996,0.0,2932.42
1947,201,2025-06-09,17:28:56,concluído,cartão débito,13.52,0,2025-06-10,loja física,2360.19,0.0,2373.71
1948,425,2025-02-02,04:04:35,concluído,boleto,27.41,0,2025-02-07,loja física,106.43,0.0,133.84
1949,256,2025-10-23,21:00:25,enviado,cartão crédito,47.27,0,,site,2142.75,0.0,2190.02
1950,35,2025-10-15,11:30:37,concluído,boleto,35.23,5,2025-10-17,app,2134.0,106.7,2062.53
1951,412,2025-04-14,13:24:25,concluído,cartão crédito,24.48,20,2025-04-22,app,56.79,11.36,69.91
1952,351,2026-03-08,10:55:27,concluído,cartão débito,30.52,5,2026-03-13,marketplace,353.67,17.68,366.51
1953,414,2025-03-26,10:16:26,concluído,pix,6.39,5,2025-04-01,loja física,1263.83,63.19,1207.03
1954,190,2024-10-09,22:20:48,concluído,cartão crédito,10.45,0,2024-10-17,app,87.54,0.0,97.99
1955,463,2024-07-16,08:57:05,processando,cartão crédito,45.7,20,,marketplace,839.62,167.92,717.4
1956,407,2026-02-17,21:07:38,concluído,cartão crédito,9.7,0,2026-02-27,marketplace,277.34,0.0,287.04
1957,294,2025-03-19,10:39:08,enviado,boleto,11.42,5,,app,6143.79,307.19,5848.02
1958,128,2025-10-19,04:10:31,processando,cartão débito,23.44,0,,site,875.77,0.0,899.21
1959,320,2025-04-29,09:52:02,concluído,cartão crédito,26.41,0,2025-05-02,marketplace,800.84,0.0,827.25
1960,399,2024-11-02,03:50:21,concluído,cartão crédito,38.42,10,2024-11-09,marketplace,186.22000000000003,18.62,206.02
1961,31,2024-12-30,13:27:48,processando,cartão débito,11.14,0,,marketplace,1688.12,0.0,1699.26
1962,248,2024-08-27,02:32:13,processando,cartão débito,39.11,20,,loja física,1183.4,236.68,985.83
1963,310,2024-08-23,23:57:22,cancelado,pix,9.98,10,,app,230.34,23.03,217.29
1964,306,2024-08-03,08:15:18,cancelado,cartão débito,14.75,0,,app,14099.25,0.0,14114.0
1965,145,2025-03-12,15:02:47,concluído,cartão crédito,18.76,10,2025-03-21,site,3539.35,353.94,3204.17
1966,74,2025-09-15,10:04:39,concluído,cartão crédito,1.44,5,2025-09-19,loja física,536.9,26.84,511.5
1967,398,2026-01-29,19:37:52,concluído,boleto,7.37,5,2026-02-06,app,554.68,27.73,534.32
1968,161,2026-03-23,11:44:19,concluído,cartão crédito,13.65,0,2026-04-05,loja física,3664.46,0.0,3678.11
1969,66,2025-02-19,11:26:35,concluído,cartão crédito,0.85,0,2025-03-01,marketplace,1236.88,0.0,1237.73
1970,73,2024-06-25,16:40:00,concluído,cartão crédito,35.95,5,2024-07-01,loja física,16064.259999999998,803.21,15297.0
1971,203,2024-12-06,22:57:33,enviado,cartão crédito,30.59,10,,marketplace,308.25,30.82,308.02
1972,292,2025-01-09,02:30:59,concluído,cartão crédito,25.53,10,2025-01-22,app,450.39,45.04,430.88
1973,35,2024-10-08,07:52:18,concluído,cartão crédito,5.1,0,2024-10-23,app,928.32,0.0,933.42
1974,498,2025-07-29,13:21:20,concluído,cartão crédito,4.05,0,2025-08-04,site,1163.51,0.0,1167.56
1975,32,2024-08-25,14:26:27,concluído,cartão débito,32.03,0,2024-09-03,app,2781.4,0.0,2813.43
1976,417,2024-07-24,15:26:08,concluído,cartão crédito,7.94,10,2024-07-26,marketplace,902.77,90.28,820.43
1977,331,2024-11-15,12:05:08,concluído,pix,1.21,5,2024-11-16,app,2235.6,111.78,2125.03
1978,113,2025-09-10,16:44:57,concluído,pix,47.4,20,2025-09-11,app,807.3,161.46,693.24
1979,199,2024-06-12,10:25:27,concluído,pix,33.45,0,2024-06-18,marketplace,1013.25,0.0,1046.7
1980,366,2026-01-12,12:22:47,concluído,pix,27.45,0,2026-01-23,site,12976.86,0.0,13004.31
1981,252,2026-05-11,11:35:35,concluído,cartão crédito,35.02,5,2026-05-21,marketplace,1286.8600000000001,64.34,1257.54
1982,85,2025-01-30,00:12:52,concluído,cartão crédito,7.6,0,2025-02-13,marketplace,2260.9,0.0,2268.5
1983,262,2024-10-27,17:35:46,concluído,cartão crédito,41.66,10,2024-11-02,marketplace,678.6,67.86,652.4
1984,460,2025-08-06,10:04:14,concluído,cartão crédito,5.95,0,2025-08-12,site,944.97,0.0,950.92
1985,344,2024-11-07,14:14:30,concluído,cartão débito,20.24,0,2024-11-18,site,24431.1,0.0,24451.34
1986,381,2025-10-12,18:13:50,concluído,boleto,10.26,10,2025-10-14,marketplace,5511.76,551.18,4970.84
1987,346,2026-05-26,15:22:37,processando,cartão crédito,29.6,0,,loja física,17614.350000000002,0.0,17643.95
1988,118,2024-06-29,01:09:31,concluído,cartão débito,44.13,0,2024-07-10,site,2038.8300000000002,0.0,2082.96
1989,425,2024-12-07,13:58:12,concluído,cartão crédito,16.66,0,2024-12-11,loja física,295.2,0.0,311.86
1990,235,2024-12-29,23:27:12,enviado,boleto,30.03,0,,loja física,5399.99,0.0,5430.02
1991,147,2024-08-08,23:02:47,concluído,pix,33.28,15,2024-08-18,site,2033.9099999999999,305.09,1762.1
1992,453,2025-08-20,17:39:24,enviado,cartão crédito,1.56,0,,site,537.2,0.0,538.76
1993,477,2025-08-16,14:22:25,cancelado,cartão crédito,22.21,10,,app,1308.48,130.85,1199.84
1994,111,2024-07-08,18:19:12,concluído,cartão débito,48.45,10,2024-07-14,marketplace,133.62,13.36,168.71
1995,335,2025-08-15,18:39:38,concluído,cartão crédito,38.45,15,2025-08-22,marketplace,3348.26,502.24,2884.47
1996,477,2026-02-07,16:40:22,concluído,boleto,49.07,15,2026-02-15,site,912.99,136.95,825.11
1997,382,2025-06-14,16:36:50,processando,boleto,39.56,15,,loja física,2210.89,331.63,1918.82
1998,45,2024-07-09,09:20:47,concluído,pix,22.72,15,2024-07-11,marketplace,882.0,132.3,772.42
1999,289,2024-07-11,05:29:40,concluído,cartão débito,36.5,0,2024-07-23,site,1611.65,0.0,1648.15
2000,16,2025-02-03,05:59:59,concluído,cartão crédito,21.58,0,2025-02-10,app,231.03,0.0,252.61
2001,296,2024-08-15,07:22:32,cancelado,pix,32.76,20,,marketplace,850.4599999999999,170.09,713.13
2002,369,2025-01-29,14:36:34,enviado,cartão débito,40.02,0,,marketplace,246.04999999999998,0.0,286.07
2003,97,2024-06-10,11:51:10,cancelado,cartão crédito,22.35,0,,site,428.76,0.0,451.11
2004,428,2025-03-07,22:13:11,processando,pix,27.89,10,,app,5205.51,520.55,4712.85
2005,381,2026-01-08,18:07:05,enviado,cartão crédito,18.17,5,,loja física,279.96,14.0,284.13
2006,279,2025-01-09,06:09:22,processando,cartão crédito,32.86,0,,app,1050.84,0.0,1083.7
2007,178,2025-04-09,03:35:53,concluído,cartão crédito,28.95,0,2025-04-20,marketplace,1501.1999999999998,0.0,1530.15
2008,76,2025-06-27,10:30:06,enviado,pix,37.51,0,,loja física,826.8,0.0,864.31
2009,45,2024-11-02,06:41:37,concluído,cartão débito,44.15,0,2024-11-09,marketplace,429.32000000000005,0.0,473.47
2010,231,2025-02-03,03:59:21,enviado,pix,43.0,0,,site,227.06,0.0,270.06
2011,441,2026-01-08,21:09:13,concluído,boleto,7.24,0,2026-01-23,app,4352.29,0.0,4359.53
2012,294,2025-04-03,07:52:47,processando,cartão crédito,40.73,0,,loja física,159.24,0.0,199.97
2013,451,2025-12-19,13:36:18,concluído,cartão crédito,25.02,0,2025-12-26,site,473.36,0.0,498.38
2014,479,2025-03-07,07:05:09,concluído,cartão débito,47.02,10,2025-03-12,marketplace,1395.45,139.54,1302.93
2015,375,2024-09-12,12:10:04,concluído,pix,18.63,15,2024-09-18,loja física,430.76,64.61,384.78
2016,384,2025-12-01,16:16:13,concluído,cartão crédito,37.5,0,2025-12-07,loja física,6469.46,0.0,6506.96
2017,459,2025-11-09,22:51:52,concluído,pix,35.74,15,2025-11-21,site,1248.8,187.32,1097.22
2018,37,2024-08-18,13:05:23,concluído,pix,15.3,10,2024-09-02,marketplace,3503.08,350.31,3168.07
2019,278,2025-02-16,06:01:00,processando,cartão débito,47.48,0,,site,6289.549999999999,0.0,6337.03
2020,107,2025-04-16,06:10:11,concluído,cartão crédito,38.73,0,2025-04-18,marketplace,37.94,0.0,76.67
2021,217,2026-05-01,05:58:39,concluído,boleto,33.01,0,2026-05-03,marketplace,2009.1,0.0,2042.11
2022,107,2025-12-31,19:27:10,concluído,cartão crédito,30.9,15,2026-01-06,site,807.3,121.1,717.1
2023,17,2025-06-30,01:10:47,enviado,cartão débito,17.54,0,,loja física,15584.58,0.0,15602.12
2024,197,2024-08-21,08:37:41,processando,pix,38.41,0,,marketplace,2090.83,0.0,2129.24
2025,351,2025-06-28,23:03:28,cancelado,cartão débito,1.36,0,,loja física,537.2,0.0,538.56
2026,45,2026-02-21,02:35:00,enviado,cartão débito,27.13,0,,site,954.78,0.0,981.91
2027,173,2026-01-26,21:58:01,concluído,cartão crédito,49.1,0,2026-02-07,marketplace,11282.050000000001,0.0,11331.15
2028,438,2024-09-28,13:28:49,concluído,cartão débito,30.62,0,2024-10-10,app,4177.860000000001,0.0,4208.48
2029,400,2024-06-22,07:19:27,concluído,cartão crédito,25.26,0,2024-07-03,app,2512.4500000000003,0.0,2537.71
2030,290,2025-09-02,23:32:34,concluído,cartão crédito,46.16,5,2025-09-14,site,38.16,1.91,82.41
2031,358,2026-02-12,05:36:19,concluído,cartão débito,8.68,0,2026-02-14,app,9704.19,0.0,9712.87
2032,170,2025-03-27,16:52:37,concluído,cartão crédito,34.27,20,2025-04-06,site,1211.62,242.32,1003.57
2033,128,2025-06-09,08:50:49,concluído,cartão crédito,38.71,10,2025-06-17,app,4077.42,407.74,3708.39
2034,23,2025-09-02,08:18:25,enviado,cartão crédito,11.15,15,,loja física,8983.43,1347.51,7647.07
2035,414,2026-04-09,17:38:02,concluído,pix,45.49,0,2026-04-17,app,1376.48,0.0,1421.97
2036,289,2026-03-27,16:44:03,concluído,cartão crédito,24.76,10,2026-04-06,loja física,135.81,13.58,146.99
2037,460,2024-07-02,23:08:20,concluído,pix,31.68,0,2024-07-11,loja física,4755.0599999999995,0.0,4786.74
2038,286,2025-01-15,06:00:55,concluído,pix,3.34,0,2025-01-22,marketplace,852.39,0.0,855.73
2039,471,2024-10-07,03:12:45,concluído,cartão crédito,46.3,0,2024-10-16,site,838.9599999999999,0.0,885.26
2040,96,2024-09-29,14:40:03,concluído,pix,22.26,20,2024-10-09,marketplace,1051.99,210.4,863.85
2041,35,2025-11-15,22:10:15,concluído,boleto,32.75,5,2025-11-23,site,1101.66,55.08,1079.33
2042,104,2025-05-29,14:43:25,concluído,cartão crédito,6.65,10,2025-06-02,site,973.0,97.3,882.35
2043,404,2024-08-04,01:51:27,concluído,cartão crédito,26.18,0,2024-08-13,site,970.4300000000001,0.0,996.61
2044,71,2026-04-22,11:11:39,concluído,cartão crédito,12.16,0,2026-05-05,app,646.14,0.0,658.3
2045,245,2025-10-03,02:24:09,concluído,cartão débito,4.94,0,2025-10-11,site,15157.050000000001,0.0,15161.99
2046,440,2024-08-15,08:51:56,concluído,cartão débito,42.97,0,2024-08-18,site,538.2,0.0,581.17
2047,321,2025-12-13,22:54:49,concluído,pix,41.9,0,2025-12-17,app,6030.09,0.0,6071.99
2048,209,2024-11-30,18:34:37,processando,cartão crédito,21.55,15,,loja física,3982.51,597.38,3406.68
2049,372,2026-04-21,20:14:51,concluído,boleto,19.5,5,2026-05-02,app,4125.81,206.29,3939.02
2050,66,2024-11-18,09:45:11,enviado,cartão débito,47.37,5,,loja física,1115.17,55.76,1106.78
2051,387,2026-02-21,02:14:32,enviado,cartão débito,12.04,5,,loja física,531.05,26.55,516.54
2052,222,2025-11-15,05:07:41,enviado,cartão débito,20.82,5,,app,16173.65,808.68,15385.79
2053,21,2025-10-25,01:20:44,enviado,cartão crédito,19.62,0,,marketplace,2184.08,0.0,2203.7
2054,310,2024-09-21,07:40:03,concluído,cartão crédito,15.38,15,2024-09-30,loja física,1704.78,255.72,1464.44
2055,430,2026-01-22,01:44:53,concluído,pix,34.69,15,2026-02-05,app,341.36,51.2,324.85
2056,355,2025-12-14,00:37:31,concluído,cartão débito,17.09,5,2025-12-16,site,576.0,28.8,564.29
2057,479,2024-10-06,23:55:55,concluído,cartão crédito,14.42,5,2024-10-11,marketplace,1746.63,87.33,1673.72
2058,166,2025-06-28,12:40:15,cancelado,boleto,28.24,0,,marketplace,430.76,0.0,459.0
2059,266,2025-07-09,22:20:32,concluído,pix,13.9,5,2025-07-15,app,746.49,37.32,723.07
2060,456,2025-12-21,22:08:07,enviado,pix,40.03,5,,app,4624.17,231.21,4432.99
2061,186,2025-09-19,17:30:50,enviado,pix,27.59,0,,loja física,1032.36,0.0,1059.95
2062,61,2025-10-22,20:40:45,concluído,pix,43.72,5,2025-10-25,app,670.39,33.52,680.59
2063,426,2025-07-15,08:34:34,concluído,cartão crédito,44.27,10,2025-07-26,marketplace,1365.0900000000001,136.51,1272.85
2064,368,2026-05-27,10:29:23,concluído,cartão crédito,28.35,5,2026-06-04,app,567.65,28.38,567.62
2065,130,2026-01-21,22:12:56,concluído,cartão crédito,18.79,5,2026-01-23,loja física,200.21,10.01,208.99
2066,416,2025-02-24,02:14:25,concluído,boleto,46.3,0,2025-02-28,marketplace,2008.25,0.0,2054.55
2067,102,2025-05-17,11:26:01,concluído,cartão crédito,48.98,5,2025-05-24,loja física,907.8799999999999,45.39,911.47
2068,224,2026-02-03,21:49:04,concluído,cartão crédito,5.96,0,2026-02-11,marketplace,1074.4,0.0,1080.36
2069,28,2024-09-13,19:29:53,enviado,cartão crédito,3.51,0,,marketplace,541.49,0.0,545.0
2070,474,2025-02-22,05:36:07,concluído,pix,21.12,0,2025-02-24,site,3888.38,0.0,3909.5
2071,320,2025-01-15,19:28:41,concluído,pix,14.18,0,2025-01-21,app,2067.94,0.0,2082.12
2072,293,2025-03-10,18:34:54,enviado,pix,46.3,0,,app,1032.66,0.0,1078.96
2073,300,2025-10-01,04:08:07,concluído,cartão crédito,10.97,10,2025-10-10,loja física,205.76,20.58,196.15
2074,9,2026-03-30,17:54:36,concluído,boleto,4.55,10,2026-04-09,marketplace,95.94,9.59,90.9
2075,64,2025-05-04,14:22:59,processando,cartão crédito,42.18,0,,loja física,908.6800000000001,0.0,950.86
2076,457,2024-07-04,23:41:33,enviado,cartão crédito,11.0,0,,app,691.48,0.0,702.48
2077,223,2026-04-26,17:16:31,enviado,cartão débito,29.93,0,,app,658.78,0.0,688.71
2078,42,2025-12-09,12:39:13,concluído,cartão crédito,22.16,0,2025-12-23,loja física,39.24,0.0,61.4
2079,385,2026-01-26,05:27:57,processando,cartão crédito,27.01,0,,loja física,308.04,0.0,335.05
2080,269,2025-11-16,07:28:56,concluído,cartão crédito,1.03,5,2025-12-01,loja física,4886.22,244.31,4642.94
2081,311,2025-03-31,23:49:28,processando,cartão crédito,7.21,0,,loja física,4023.3,0.0,4030.51
2082,107,2024-12-06,15:08:35,concluído,cartão crédito,17.63,0,2024-12-13,marketplace,1168.48,0.0,1186.11
2083,195,2024-11-13,02:29:48,processando,cartão débito,23.44,0,,app,940.95,0.0,964.39
2084,34,2025-09-21,00:14:26,enviado,cartão débito,39.93,0,,marketplace,2067.0,0.0,2106.93
2085,252,2025-09-18,06:48:22,concluído,cartão crédito,22.22,0,2025-09-19,loja física,702.36,0.0,724.58
2086,138,2024-08-01,03:52:02,concluído,cartão crédito,49.76,0,2024-08-05,app,5079.599999999999,0.0,5129.36
2087,331,2024-09-30,06:45:58,concluído,cartão débito,26.49,0,2024-10-10,site,19.08,0.0,45.57
2088,187,2025-08-18,05:35:45,cancelado,cartão crédito,11.41,10,,app,2273.6499999999996,227.36,2057.7
2089,284,2025-10-04,12:38:42,concluído,cartão crédito,3.95,15,2025-10-16,loja física,13880.08,2082.01,11802.02
2090,440,2025-06-25,08:17:44,concluído,cartão crédito,43.46,0,2025-06-28,loja física,2448.4,0.0,2491.86
2091,35,2024-08-18,13:34:41,concluído,cartão crédito,4.6,0,2024-08-27,app,1211.62,0.0,1216.22
2092,483,2026-02-18,22:59:10,concluído,cartão crédito,8.38,0,2026-02-26,app,491.90999999999997,0.0,500.29
2093,40,2024-06-15,12:19:57,enviado,cartão crédito,5.07,10,,app,4569.150000000001,456.92,4117.3
2094,237,2024-09-22,16:28:28,concluído,cartão débito,18.41,0,2024-10-05,app,3629.64,0.0,3648.05
2095,167,2026-01-20,02:59:17,concluído,pix,38.24,5,2026-01-21,site,342.84,17.14,363.94
2096,30,2026-04-11,00:18:05,concluído,cartão crédito,8.33,0,2026-04-26,app,19828.6,0.0,19836.93
2097,428,2025-01-30,08:05:05,concluído,cartão crédito,39.08,0,2025-02-09,loja física,2316.2799999999997,0.0,2355.36
2098,366,2025-08-02,21:09:11,concluído,cartão crédito,31.94,10,2025-08-04,site,3342.3199999999997,334.23,3040.03
2099,70,2026-04-08,17:47:52,cancelado,cartão crédito,22.99,10,,loja física,762.92,76.29,709.62
2100,207,2026-02-13,06:05:42,concluído,pix,23.28,5,2026-02-25,marketplace,1331.46,66.57,1288.17
2101,296,2026-01-31,20:59:53,enviado,pix,37.39,10,,loja física,1468.6399999999999,146.86,1359.17
2102,256,2026-04-30,04:19:15,concluído,cartão crédito,1.82,0,2026-05-14,marketplace,161.06,0.0,162.88
2103,60,2024-08-10,14:43:17,processando,cartão débito,20.58,0,,marketplace,17393.7,0.0,17414.28
2104,102,2025-06-26,10:11:48,concluído,pix,10.76,10,2025-07-04,app,646.14,64.61,592.29
2105,405,2024-08-16,00:12:36,concluído,pix,6.98,10,2024-08-26,loja física,87.54,8.75,85.77
2106,462,2025-05-23,04:01:51,concluído,cartão crédito,21.91,0,2025-05-24,loja física,181.06,0.0,202.97
2107,191,2025-02-02,13:56:18,enviado,pix,23.12,0,,site,864.0,0.0,887.12
2108,460,2024-10-13,17:33:50,concluído,cartão débito,5.05,0,2024-10-16,marketplace,1115.17,0.0,1120.22
2109,455,2026-05-30,09:51:48,concluído,pix,21.63,5,2026-06-06,marketplace,16173.65,808.68,15386.6
2110,283,2025-01-19,12:20:02,processando,cartão débito,46.61,15,,loja física,1246.74,187.01,1106.34
2111,100,2024-10-07,07:51:48,concluído,cartão crédito,25.29,0,2024-10-13,site,6513.34,0.0,6538.63
2112,288,2024-07-26,20:25:36,concluído,cartão crédito,1.23,0,2024-08-07,marketplace,603.6700000000001,0.0,604.9
2113,172,2025-01-07,11:33:48,concluído,pix,22.97,5,2025-01-14,marketplace,534.3199999999999,26.72,530.57
2114,265,2025-08-25,16:45:13,concluído,cartão débito,44.09,10,2025-09-07,loja física,159.24,15.92,187.41
2115,19,2025-03-13,02:43:40,enviado,pix,27.34,10,,site,1906.85,190.68,1743.51
2116,79,2025-03-05,09:03:50,cancelado,boleto,18.86,5,,loja física,293.31,14.67,297.5
2117,326,2024-08-12,05:09:06,enviado,cartão crédito,7.1,15,,site,3270.42,490.56,2786.96
2118,142,2024-07-29,03:49:49,enviado,cartão crédito,2.09,0,,app,991.6199999999999,0.0,993.71
2119,100,2024-10-21,02:04:18,concluído,cartão crédito,41.21,0,2024-10-31,marketplace,408.52,0.0,449.73
2120,108,2025-12-07,21:22:04,cancelado,cartão crédito,3.3,15,,marketplace,80.53,12.08,71.75
2121,403,2026-01-24,11:48:43,enviado,cartão crédito,23.37,20,,loja física,269.1,53.82,238.65
2122,236,2025-05-27,18:38:08,concluído,pix,17.1,10,2025-06-07,marketplace,381.37,38.14,360.33
2123,490,2024-12-21,06:13:28,processando,boleto,28.79,5,,marketplace,3922.14,196.11,3754.82
2124,168,2025-06-06,12:01:17,enviado,cartão débito,33.32,10,,marketplace,3766.86,376.69,3423.49
2125,399,2024-12-19,18:28:27,processando,pix,11.29,0,,loja física,241.59,0.0,252.88
2126,154,2026-01-17,15:52:38,concluído,cartão débito,36.14,0,2026-01-26,marketplace,1576.2799999999997,0.0,1612.42
2127,132,2026-04-15,19:53:06,processando,cartão crédito,7.38,0,,app,1609.32,0.0,1616.7
2128,128,2025-05-13,06:07:16,processando,cartão débito,7.65,0,,marketplace,66.81,0.0,74.46
2129,215,2025-10-22,00:07:15,concluído,cartão débito,14.92,0,2025-10-29,loja física,5299.62,0.0,5314.54
2130,340,2026-05-22,17:24:12,cancelado,cartão crédito,15.67,15,,loja física,734.06,110.11,639.62
2131,79,2024-09-20,23:55:27,concluído,cartão crédito,48.82,0,2024-09-27,marketplace,807.3,0.0,856.12
2132,250,2026-06-03,21:29:21,concluído,pix,24.54,20,2026-06-07,app,541.17,108.23,457.48
2133,121,2024-09-08,04:41:45,concluído,cartão crédito,30.47,0,2024-09-22,app,453.12,0.0,483.59
2134,193,2025-08-19,15:45:28,concluído,pix,5.02,0,2025-08-29,site,2423.24,0.0,2428.26
2135,253,2025-06-18,03:36:19,concluído,pix,46.63,10,2025-06-25,app,946.72,94.67,898.68
2136,2,2024-07-04,15:51:30,cancelado,cartão débito,1.63,0,,marketplace,3233.68,0.0,3235.31
2137,471,2025-03-13,05:24:33,enviado,pix,17.83,5,,site,80.53,4.03,94.33
2138,170,2026-04-02,02:46:45,concluído,cartão crédito,49.72,0,2026-04-07,site,598.2,0.0,647.92
2139,421,2025-01-12,12:52:35,enviado,boleto,39.4,15,,loja física,807.17,121.08,725.49
2140,150,2025-04-11,07:50:48,concluído,cartão débito,26.25,10,2025-04-21,marketplace,827.5799999999999,82.76,771.07
2141,311,2025-04-17,14:43:48,concluído,pix,7.85,10,2025-04-25,site,14658.66,1465.87,13200.64
2142,353,2026-03-31,13:27:13,concluído,cartão crédito,19.63,0,2026-04-04,app,1751.54,0.0,1771.17
2143,415,2025-09-28,05:32:08,enviado,cartão débito,47.49,0,,loja física,851.08,0.0,898.57
2144,121,2026-05-17,06:31:44,concluído,pix,42.27,5,2026-06-01,app,3389.19,169.46,3262.0
2145,361,2025-11-14,12:49:04,concluído,cartão crédito,3.96,5,2025-11-17,site,66.68,3.33,67.31
2146,65,2024-09-12,02:14:18,concluído,cartão crédito,3.66,10,2024-09-20,marketplace,2919.83,291.98,2631.51
2147,247,2025-05-12,07:25:17,concluído,cartão crédito,6.12,5,2025-05-24,marketplace,2517.52,125.88,2397.76
2148,108,2025-03-15,18:10:58,cancelado,pix,32.74,0,,loja física,5237.08,0.0,5269.82
2149,26,2025-07-06,23:06:13,concluído,cartão crédito,42.57,0,2025-07-08,app,543.18,0.0,585.75
2150,238,2026-03-22,02:40:33,processando,pix,19.83,10,,marketplace,3539.7000000000003,353.97,3205.56
2151,168,2025-10-02,01:46:50,concluído,pix,35.3,5,2025-10-16,app,454.12,22.71,466.71
2152,85,2025-02-02,12:34:20,concluído,boleto,20.75,0,2025-02-15,marketplace,741.3199999999999,0.0,762.07
2153,72,2025-03-21,03:45:21,concluído,cartão crédito,30.14,20,2025-04-05,app,576.0,115.2,490.94
2154,214,2024-08-07,18:10:28,enviado,cartão crédito,0.46,0,,marketplace,368.6,0.0,369.06
2155,191,2025-11-15,18:56:40,processando,cartão crédito,5.22,10,,app,411.0,41.1,375.12
2156,349,2025-04-20,20:17:48,concluído,pix,36.75,5,2025-04-26,loja física,852.39,42.62,846.52
2157,303,2025-07-01,21:14:54,processando,cartão débito,30.55,0,,site,4007.63,0.0,4038.18
2158,303,2025-05-19,12:07:34,concluído,cartão débito,26.89,10,2025-05-31,site,416.01,41.6,401.3
2159,209,2024-12-25,01:15:23,concluído,cartão débito,48.16,0,2024-12-26,loja física,2651.99,0.0,2700.15
2160,469,2026-04-16,09:52:48,cancelado,pix,28.54,15,,app,4261.95,639.29,3651.2
2161,457,2026-04-14,22:58:49,concluído,pix,1.93,0,2026-04-19,marketplace,1032.44,0.0,1034.37
2162,272,2025-11-16,01:33:23,concluído,cartão crédito,11.07,10,2025-11-17,app,2939.07,293.91,2656.23
2163,25,2024-07-07,01:19:42,concluído,boleto,40.04,0,2024-07-14,loja física,2014.0,0.0,2054.04
2164,488,2025-09-28,22:52:34,concluído,pix,38.26,10,2025-10-12,site,25018.5,2501.85,22554.91
2165,110,2025-10-17,00:20:41,concluído,cartão débito,27.56,10,2025-10-27,app,1794.58,179.46,1642.68
2166,200,2024-07-18,05:26:55,cancelado,cartão débito,16.4,5,,app,848.25,42.41,822.24
2167,41,2025-12-31,11:49:57,concluído,cartão crédito,12.26,0,2026-01-07,site,394.74,0.0,407.0
2168,375,2026-02-07,23:28:32,concluído,cartão crédito,32.81,5,2026-02-19,loja física,328.9,16.44,345.27
2169,105,2024-12-11,01:30:49,concluído,pix,18.04,10,2024-12-18,marketplace,734.25,73.42,678.87
2170,355,2025-11-29,09:59:44,concluído,cartão débito,3.42,20,2025-12-08,site,2719.81,543.96,2179.27
2171,2,2026-03-03,18:43:43,processando,boleto,3.29,10,,marketplace,988.69,98.87,893.11
2172,59,2025-08-13,11:52:31,cancelado,pix,16.84,5,,loja física,6926.01,346.3,6596.55
2173,343,2024-06-10,01:51:55,concluído,cartão débito,39.2,0,2024-06-18,site,1027.25,0.0,1066.45
2174,413,2024-10-01,23:02:48,concluído,cartão crédito,47.15,10,2024-10-08,site,350.68,35.07,362.76
2175,84,2026-03-28,11:59:06,cancelado,cartão crédito,8.0,10,,app,117.4,11.74,113.66
2176,388,2024-08-24,16:41:42,concluído,cartão débito,1.49,15,2024-09-08,loja física,3246.6600000000003,487.0,2761.15
2177,398,2025-01-15,16:06:15,concluído,pix,10.6,0,2025-01-24,loja física,597.7,0.0,608.3
2178,383,2025-03-22,19:37:19,enviado,pix,48.71,10,,loja física,2859.88,285.99,2622.6
2179,199,2024-10-04,18:58:04,concluído,cartão crédito,18.41,15,2024-10-12,site,636.96,95.54,559.83
2180,293,2025-08-20,17:51:39,concluído,cartão crédito,49.28,15,2025-08-21,marketplace,361.32,54.2,356.4
2181,4,2025-04-10,00:55:28,concluído,boleto,43.01,0,2025-04-24,site,1440.0,0.0,1483.01
2182,393,2026-03-29,02:19:40,concluído,cartão crédito,6.77,0,2026-04-07,marketplace,1203.85,0.0,1210.62
2183,17,2024-07-30,14:13:09,concluído,pix,31.84,0,2024-08-12,loja física,1161.77,0.0,1193.61
2184,55,2024-11-24,03:46:31,concluído,cartão crédito,14.98,20,2024-12-08,app,701.36,140.27,576.07
2185,418,2025-04-01,10:47:57,enviado,cartão crédito,7.64,0,,loja física,15047.550000000001,0.0,15055.19
2186,500,2026-04-13,21:18:02,cancelado,cartão débito,3.75,0,,marketplace,1653.8899999999999,0.0,1657.64
2187,146,2025-05-28,23:17:42,concluído,cartão crédito,35.52,15,2025-05-29,site,1328.35,199.25,1164.62
2188,500,2025-11-05,15:40:07,concluído,cartão crédito,16.66,15,2025-11-07,app,291.98,43.8,264.84
2189,410,2024-08-15,12:49:21,concluído,cartão crédito,2.45,0,2024-08-25,site,7815.61,0.0,7818.06
2190,282,2025-03-01,22:28:23,processando,boleto,43.43,5,,marketplace,369.0,18.45,393.98
2191,386,2025-05-31,18:23:09,concluído,boleto,15.56,15,2025-06-07,site,2295.16,344.27,1966.45
2192,138,2025-06-02,19:03:37,enviado,pix,6.83,0,,site,746.79,0.0,753.62
2193,22,2025-10-15,22:34:36,concluído,cartão débito,18.02,5,2025-10-23,marketplace,490.11,24.51,483.62
2194,459,2025-07-24,13:04:43,concluído,pix,4.09,0,2025-08-02,site,571.68,0.0,575.77
2195,9,2026-05-04,01:22:20,enviado,cartão débito,36.36,0,,app,2413.98,0.0,2450.34
2196,3,2026-03-01,11:49:28,cancelado,pix,43.67,5,,app,339.3,16.96,366.01
2197,31,2025-05-30,23:17:09,concluído,cartão crédito,30.6,0,2025-06-03,marketplace,449.32,0.0,479.92
2198,499,2024-08-27,15:55:28,concluído,cartão débito,45.45,0,2024-09-03,app,45.27,0.0,90.72
2199,456,2024-08-09,13:38:46,enviado,cartão crédito,20.97,5,,loja física,295.2,14.76,301.41
2200,208,2024-10-21,22:20:13,concluído,cartão débito,37.26,5,2024-10-23,app,1420.92,71.05,1387.13
2201,298,2025-12-24,07:07:51,processando,cartão crédito,33.48,0,,site,283.95,0.0,317.43
2202,382,2024-08-27,01:33:26,concluído,cartão crédito,3.6,0,2024-08-31,app,1376.48,0.0,1380.08
2203,295,2026-05-17,12:29:54,concluído,cartão crédito,10.49,0,2026-05-19,site,699.9,0.0,710.39
2204,106,2026-05-21,10:16:19,concluído,cartão crédito,7.33,5,2026-05-27,site,15201.84,760.09,14449.08
2205,167,2025-04-08,05:23:12,processando,boleto,18.9,5,,marketplace,2952.7000000000003,147.64,2823.96
2206,440,2026-01-21,14:23:39,concluído,cartão débito,10.32,0,2026-01-25,app,1070.1599999999999,0.0,1080.48
2207,224,2025-05-06,07:38:08,concluído,cartão crédito,0.15,0,2025-05-11,site,291.98,0.0,292.13
2208,427,2024-11-05,20:12:25,enviado,cartão crédito,22.89,0,,loja física,636.54,0.0,659.43
2209,73,2025-04-11,18:40:55,concluído,cartão crédito,8.84,10,2025-04-16,loja física,6052.85,605.28,5456.41
2210,272,2025-02-14,05:35:41,enviado,cartão crédito,22.68,0,,app,112.12,0.0,134.8
2211,443,2024-07-23,23:38:04,concluído,cartão crédito,23.79,0,2024-08-04,app,132.3,0.0,156.09
2212,464,2025-02-05,08:24:59,concluído,cartão crédito,38.97,5,2025-02-13,loja física,293.7,14.68,317.99
2213,261,2025-02-24,21:02:07,concluído,cartão débito,7.22,0,2025-03-05,marketplace,1857.09,0.0,1864.31
2214,51,2025-09-16,08:03:38,concluído,cartão crédito,32.85,10,2025-09-28,loja física,3659.91,365.99,3326.77
2215,491,2025-06-16,14:59:39,concluído,pix,12.04,0,2025-06-26,app,1292.63,0.0,1304.67
2216,343,2024-11-16,01:36:18,enviado,boleto,42.71,5,,app,73.8,3.69,112.82
2217,271,2025-12-01,09:26:53,enviado,cartão crédito,47.84,0,,loja física,1314.93,0.0,1362.77
2218,247,2025-12-31,16:20:51,concluído,cartão crédito,5.41,0,2026-01-01,loja física,8300.2,0.0,8305.61
2219,140,2025-06-08,19:10:20,concluído,cartão débito,31.38,5,2025-06-21,marketplace,963.9,48.2,947.08
2220,320,2024-08-31,16:59:50,concluído,cartão crédito,12.22,0,2024-09-08,marketplace,853.44,0.0,865.66
2221,124,2025-01-06,03:05:07,concluído,cartão débito,24.61,0,2025-01-19,site,963.08,0.0,987.69
2222,53,2025-05-22,23:45:29,enviado,cartão débito,6.84,0,,site,2960.88,0.0,2967.72
2223,274,2024-07-03,15:25:57,concluído,boleto,3.62,5,2024-07-10,loja física,1350.3400000000001,67.52,1286.44
2224,114,2025-08-01,06:50:54,enviado,pix,10.9,0,,marketplace,1759.23,0.0,1770.13
2225,210,2024-10-02,21:01:22,concluído,cartão crédito,13.99,5,2024-10-12,loja física,339.84,16.99,336.84
2226,48,2025-06-03,22:37:41,processando,cartão crédito,11.81,0,,marketplace,904.44,0.0,916.25
2227,275,2024-09-24,22:22:18,enviado,pix,46.82,0,,loja física,1699.21,0.0,1746.03
2228,278,2025-10-14,04:17:47,enviado,cartão crédito,37.79,10,,loja física,309.44,30.94,316.29
2229,111,2024-11-16,17:10:11,processando,pix,44.28,0,,app,9947.7,0.0,9991.98
2230,143,2025-02-07,14:30:33,cancelado,cartão crédito,34.75,15,,loja física,2401.8599999999997,360.28,2076.33
2231,14,2025-08-19,05:56:10,concluído,pix,48.94,5,2025-08-22,marketplace,1405.1799999999998,70.26,1383.86
2232,81,2024-06-28,05:42:20,concluído,cartão crédito,2.26,0,2024-07-12,app,750.65,0.0,752.91
2233,236,2025-09-13,18:41:35,concluído,cartão crédito,22.43,5,2025-09-18,site,328.9,16.44,334.89
2234,371,2026-01-26,06:02:06,concluído,cartão crédito,31.29,15,2026-02-10,marketplace,1818.54,272.78,1577.05
2235,222,2025-03-26,06:49:15,processando,cartão crédito,3.16,15,,loja física,293.7,44.06,252.8
2236,192,2024-07-22,09:01:23,concluído,cartão crédito,8.74,10,2024-07-25,loja física,4918.13,491.81,4435.06
2237,81,2026-06-01,06:40:17,concluído,cartão crédito,7.67,0,2026-06-14,app,2939.07,0.0,2946.74
2238,86,2026-02-21,21:57:23,enviado,cartão crédito,25.96,5,,marketplace,19.62,0.98,44.6
2239,81,2025-03-11,16:30:41,processando,pix,29.65,5,,app,1120.13,56.01,1093.77
2240,218,2026-02-07,04:14:49,cancelado,cartão crédito,41.75,0,,marketplace,3963.69,0.0,4005.44
2241,475,2025-05-03,23:37:28,concluído,pix,38.51,0,2025-05-07,loja física,20070.19,0.0,20108.7
2242,275,2025-06-06,14:47:36,concluído,cartão débito,4.54,5,2025-06-19,app,14255.1,712.76,13546.88
2243,118,2024-11-16,16:15:02,processando,pix,26.62,15,,loja física,440.55,66.08,401.09
2244,298,2024-07-15,21:52:33,concluído,pix,40.75,0,2024-07-26,app,653.15,0.0,693.9
2245,410,2024-11-15,04:18:40,concluído,cartão crédito,45.31,5,2024-11-19,site,2568.7799999999997,128.44,2485.65
2246,43,2026-04-09,02:52:29,concluído,cartão crédito,26.82,0,2026-04-18,marketplace,4385.17,0.0,4411.99
2247,92,2024-06-21,17:28:53,concluído,cartão crédito,24.48,10,2024-07-05,app,870.4,87.04,807.84
2248,113,2026-01-14,03:25:57,processando,pix,4.46,0,,loja física,676.95,0.0,681.41
2249,325,2025-11-16,22:21:26,concluído,cartão débito,36.81,0,2025-11-28,app,3434.2200000000003,0.0,3471.03
2250,434,2025-04-28,09:36:17,enviado,cartão crédito,1.65,0,,site,43.77,0.0,45.42
2251,354,2024-12-30,12:07:53,enviado,cartão crédito,40.4,0,,marketplace,737.2,0.0,777.6
2252,414,2024-12-16,16:44:50,concluído,cartão débito,4.05,5,2024-12-28,loja física,402.65,20.13,386.57
2253,51,2025-10-10,15:52:05,cancelado,cartão crédito,44.63,5,,site,3684.16,184.21,3544.58
2254,384,2024-10-18,16:38:41,enviado,boleto,1.29,0,,marketplace,1145.68,0.0,1146.97
2255,59,2024-08-07,20:03:09,concluído,pix,25.15,0,2024-08-18,marketplace,1160.24,0.0,1185.39
2256,280,2024-09-21,23:59:02,concluído,pix,29.96,5,2024-09-23,loja física,3005.75,150.29,2885.42
2257,467,2024-07-27,16:52:49,concluído,pix,7.51,10,2024-08-05,marketplace,261.26,26.13,242.64
2258,22,2025-01-02,15:45:47,concluído,cartão crédito,23.4,5,2025-01-15,loja física,1847.7399999999998,92.39,1778.75
2259,26,2025-04-14,12:49:18,concluído,cartão crédito,13.04,0,2025-04-24,marketplace,6787.47,0.0,6800.51
2260,46,2024-08-06,08:57:58,enviado,cartão crédito,25.74,5,,loja física,20819.280000000002,1040.96,19804.06
2261,121,2025-01-21,15:11:56,concluído,cartão crédito,39.81,5,2025-01-23,marketplace,339.3,16.96,362.15
2262,188,2026-04-13,14:09:40,concluído,cartão crédito,8.49,5,2026-04-14,site,1677.39,83.87,1602.01
2263,321,2025-12-09,02:17:35,concluído,cartão débito,20.3,0,2025-12-10,loja física,333.52,0.0,353.82
2264,403,2025-05-20,12:53:38,enviado,boleto,38.54,10,,app,400.42,40.04,398.92
2265,138,2026-04-11,15:48:16,concluído,pix,46.31,15,2026-04-12,marketplace,49.05,7.36,88.0
2266,64,2025-04-25,21:58:50,processando,pix,45.67,10,,marketplace,920.98,92.1,874.55
2267,133,2025-07-16,12:22:04,enviado,boleto,32.12,5,,loja física,636.21,31.81,636.52
2268,128,2024-11-17,05:00:09,concluído,cartão débito,18.87,10,2024-12-02,site,56.91,5.69,70.09
2269,80,2025-11-06,00:52:27,concluído,pix,7.06,0,2025-11-10,marketplace,1001.05,0.0,1008.11
2270,268,2026-04-28,13:53:33,enviado,cartão débito,33.41,10,,loja física,598.2,59.82,571.79
2271,125,2024-12-22,10:14:41,concluído,pix,37.75,0,2024-12-23,loja física,56.79,0.0,94.54
2272,492,2024-10-24,21:15:57,concluído,pix,4.1,15,2024-10-29,loja física,14255.1,2138.26,12120.94
2273,200,2026-03-11,00:21:19,concluído,cartão crédito,47.21,0,2026-03-22,marketplace,875.77,0.0,922.98
2274,22,2024-07-15,15:37:36,processando,cartão crédito,39.35,10,,marketplace,4638.45,463.84,4213.96
2275,96,2024-08-14,17:01:40,concluído,cartão crédito,47.86,15,2024-08-25,site,440.55,66.08,422.33
2276,241,2026-04-30,00:59:52,enviado,cartão crédito,20.52,0,,marketplace,1300.75,0.0,1321.27
2277,272,2026-05-05,05:37:05,concluído,cartão débito,45.81,10,2026-05-19,site,5179.900000000001,517.99,4707.72
2278,358,2025-05-02,18:15:22,concluído,cartão débito,8.9,20,2025-05-11,marketplace,2582.52,516.5,2074.92
2279,69,2025-02-24,13:29:49,enviado,cartão débito,41.5,0,,marketplace,1701.0,0.0,1742.5
2280,328,2026-01-09,22:01:02,concluído,cartão crédito,42.56,0,2026-01-20,app,3638.99,0.0,3681.55
2281,422,2025-01-20,12:30:29,concluído,cartão crédito,41.34,0,2025-02-02,marketplace,5562.12,0.0,5603.46
2282,63,2024-10-09,16:55:14,processando,cartão crédito,11.07,0,,site,600.63,0.0,611.7
2283,308,2024-11-05,04:04:09,concluído,cartão débito,23.28,15,2024-11-17,site,12636.64,1895.5,10764.42
2284,500,2025-03-02,04:46:45,concluído,cartão crédito,29.61,5,2025-03-12,app,522.74,26.14,526.21
2285,208,2025-04-25,10:24:30,concluído,cartão débito,49.87,0,2025-04-28,loja física,1945.06,0.0,1994.93
2286,371,2025-06-12,23:56:36,processando,cartão crédito,4.18,10,,loja física,1076.3600000000001,107.64,972.9
2287,168,2025-06-08,05:44:58,enviado,boleto,4.76,20,,loja física,5195.89,1039.18,4161.47
2288,369,2025-07-24,20:21:31,enviado,pix,44.5,0,,app,154.02,0.0,198.52
2289,416,2025-11-20,22:31:44,concluído,cartão crédito,5.33,10,2025-11-21,site,373.38,37.34,341.37
2290,306,2026-02-02,17:57:32,concluído,cartão débito,0.65,5,2026-02-16,marketplace,926.83,46.34,881.14
2291,255,2024-10-06,17:15:39,concluído,cartão crédito,14.15,20,2024-10-18,site,180.39,36.08,158.46
2292,465,2025-11-27,01:02:33,cancelado,cartão crédito,0.15,5,,app,19960.899999999998,998.04,18963.01
2293,406,2025-05-09,04:02:30,concluído,cartão crédito,44.21,0,2025-05-19,site,16516.489999999998,0.0,16560.7
2294,446,2025-03-06,09:44:35,processando,cartão débito,38.52,0,,marketplace,3589.55,0.0,3628.07
2295,272,2026-05-13,17:51:15,concluído,cartão débito,41.82,5,2026-05-20,loja física,3433.05,171.65,3303.22
2296,371,2025-11-24,02:25:01,concluído,cartão crédito,10.76,5,2025-12-08,app,3409.56,170.48,3249.84
2297,141,2025-08-20,21:16:30,concluído,cartão crédito,20.87,0,2025-08-28,site,20447.48,0.0,20468.35
2298,439,2025-04-02,03:51:19,enviado,pix,6.49,5,,site,226.56,11.33,221.72
2299,323,2026-03-05,03:55:21,processando,cartão crédito,39.52,0,,loja física,14658.66,0.0,14698.18
2300,381,2024-06-11,14:56:05,concluído,cartão crédito,34.61,0,2024-06-24,app,1060.7,0.0,1095.31
2301,10,2025-08-13,13:53:21,concluído,boleto,47.1,15,2025-08-27,site,56.06,8.41,94.75
2302,185,2026-02-02,03:19:30,concluído,cartão crédito,44.14,0,2026-02-06,site,636.96,0.0,681.1
2303,234,2026-04-29,03:03:05,concluído,cartão crédito,46.92,0,2026-05-10,app,979.5,0.0,1026.42
2304,131,2025-09-10,17:04:57,enviado,pix,17.75,10,,app,310.75,31.08,297.42
2305,249,2024-11-05,03:13:27,concluído,cartão débito,24.21,10,2024-11-07,app,181.06,18.11,187.16
2306,269,2024-08-03,08:15:27,enviado,pix,14.49,20,,site,1690.5900000000001,338.12,1366.96
2307,284,2025-12-17,06:20:38,concluído,cartão crédito,26.34,0,2026-01-01,app,339.3,0.0,365.64
2308,245,2025-11-04,17:31:16,concluído,pix,45.54,10,2025-11-08,app,5814.16,581.42,5278.28
2309,120,2025-08-27,05:37:16,concluído,cartão débito,30.66,0,2025-08-31,site,2984.74,0.0,3015.4
2310,232,2025-09-25,18:25:18,enviado,pix,0.9,10,,marketplace,1259.43,125.94,1134.39
2311,298,2024-09-24,05:39:31,cancelado,pix,40.08,0,,app,66.81,0.0,106.89
2312,366,2025-02-10,08:36:38,cancelado,boleto,49.5,5,,app,4262.94,213.15,4099.29
2313,362,2025-11-01,16:49:42,concluído,cartão débito,47.04,0,2025-11-11,loja física,9041.84,0.0,9088.88
2314,337,2026-03-05,13:01:18,processando,cartão crédito,27.58,5,,loja física,1535.68,76.78,1486.48
2315,152,2026-06-03,05:26:59,concluído,cartão crédito,39.1,5,2026-06-12,app,865.24,43.26,861.08
2316,53,2025-12-26,07:11:49,concluído,cartão crédito,38.54,15,2026-01-05,app,3029.05,454.36,2613.23
2317,456,2026-01-01,21:16:16,cancelado,cartão crédito,9.23,10,,app,1217.29,121.73,1104.79
2318,398,2026-03-06,21:17:31,concluído,boleto,20.17,5,2026-03-09,site,1843.0,92.15,1771.02
2319,12,2025-12-28,03:14:27,concluído,boleto,23.6,0,2026-01-09,site,598.2,0.0,621.8
2320,498,2025-12-25,08:16:07,concluído,pix,32.03,0,2026-01-01,app,236.68,0.0,268.71
2321,117,2025-02-04,18:04:14,concluído,cartão débito,11.0,5,2025-02-16,marketplace,113.53,5.68,118.85
2322,461,2024-06-14,22:15:31,enviado,boleto,6.91,15,,site,918.0799999999999,137.71,787.28
2323,146,2024-09-28,19:26:18,processando,pix,44.77,20,,site,693.35,138.67,599.45
2324,462,2026-05-01,05:47:24,cancelado,pix,30.44,0,,app,3700.29,0.0,3730.73
2325,184,2025-05-26,03:49:21,concluído,cartão débito,7.32,5,2025-06-08,site,626.72,31.34,602.7
2326,196,2026-05-30,05:27:12,enviado,cartão débito,17.2,5,,app,1929.0800000000002,96.45,1849.83
2327,415,2024-09-26,11:08:50,concluído,cartão crédito,33.53,5,2024-10-04,app,4561.5599999999995,228.08,4367.01
2328,414,2025-06-26,20:08:24,enviado,cartão débito,28.52,20,,site,16173.65,3234.73,12967.44
2329,398,2026-04-06,05:32:34,concluído,cartão crédito,27.02,0,2026-04-10,marketplace,1592.2799999999997,0.0,1619.3
2330,140,2025-02-04,16:04:03,processando,cartão débito,2.02,0,,app,344.12,0.0,346.14
2331,1,2024-08-31,03:35:01,concluído,cartão crédito,42.53,0,2024-09-04,loja física,2092.64,0.0,2135.17
2332,200,2026-02-09,02:03:41,processando,cartão crédito,2.75,10,,loja física,3092.61,309.26,2786.1
2333,42,2025-11-09,09:02:57,concluído,pix,40.63,0,2025-11-11,site,264.24,0.0,304.87
2334,193,2025-04-15,13:23:38,concluído,cartão débito,30.54,0,2025-04-17,marketplace,293.7,0.0,324.24
2335,38,2024-12-25,00:47:43,enviado,pix,16.04,0,,app,1195.54,0.0,1211.58
2336,268,2025-07-13,08:11:41,processando,cartão crédito,29.06,0,,loja física,133.36,0.0,162.42
2337,26,2025-12-16,22:11:08,enviado,pix,11.0,0,,site,19233.85,0.0,19244.85
2338,226,2024-06-06,18:20:24,processando,cartão crédito,14.05,0,,loja física,319.29,0.0,333.34
2339,372,2025-05-19,20:49:33,processando,cartão crédito,43.06,5,,app,310.75,15.54,338.27
2340,409,2026-03-12,12:55:28,concluído,cartão crédito,43.54,10,2026-03-21,loja física,113.53,11.35,145.72
2341,473,2026-03-31,18:24:52,cancelado,cartão crédito,8.03,5,,site,398.0,19.9,386.13
2342,135,2024-09-09,13:20:11,enviado,cartão crédito,46.74,5,,marketplace,9617.58,480.88,9183.44
2343,102,2025-10-09,13:52:39,concluído,cartão crédito,11.58,15,2025-10-13,marketplace,2298.3500000000004,344.75,1965.18
2344,88,2025-05-18,21:53:28,concluído,cartão crédito,45.7,0,2025-06-02,loja física,24652.5,0.0,24698.2
2345,238,2025-10-13,04:03:46,concluído,cartão crédito,42.39,15,2025-10-15,app,3965.1799999999994,594.78,3412.79
2346,41,2025-08-27,03:31:37,enviado,cartão débito,0.02,0,,loja física,197.34,0.0,197.36
2347,343,2024-08-18,14:19:27,concluído,cartão crédito,23.34,5,2024-08-27,marketplace,106.43,5.32,124.45
2348,112,2024-07-02,05:56:45,concluído,cartão crédito,44.48,5,2024-07-06,marketplace,629.92,31.5,642.9
2349,372,2024-11-20,17:13:18,concluído,boleto,43.14,0,2024-11-21,app,2781.68,0.0,2824.82
2350,151,2026-01-04,02:47:38,processando,cartão débito,48.56,0,,marketplace,113.28,0.0,161.84
2351,122,2024-10-27,15:58:37,concluído,cartão débito,34.03,10,2024-10-28,loja física,1259.43,125.94,1167.52
2352,475,2025-04-26,06:26:54,concluído,cartão crédito,23.11,10,2025-04-28,app,1401.47,140.15,1284.43
2353,39,2025-11-26,20:29:38,processando,cartão crédito,8.06,0,,loja física,6790.150000000001,0.0,6798.21
2354,302,2025-08-02,01:34:59,processando,cartão débito,9.1,5,,marketplace,3294.7200000000003,164.74,3139.08
2355,88,2026-01-26,09:22:10,concluído,cartão débito,16.97,10,2026-02-02,loja física,6642.280000000001,664.23,5995.02
2356,444,2024-10-10,22:08:44,concluído,pix,43.65,5,2024-10-17,site,861.32,43.07,861.9
2357,91,2025-09-13,16:11:39,processando,cartão débito,49.7,0,,marketplace,3105.8,0.0,3155.5
2358,231,2025-03-24,03:57:45,concluído,boleto,1.14,10,2025-04-06,loja física,897.5699999999999,89.76,808.95
2359,61,2024-11-18,18:53:20,concluído,cartão débito,34.94,0,2024-12-03,loja física,3740.01,0.0,3774.95
2360,266,2025-03-01,06:34:59,concluído,pix,7.31,10,2025-03-08,marketplace,15293.550000000001,1529.36,13771.5
2361,193,2024-11-13,20:03:54,enviado,cartão débito,4.21,10,,app,846.96,84.7,766.47
2362,168,2024-10-30,09:15:36,concluído,pix,4.3,0,2024-11-05,marketplace,416.70000000000005,0.0,421.0
2363,277,2025-11-13,18:59:12,concluído,boleto,46.76,5,2025-11-19,loja física,653.37,32.67,667.46
2364,38,2025-08-25,22:48:30,concluído,cartão débito,38.43,0,2025-09-06,app,3341.3,0.0,3379.73
2365,497,2024-06-15,01:41:35,concluído,cartão débito,29.65,0,2024-06-22,marketplace,1373.6999999999998,0.0,1403.35
2366,312,2025-03-18,11:52:40,concluído,cartão débito,39.09,15,2025-03-28,app,4261.95,639.29,3661.75
2367,20,2026-02-25,23:44:40,concluído,pix,39.84,20,2026-03-12,app,654.3100000000001,130.86,563.29
2368,278,2025-03-13,11:25:05,enviado,cartão crédito,35.89,10,,marketplace,2221.67,222.17,2035.39
2369,332,2024-06-16,11:37:30,concluído,cartão crédito,44.04,0,2024-06-21,site,1237.76,0.0,1281.8
2370,146,2025-01-24,10:27:03,enviado,cartão crédito,31.24,5,,site,7639.5,381.98,7288.76
2371,226,2026-05-01,08:39:25,enviado,cartão crédito,46.09,0,,loja física,1532.5300000000002,0.0,1578.62
2372,101,2025-01-28,08:02:53,concluído,cartão débito,48.51,0,2025-02-05,loja física,291.98,0.0,340.49
2373,40,2025-06-28,21:20:40,concluído,boleto,3.17,5,2025-07-11,loja física,826.8,41.34,788.63
2374,253,2026-03-02,02:01:29,concluído,cartão crédito,7.48,5,2026-03-11,loja física,1126.23,56.31,1077.4
2375,433,2026-04-08,21:58:56,concluído,cartão crédito,41.62,0,2026-04-20,app,2288.76,0.0,2330.38
2376,20,2024-09-08,19:13:11,concluído,pix,26.55,5,2024-09-20,site,876.7,43.84,859.41
2377,350,2025-11-29,02:00:52,concluído,cartão débito,11.85,0,2025-12-02,marketplace,1547.2,0.0,1559.05
2378,340,2025-06-26,14:16:04,processando,pix,17.98,20,,loja física,5485.2,1097.04,4406.14
2379,170,2025-10-20,22:23:18,enviado,pix,28.4,0,,site,288.0,0.0,316.4
2380,278,2025-05-24,02:12:26,concluído,cartão crédito,37.25,15,2025-06-08,marketplace,1829.08,274.36,1591.97
2381,269,2025-04-21,12:19:08,concluído,cartão crédito,29.62,0,2025-05-06,marketplace,449.32,0.0,478.94
2382,314,2025-04-18,15:57:45,processando,cartão crédito,31.85,5,,app,3793.48,189.67,3635.66
2383,379,2025-03-04,02:30:05,enviado,cartão débito,13.44,0,,app,2505.62,0.0,2519.06
2384,100,2025-03-04,11:29:27,processando,cartão débito,44.99,5,,site,20290.460000000003,1014.52,19320.93
2385,134,2026-03-09,04:18:05,concluído,cartão crédito,33.96,0,2026-03-12,marketplace,135.81,0.0,169.77
2386,478,2025-07-30,06:06:58,enviado,cartão débito,45.61,0,,app,286.76,0.0,332.37
2387,88,2025-04-30,16:12:08,cancelado,cartão crédito,29.4,15,,app,771.6,115.74,685.26
2388,401,2025-07-15,06:23:25,concluído,pix,5.1,15,2025-07-25,site,600.16,90.02,515.24
2389,190,2026-01-19,03:56:39,concluído,cartão crédito,47.49,0,2026-01-26,marketplace,391.89,0.0,439.38
2390,487,2025-02-19,18:03:35,cancelado,pix,16.19,5,,loja física,6142.25,307.11,5851.33
2391,148,2024-08-30,23:21:15,enviado,pix,11.19,0,,site,3943.44,0.0,3954.63
2392,458,2026-05-24,10:11:32,processando,cartão débito,28.79,15,,site,2236.52,335.48,1929.83
2393,307,2024-10-18,11:12:17,processando,cartão débito,2.34,5,,marketplace,4689.09,234.45,4456.98
2394,407,2025-05-26,06:53:21,concluído,cartão crédito,41.84,0,2025-05-31,marketplace,3275.17,0.0,3317.01
2395,233,2025-05-02,15:26:50,concluído,cartão crédito,41.3,0,2025-05-07,app,2195.7400000000002,0.0,2237.04
2396,188,2025-03-20,17:17:12,enviado,cartão débito,10.7,0,,site,279.96,0.0,290.66
2397,230,2024-10-19,07:21:46,concluído,pix,2.29,20,2024-10-26,marketplace,1237.76,247.55,992.5
2398,77,2025-08-07,05:52:17,cancelado,pix,32.1,0,,site,3156.64,0.0,3188.74
2399,91,2025-09-08,23:23:06,concluído,cartão débito,30.72,15,2025-09-14,site,2320.48,348.07,2003.13
2400,269,2024-10-08,05:56:48,enviado,cartão débito,3.0,10,,app,15511.05,1551.1,13962.95
2401,4,2025-07-30,11:37:53,enviado,cartão crédito,6.48,10,,marketplace,261.26,26.13,241.61
2402,71,2025-05-08,11:07:07,concluído,boleto,27.81,15,2025-05-23,loja física,1152.0,172.8,1007.01
2403,443,2025-03-27,06:39:14,concluído,pix,25.27,10,2025-04-02,loja física,440.52,44.05,421.74
2404,153,2025-01-11,07:06:13,concluído,pix,6.9,10,2025-01-16,marketplace,1001.05,100.1,907.85
2405,458,2026-03-22,07:26:50,cancelado,pix,27.01,0,,loja física,239.08,0.0,266.09
2406,408,2025-10-29,05:44:15,cancelado,pix,39.3,10,,marketplace,288.0,28.8,298.5
2407,156,2025-11-20,17:18:45,concluído,boleto,45.43,20,2025-11-23,loja física,522.52,104.5,463.45
2408,14,2025-11-14,07:10:14,cancelado,cartão crédito,42.47,15,,site,1214.15,182.12,1074.5
2409,191,2025-05-09,17:16:16,concluído,cartão débito,29.26,15,2025-05-14,site,1148.78,172.32,1005.72
2410,68,2025-10-09,10:24:49,cancelado,cartão débito,41.21,20,,site,622.23,124.45,538.99
2411,445,2025-01-09,21:55:48,enviado,cartão crédito,10.4,0,,loja física,1524.9,0.0,1535.3
2412,325,2025-12-01,05:45:11,concluído,cartão débito,27.72,0,2025-12-05,site,9810.6,0.0,9838.32
2413,436,2025-09-28,18:27:14,concluído,cartão débito,30.78,0,2025-10-03,loja física,1471.23,0.0,1502.01
2414,354,2026-06-02,09:32:59,concluído,boleto,11.08,0,2026-06-16,loja física,554.22,0.0,565.3
2415,150,2026-05-23,11:34:31,enviado,cartão débito,7.47,0,,marketplace,823.0500000000001,0.0,830.52
2416,379,2026-05-08,12:40:36,processando,pix,45.87,0,,site,66.68,0.0,112.55
2417,417,2026-03-31,13:23:06,concluído,cartão crédito,27.11,10,2026-04-13,app,1198.6100000000001,119.86,1105.86
2418,65,2024-08-19,23:29:14,concluído,cartão crédito,7.15,10,2024-08-21,site,190.47,19.05,178.57
2419,320,2024-08-10,23:09:23,enviado,cartão crédito,18.82,0,,site,19.08,0.0,37.9
2420,135,2026-02-19,21:36:14,concluído,cartão débito,10.18,5,2026-02-26,marketplace,773.9000000000001,38.7,745.38
2421,393,2026-03-16,04:58:50,concluído,cartão débito,25.88,0,2026-03-19,loja física,37.94,0.0,63.82
2422,461,2024-08-23,12:59:41,concluído,cartão crédito,23.17,0,2024-08-26,marketplace,2656.61,0.0,2679.78
2423,248,2024-08-12,12:46:13,concluído,cartão crédito,7.72,5,2024-08-17,site,94.85,4.74,97.83
2424,47,2025-10-21,11:40:41,concluído,cartão débito,38.7,5,2025-10-31,loja física,1953.6000000000001,97.68,1894.62
2425,284,2024-06-16,16:00:36,concluído,cartão crédito,5.1,0,2024-06-27,app,1810.55,0.0,1815.65
2426,492,2025-09-25,13:43:26,enviado,cartão crédito,23.39,0,,app,10856.21,0.0,10879.6
2427,368,2026-05-29,04:47:50,concluído,pix,46.2,5,2026-06-11,app,1237.76,61.89,1222.07
2428,475,2025-04-19,08:36:24,cancelado,cartão crédito,9.07,0,,app,2096.06,0.0,2105.13
2429,452,2024-08-23,10:26:44,enviado,cartão crédito,5.03,0,,marketplace,1032.36,0.0,1037.39
2430,300,2025-06-24,11:27:23,enviado,cartão crédito,15.13,5,,app,844.28,42.21,817.2
2431,167,2026-01-07,09:45:41,concluído,pix,35.05,0,2026-01-10,app,2721.98,0.0,2757.03
2432,137,2026-01-08,19:00:01,concluído,cartão crédito,24.41,5,2026-01-13,loja física,2021.69,101.08,1945.02
2433,202,2025-10-01,10:45:06,concluído,cartão crédito,47.0,5,2025-10-14,marketplace,2913.16,145.66,2814.5
2434,296,2026-05-25,02:35:51,processando,pix,38.67,5,,site,587.36,29.37,596.66
2435,310,2025-08-01,00:22:15,concluído,pix,42.94,0,2025-08-09,app,847.7800000000001,0.0,890.72
2436,36,2024-08-20,08:22:45,concluído,cartão crédito,16.52,5,2024-08-28,loja física,11897.16,594.86,11318.82
2437,467,2025-10-08,23:33:46,enviado,cartão débito,5.61,0,,marketplace,10701.86,0.0,10707.47
2438,485,2025-05-14,20:29:04,concluído,boleto,12.13,0,2025-05-23,site,729.95,0.0,742.08
2439,204,2025-06-29,21:08:12,concluído,pix,36.23,0,2025-07-05,app,3209.71,0.0,3245.94
2440,23,2025-08-29,08:46:38,concluído,cartão crédito,27.66,5,2025-09-13,loja física,1409.9699999999998,70.5,1367.13
2441,443,2026-02-19,20:18:56,concluído,cartão débito,17.43,0,2026-02-28,marketplace,499.06,0.0,516.49
2442,183,2024-06-29,06:10:06,enviado,cartão crédito,31.81,0,,site,226.56,0.0,258.37
2443,473,2025-11-04,12:49:01,enviado,pix,49.78,10,,app,14150.54,1415.05,12785.27
2444,121,2025-01-15,02:00:31,concluído,boleto,32.21,10,2025-01-20,marketplace,927.66,92.77,867.1
2445,178,2026-03-27,10:44:05,concluído,pix,8.13,0,2026-03-29,site,2300.6,0.0,2308.73
2446,330,2025-04-26,15:06:43,concluído,cartão débito,38.88,10,2025-04-29,marketplace,2900.7,290.07,2649.51
2447,48,2024-11-15,11:21:43,enviado,cartão crédito,23.85,5,,app,113.58,5.68,131.75
2448,101,2024-11-24,00:34:14,concluído,boleto,28.77,20,2024-12-08,site,18.97,3.79,43.95
2449,256,2026-01-28,07:53:44,concluído,cartão crédito,48.27,0,2026-02-07,site,767.84,0.0,816.11
2450,375,2025-05-23,00:42:47,enviado,cartão crédito,10.34,0,,loja física,3840.25,0.0,3850.59
2451,339,2025-08-06,08:08:31,concluído,cartão crédito,5.75,10,2025-08-19,site,2423.24,242.32,2186.67
2452,207,2025-03-26,21:38:27,concluído,cartão crédito,45.57,0,2025-04-02,site,133.62,0.0,179.19
2453,176,2024-08-31,20:15:12,concluído,pix,46.18,10,2024-09-12,app,95.4,9.54,132.04
2454,383,2024-11-02,19:18:18,concluído,pix,1.85,5,2024-11-12,loja física,5550.28,277.51,5274.62
2455,275,2026-03-31,01:10:54,concluído,cartão crédito,8.92,5,2026-04-04,marketplace,308.25,15.41,301.76
2456,54,2025-06-03,15:17:46,enviado,cartão crédito,39.17,0,,site,990.31,0.0,1029.48
2457,286,2024-09-08,13:32:17,concluído,pix,31.2,0,2024-09-21,marketplace,339.84,0.0,371.04
2458,296,2025-03-03,05:42:38,processando,pix,49.0,0,,marketplace,459.52,0.0,508.52
2459,431,2026-02-10,10:23:35,concluído,pix,9.66,10,2026-02-11,marketplace,1704.78,170.48,1543.96
2460,430,2026-05-14,20:32:22,enviado,pix,40.44,10,,site,3750.9900000000002,375.1,3416.33
2461,110,2025-05-30,06:23:57,processando,pix,28.39,0,,loja física,6524.120000000001,0.0,6552.51
2462,398,2025-04-20,15:27:34,processando,cartão crédito,48.35,0,,marketplace,39.24,0.0,87.59
2463,184,2026-05-10,04:01:29,concluído,cartão débito,26.93,0,2026-05-25,app,175.63,0.0,202.56
2464,133,2026-03-03,03:29:51,concluído,boleto,44.32,10,2026-03-04,site,299.1,29.91,313.51
2465,477,2025-10-17,18:50:55,concluído,cartão crédito,6.14,5,2025-10-25,loja física,9974.19,498.71,9481.62
2466,143,2025-12-02,14:13:57,concluído,cartão crédito,29.89,0,2025-12-10,site,848.25,0.0,878.14
2467,303,2026-02-03,08:27:27,concluído,cartão crédito,11.39,0,2026-02-17,marketplace,587.7,0.0,599.09
2468,55,2025-12-31,13:53:32,concluído,cartão crédito,13.03,15,2026-01-15,site,15966.22,2394.93,13584.32
2469,444,2025-04-07,08:12:15,concluído,cartão crédito,12.46,0,2025-04-19,marketplace,2532.45,0.0,2544.91
2470,208,2024-06-09,19:34:04,processando,boleto,28.16,10,,loja física,1789.6699999999998,178.97,1638.86
2471,403,2026-06-03,17:31:29,concluído,cartão crédito,3.24,0,2026-06-18,marketplace,1090.49,0.0,1093.73
2472,432,2025-03-21,21:39:52,concluído,cartão crédito,12.28,0,2025-03-28,site,1546.1,0.0,1558.38
2473,129,2026-02-01,10:59:21,concluído,cartão débito,0.14,0,2026-02-14,site,3095.46,0.0,3095.6
2474,409,2024-11-24,20:16:43,enviado,pix,6.12,0,,loja física,150.13,0.0,156.25
2475,231,2025-07-03,03:25:02,concluído,cartão crédito,38.1,0,2025-07-05,app,9764.59,0.0,9802.69
2476,279,2025-01-10,04:34:03,concluído,cartão crédito,4.86,10,2025-01-11,marketplace,1381.6799999999998,138.17,1248.37
2477,304,2024-12-28,18:23:38,concluído,cartão crédito,35.92,20,2024-12-31,site,566.4,113.28,489.04
2478,261,2026-04-18,02:51:50,concluído,cartão crédito,22.6,0,2026-04-22,loja física,24431.1,0.0,24453.7
2479,171,2025-10-28,12:31:03,enviado,cartão crédito,2.39,15,,marketplace,18.97,2.85,18.51
2480,489,2024-12-26,08:25:05,cancelado,cartão crédito,14.98,10,,app,2941.17,294.12,2662.03
2481,13,2025-01-28,16:05:15,concluído,cartão crédito,21.71,0,2025-02-01,marketplace,2300.2200000000003,0.0,2321.93
2482,220,2026-03-17,04:16:33,concluído,cartão débito,24.76,0,2026-03-29,site,597.45,0.0,622.21
2483,412,2026-05-06,00:50:36,concluído,pix,10.0,0,2026-05-17,loja física,3174.65,0.0,3184.65
2484,430,2026-02-11,12:14:54,cancelado,cartão crédito,19.64,10,,site,19828.6,1982.86,17865.38
2485,269,2026-05-11,05:04:53,concluído,cartão crédito,6.9,15,2026-05-13,site,2115.66,317.35,1805.21
2486,207,2025-04-22,00:40:27,concluído,cartão crédito,5.0,20,2025-04-27,site,10812.3,2162.46,8654.84
2487,408,2025-11-08,21:02:05,enviado,cartão crédito,22.3,0,,loja física,1563.3,0.0,1585.6
2488,20,2024-12-08,12:41:57,concluído,cartão crédito,32.69,5,2024-12-13,site,354.78000000000003,17.74,369.73
2489,289,2024-06-07,03:18:01,processando,pix,42.81,5,,marketplace,2667.34,133.37,2576.78
2490,128,2026-05-04,02:30:16,concluído,pix,35.32,0,2026-05-10,app,507.63,0.0,542.95
2491,312,2026-05-10,23:53:13,concluído,cartão débito,40.31,0,2026-05-20,loja física,864.0,0.0,904.31
2492,203,2025-04-21,21:41:39,cancelado,pix,26.41,0,,app,3278.1800000000003,0.0,3304.59
2493,102,2024-06-29,06:53:49,enviado,cartão débito,21.91,0,,loja física,2688.6,0.0,2710.51
2494,384,2024-06-15,23:17:58,concluído,cartão crédito,20.5,0,2024-06-24,site,762.92,0.0,783.42
2495,147,2024-06-24,07:04:27,concluído,boleto,24.2,5,2024-07-02,app,2130.91,106.55,2048.56
2496,391,2024-10-01,00:55:18,concluído,cartão crédito,9.13,10,2024-10-04,marketplace,215.38,21.54,202.97
2497,59,2026-02-07,21:58:29,concluído,boleto,22.26,0,2026-02-22,marketplace,8851.94,0.0,8874.2
2498,435,2025-03-21,17:13:36,concluído,boleto,32.95,0,2025-03-28,loja física,353.71000000000004,0.0,386.66
2499,420,2026-03-18,22:52:47,concluído,boleto,42.13,0,2026-03-26,loja física,2138.46,0.0,2180.59
2500,339,2026-02-28,06:19:12,concluído,pix,1.37,10,2026-03-03,marketplace,308.04,30.8,278.61
2501,462,2025-07-11,23:58:26,concluído,boleto,47.09,10,2025-07-26,app,1083.42,108.34,1022.17
2502,385,2026-03-02,20:20:49,concluído,cartão débito,25.6,5,2026-03-14,loja física,1368.21,68.41,1325.4
2503,460,2025-12-31,15:36:51,processando,cartão crédito,48.7,20,,marketplace,3460.8199999999997,692.16,2817.36
2504,261,2025-09-12,21:35:45,cancelado,cartão crédito,40.94,0,,loja física,636.72,0.0,677.66
2505,156,2025-02-05,11:53:08,processando,cartão débito,8.02,0,,marketplace,1773.4,0.0,1781.42
2506,475,2025-02-19,04:19:38,concluído,cartão crédito,49.04,20,2025-03-03,marketplace,340.59,68.12,321.51
2507,277,2024-10-14,06:29:04,concluído,cartão crédito,40.51,0,2024-10-15,site,240.5,0.0,281.01
2508,243,2025-08-22,08:08:42,concluído,pix,41.36,0,2025-08-28,app,265.86,0.0,307.22
2509,154,2025-05-03,21:56:45,concluído,cartão débito,4.57,5,2025-05-05,site,5218.1,260.9,4961.77
2510,262,2024-12-08,17:51:24,cancelado,pix,33.65,5,,app,166.7,8.34,192.01
2511,287,2025-08-09,13:32:04,concluído,boleto,7.51,10,2025-08-16,loja física,2580.17,258.02,2329.66
2512,477,2025-04-03,21:19:18,concluído,pix,33.16,0,2025-04-14,site,580.12,0.0,613.28
2513,366,2024-10-31,13:14:53,concluído,cartão crédito,45.15,0,2024-11-04,loja física,285.84,0.0,330.99
2514,23,2025-09-25,13:51:52,concluído,cartão débito,27.54,0,2025-10-02,loja física,16173.65,0.0,16201.19
2515,414,2025-10-17,10:55:30,concluído,pix,27.85,0,2025-11-01,loja física,6334.72,0.0,6362.57
2516,477,2025-04-05,09:46:19,concluído,cartão débito,39.81,10,2025-04-18,loja física,22539.48,2253.95,20325.34
2517,24,2026-03-09,11:05:15,concluído,pix,46.22,10,2026-03-20,marketplace,839.6600000000001,83.97,801.91
2518,193,2024-07-13,23:20:14,processando,cartão crédito,12.41,0,,loja física,318.48,0.0,330.89
2519,262,2026-02-16,07:42:09,concluído,cartão crédito,3.23,0,2026-02-24,marketplace,8435.67,0.0,8438.9
2520,82,2026-05-28,18:25:32,concluído,boleto,17.74,10,2026-05-31,loja física,184.29999999999998,18.43,183.61
2521,65,2025-08-26,17:46:12,concluído,cartão crédito,48.29,20,2025-09-04,app,285.84,57.17,276.96
2522,273,2025-05-03,04:50:50,concluído,pix,11.37,0,2025-05-10,loja física,1151.76,0.0,1163.13
2523,203,2024-09-12,00:07:03,concluído,cartão débito,49.43,10,2024-09-17,loja física,4746.360000000001,474.64,4321.15
2524,35,2026-06-03,13:19:43,enviado,cartão crédito,31.1,0,,marketplace,795.62,0.0,826.72
2525,58,2025-10-11,02:47:44,concluído,cartão débito,37.76,10,2025-10-25,marketplace,180.39,18.04,200.11
2526,308,2025-04-03,03:35:58,enviado,cartão débito,8.15,10,,app,308.04,30.8,285.39
2527,56,2025-12-21,10:48:09,enviado,cartão crédito,23.71,0,,site,5760.05,0.0,5783.76
2528,23,2024-10-16,20:07:21,concluído,boleto,16.03,5,2024-10-20,loja física,15818.9,790.94,15043.99
2529,359,2025-04-13,00:28:52,concluído,cartão crédito,8.26,15,2025-04-27,marketplace,1997.3200000000002,299.6,1705.98
2530,254,2026-05-07,04:46:26,enviado,cartão crédito,6.22,0,,marketplace,526.02,0.0,532.24
2531,447,2025-02-06,00:04:36,enviado,cartão crédito,14.43,0,,loja física,100.02,0.0,114.45
2532,241,2025-07-10,16:32:30,concluído,pix,24.16,15,2025-07-12,site,804.66,120.7,708.12
2533,65,2024-10-04,23:24:06,enviado,pix,29.67,5,,site,876.7,43.84,862.53
2534,374,2025-05-09,15:33:16,concluído,cartão crédito,20.0,10,2025-05-24,app,17378.68,1737.87,15660.81
2535,227,2024-11-30,07:22:54,concluído,cartão crédito,25.8,20,2024-12-02,app,571.68,114.34,483.14
2536,319,2024-08-20,06:03:54,processando,cartão crédito,19.69,0,,marketplace,330.75,0.0,350.44
2537,340,2025-12-07,09:37:14,concluído,cartão débito,40.16,0,2025-12-17,loja física,224.66,0.0,264.82
2538,282,2026-02-16,04:43:34,enviado,cartão crédito,46.42,0,,marketplace,1653.6,0.0,1700.02
2539,444,2024-09-10,00:45:54,enviado,cartão crédito,16.98,0,,marketplace,1622.4,0.0,1639.38
2540,26,2025-06-30,13:49:50,processando,cartão crédito,30.62,10,,app,1487.9,148.79,1369.73
2541,400,2024-09-03,20:25:32,concluído,cartão débito,18.03,5,2024-09-14,loja física,6006.0,300.3,5723.73
2542,23,2025-10-07,08:42:45,processando,cartão crédito,3.51,0,,site,5097.650000000001,0.0,5101.16
2543,276,2025-08-26,00:37:21,concluído,pix,27.71,0,2025-09-05,loja física,295.2,0.0,322.91
2544,500,2026-02-03,01:51:39,concluído,pix,6.28,5,2026-02-10,marketplace,1716.79,85.84,1637.23
2545,29,2025-04-04,09:26:04,concluído,cartão crédito,0.38,0,2025-04-14,marketplace,5046.2,0.0,5046.58
2546,153,2026-03-20,17:01:47,processando,cartão débito,28.96,0,,marketplace,750.2,0.0,779.16
2547,193,2026-01-16,21:42:41,cancelado,pix,13.67,15,,loja física,7573.45,1136.02,6451.1
2548,26,2025-10-04,03:51:36,concluído,cartão crédito,21.75,0,2025-10-11,marketplace,722.64,0.0,744.39
2549,187,2026-05-16,21:40:44,concluído,cartão débito,22.11,5,2026-05-30,site,734.2,36.71,719.6
2550,488,2024-12-23,00:50:20,concluído,cartão crédito,15.91,0,2025-01-05,site,3412.4300000000003,0.0,3428.34
2551,439,2026-03-16,06:54:26,concluído,pix,12.88,0,2026-03-20,loja física,212.07,0.0,224.95
2552,438,2025-08-07,08:42:13,enviado,cartão débito,38.44,0,,marketplace,38.16,0.0,76.6
2553,324,2024-10-05,10:45:50,concluído,cartão crédito,30.35,0,2024-10-12,site,3722.6800000000003,0.0,3753.03
2554,346,2025-02-09,07:51:21,concluído,cartão crédito,42.69,0,2025-02-24,app,1903.6999999999998,0.0,1946.39
2555,409,2024-11-09,04:12:28,concluído,cartão débito,48.12,0,2024-11-22,loja física,100.02,0.0,148.14
2556,392,2024-08-15,08:11:11,concluído,cartão crédito,3.36,0,2024-08-18,site,1036.61,0.0,1039.97
2557,52,2024-08-15,08:23:28,concluído,cartão crédito,45.44,15,2024-08-27,marketplace,1483.6899999999998,222.55,1306.58
2558,328,2024-06-23,19:45:59,concluído,cartão crédito,2.99,10,2024-07-02,site,3071.2,307.12,2767.07
2559,265,2025-05-09,15:55:02,concluído,boleto,24.01,0,2025-05-19,app,9290.26,0.0,9314.27
2560,89,2024-06-12,20:53:03,concluído,cartão débito,44.04,0,2024-06-14,site,2413.98,0.0,2458.02
2561,140,2025-10-05,09:14:03,cancelado,cartão crédito,49.61,0,,marketplace,1088.84,0.0,1138.45
2562,327,2026-01-23,00:14:21,processando,pix,3.8,10,,app,6681.54,668.15,6017.19
2563,129,2025-09-07,17:29:29,concluído,cartão crédito,37.91,0,2025-09-16,app,7833.16,0.0,7871.07
2564,302,2024-09-30,18:49:51,concluído,pix,43.23,5,2024-10-12,loja física,11916.24,595.81,11363.66
2565,326,2024-06-25,12:22:09,concluído,cartão crédito,49.07,15,2024-07-09,app,2351.86,352.78,2048.15
2566,344,2025-09-27,00:00:37,concluído,cartão débito,37.48,5,2025-09-29,marketplace,2666.4,133.32,2570.56
2567,487,2025-12-05,11:58:08,concluído,cartão crédito,1.57,15,2025-12-18,marketplace,14877.51,2231.63,12647.45
2568,147,2025-07-31,04:35:15,concluído,pix,16.89,0,2025-08-06,app,2994.42,0.0,3011.31
2569,40,2026-05-19,22:55:16,processando,cartão crédito,47.13,0,,loja física,3105.79,0.0,3152.92
2570,315,2024-08-04,02:13:26,concluído,pix,36.48,0,2024-08-13,site,2297.6800000000003,0.0,2334.16
2571,397,2025-08-22,00:48:27,concluído,cartão crédito,10.29,5,2025-09-06,app,3736.6000000000004,186.83,3560.06
2572,99,2025-03-27,22:20:28,concluído,pix,27.7,0,2025-03-28,app,3407.1099999999997,0.0,3434.81
2573,460,2024-06-23,13:14:07,processando,cartão débito,35.64,5,,site,2146.9900000000002,107.35,2075.28
2574,35,2026-01-01,12:00:41,processando,cartão débito,19.31,0,,site,3766.86,0.0,3786.17
2575,326,2025-12-26,03:42:11,concluído,cartão crédito,19.29,20,2026-01-07,app,833.15,166.63,685.81
2576,258,2024-09-13,07:23:21,concluído,pix,13.31,15,2024-09-22,marketplace,1808.38,271.26,1550.43
2577,452,2025-05-22,07:29:44,processando,cartão crédito,1.78,15,,site,799.08,119.86,681.0
2578,447,2025-10-09,17:02:54,concluído,cartão crédito,23.66,0,2025-10-21,site,649.12,0.0,672.78
2579,177,2025-10-07,09:50:40,processando,boleto,13.91,0,,marketplace,762.74,0.0,776.65
2580,28,2026-01-28,21:07:17,concluído,pix,10.49,5,2026-02-04,marketplace,901.95,45.1,867.34
2581,244,2025-03-09,01:39:50,enviado,cartão débito,10.85,10,,site,1203.85,120.38,1094.32
2582,334,2024-10-26,19:26:18,concluído,pix,39.94,5,2024-11-06,app,2086.04,104.3,2021.68
2583,64,2024-12-07,02:32:16,enviado,cartão crédito,22.78,5,,marketplace,3312.59,165.63,3169.74
2584,377,2025-10-23,17:42:11,processando,cartão crédito,31.04,5,,app,7400.179999999999,370.01,7061.21
2585,392,2026-05-02,08:02:22,processando,pix,3.04,20,,marketplace,790.23,158.05,635.22
2586,69,2024-11-23,03:36:54,concluído,pix,5.22,10,2024-12-05,app,1210.2600000000002,121.03,1094.45
2587,19,2025-01-20,12:50:05,concluído,pix,43.01,20,2025-01-24,loja física,43.77,8.75,78.03
2588,90,2024-11-01,11:01:51,enviado,cartão crédito,45.14,10,,app,1074.4,107.44,1012.1
2589,267,2025-07-24,18:41:54,concluído,cartão crédito,28.34,0,2025-07-27,site,39.24,0.0,67.58
2590,338,2026-03-18,17:02:53,cancelado,cartão débito,1.5,15,,app,710.04,106.51,605.03
2591,291,2024-12-11,09:40:18,cancelado,cartão crédito,8.6,15,,site,1503.9299999999998,225.59,1286.94
2592,286,2025-12-20,01:14:47,enviado,boleto,8.37,0,,site,2048.25,0.0,2056.62
2593,90,2026-01-30,18:35:29,concluído,pix,0.81,5,2026-02-03,loja física,1531.6399999999999,76.58,1455.87
2594,59,2026-02-20,19:11:02,concluído,cartão crédito,1.49,10,2026-02-27,loja física,2178.35,217.84,1962.0
2595,63,2026-02-04,10:47:54,enviado,cartão crédito,4.17,0,,marketplace,688.24,0.0,692.41
2596,148,2025-03-24,14:13:21,concluído,cartão crédito,36.15,15,2025-03-26,marketplace,9704.19,1455.63,8284.71
2597,333,2026-01-23,06:56:17,cancelado,cartão crédito,47.08,5,,site,4251.87,212.59,4086.36
2598,142,2024-12-23,05:29:31,enviado,cartão crédito,37.48,15,,app,860.46,129.07,768.87
2599,210,2025-10-28,23:15:08,concluído,pix,29.38,10,2025-11-02,site,566.4,56.64,539.14
2600,376,2024-07-14,02:28:00,concluído,pix,0.84,10,2024-07-18,loja física,322.14,32.21,290.77
2601,2,2025-01-03,11:30:50,processando,cartão crédito,40.7,15,,loja física,541.17,81.18,500.69
2602,170,2024-08-07,08:20:50,concluído,cartão crédito,34.38,0,2024-08-09,loja física,4747.5199999999995,0.0,4781.9
2603,38,2026-05-31,03:00:43,concluído,cartão crédito,32.3,15,2026-06-02,marketplace,4579.98,687.0,3925.28
2604,363,2024-09-23,13:51:22,processando,cartão crédito,41.95,20,,app,469.03999999999996,93.81,417.18
2605,1,2025-10-04,06:05:25,cancelado,pix,27.03,0,,marketplace,3188.2200000000003,0.0,3215.25
2606,241,2024-06-21,21:10:27,enviado,cartão crédito,30.7,0,,app,1144.37,0.0,1175.07
2607,104,2025-10-12,18:11:10,concluído,cartão crédito,7.03,5,2025-10-21,loja física,2924.94,146.25,2785.72
2608,236,2025-08-27,21:45:00,concluído,pix,26.34,5,2025-09-06,site,807.3,40.36,793.28
2609,339,2026-04-08,06:42:47,concluído,cartão débito,39.0,0,2026-04-19,site,2045.24,0.0,2084.24
2610,220,2024-08-23,05:40:20,concluído,cartão crédito,22.63,0,2024-09-02,loja física,22438.46,0.0,22461.09
2611,12,2024-08-29,01:42:41,processando,pix,11.81,0,,site,2332.19,0.0,2344.0
2612,360,2025-05-26,12:33:32,concluído,pix,17.89,10,2025-06-10,app,3503.08,350.31,3170.66
2613,41,2026-05-25,02:02:26,concluído,cartão débito,0.29,15,2026-05-30,marketplace,113.28,16.99,96.58
2614,482,2025-09-09,18:04:32,cancelado,cartão crédito,23.0,0,,marketplace,1823.22,0.0,1846.22
2615,61,2024-09-07,04:47:58,cancelado,cartão débito,22.8,10,,app,139.98,14.0,148.78
2616,309,2024-08-26,01:51:05,concluído,cartão crédito,3.72,5,2024-09-02,app,1547.3,77.36,1473.66
2617,365,2024-09-22,01:48:04,concluído,cartão débito,46.9,0,2024-10-02,app,739.03,0.0,785.93
2618,483,2025-01-09,07:17:26,concluído,cartão débito,25.56,0,2025-01-19,site,600.63,0.0,626.19
2619,452,2024-12-24,09:43:57,processando,boleto,44.11,10,,marketplace,1486.98,148.7,1382.39
2620,54,2026-04-29,18:26:24,concluído,pix,17.3,0,2026-05-02,loja física,1282.77,0.0,1300.07
2621,24,2024-10-22,04:56:32,processando,cartão crédito,38.9,0,,app,8187.32,0.0,8226.22
2622,188,2024-08-14,23:17:21,concluído,cartão débito,0.0,5,2024-08-28,site,130.63,6.53,124.1
2623,113,2024-08-03,00:17:32,concluído,boleto,44.83,0,2024-08-10,site,2532.45,0.0,2577.28
2624,424,2025-06-22,19:11:36,concluído,cartão crédito,42.3,0,2025-06-26,app,411.0,0.0,453.3
2625,287,2026-03-21,22:43:24,concluído,cartão débito,44.28,15,2026-04-05,marketplace,587.4,88.11,543.57
2626,249,2025-03-11,14:43:56,concluído,cartão débito,47.17,10,2025-03-13,app,3061.3199999999997,306.13,2802.36
2627,368,2026-05-13,20:06:56,concluído,cartão débito,4.5,20,2026-05-18,site,2480.26,496.05,1988.71
2628,278,2026-03-17,01:08:19,concluído,boleto,39.66,0,2026-04-01,loja física,322.14,0.0,361.8
2629,180,2024-11-12,10:41:08,concluído,boleto,32.01,10,2024-11-25,site,1053.56,105.36,980.21
2630,191,2025-04-03,10:50:31,concluído,boleto,30.46,10,2025-04-13,site,89.04,8.9,110.6
2631,337,2024-08-21,02:27:17,cancelado,cartão crédito,9.28,0,,site,6607.34,0.0,6616.62
2632,117,2025-06-20,07:23:25,enviado,boleto,43.02,0,,app,17458.67,0.0,17501.69
2633,237,2026-02-11,17:54:05,concluído,cartão crédito,21.47,0,2026-02-12,site,350.37,0.0,371.84
2634,132,2024-06-20,23:06:20,concluído,boleto,41.42,5,2024-06-28,marketplace,100.69,5.03,137.08
2635,358,2025-04-21,06:33:58,concluído,cartão crédito,40.46,0,2025-04-27,loja física,175.34,0.0,215.8
2636,294,2024-07-31,01:21:12,concluído,cartão crédito,42.79,0,2024-08-09,marketplace,5962.5,0.0,6005.29
2637,393,2025-06-16,19:08:15,concluído,cartão crédito,41.73,0,2025-06-24,app,1478.7399999999998,0.0,1520.47
2638,104,2025-10-02,21:22:12,cancelado,pix,40.47,0,,site,5840.7300000000005,0.0,5881.2
2639,24,2024-08-02,04:22:10,concluído,cartão crédito,38.66,5,2024-08-08,loja física,767.84,38.39,768.11
2640,36,2024-11-14,05:59:56,concluído,cartão débito,14.81,20,2024-11-17,marketplace,112.12,22.42,104.51
2641,392,2025-11-19,18:40:38,concluído,pix,12.07,15,2025-11-28,app,94.85,14.23,92.69
2642,208,2025-04-26,01:26:02,concluído,pix,48.85,0,2025-04-27,loja física,5633.04,0.0,5681.89
2643,281,2025-03-22,09:02:47,concluído,cartão crédito,35.82,0,2025-04-01,marketplace,834.27,0.0,870.09
2644,258,2026-04-25,23:15:36,cancelado,cartão crédito,15.15,0,,app,687.05,0.0,702.2
2645,465,2025-02-02,11:26:41,concluído,cartão débito,42.41,0,2025-02-15,app,705.58,0.0,747.99
2646,172,2025-10-09,00:03:34,concluído,cartão crédito,40.73,15,2025-10-15,site,2119.1099999999997,317.87,1841.97
2647,318,2026-05-10,09:46:55,concluído,cartão crédito,4.0,20,2026-05-18,app,2095.9300000000003,419.19,1680.74
2648,374,2025-05-20,02:46:58,concluído,pix,29.64,5,2025-05-23,marketplace,578.31,28.92,579.03
2649,167,2026-02-21,22:14:41,processando,cartão crédito,24.62,5,,site,2413.98,120.7,2317.9
2650,308,2024-10-07,00:59:15,enviado,cartão crédito,11.66,20,,site,131.31,26.26,116.71
2651,482,2024-10-21,13:37:58,concluído,cartão crédito,29.99,5,2024-10-30,app,1851.56,92.58,1788.97
2652,361,2025-01-21,22:59:40,concluído,boleto,34.03,0,2025-01-26,app,102.75,0.0,136.78
2653,208,2024-06-11,18:49:36,concluído,pix,18.51,0,2024-06-12,marketplace,1718.52,0.0,1737.03
2654,43,2026-05-06,18:50:04,enviado,pix,49.81,15,,app,803.81,120.57,733.05
2655,161,2024-10-20,16:34:48,concluído,pix,44.91,0,2024-11-04,site,1016.14,0.0,1061.05
2656,214,2025-10-29,06:52:15,concluído,pix,34.91,0,2025-11-12,marketplace,4796.46,0.0,4831.37
2657,442,2025-08-18,12:55:18,concluído,pix,9.14,15,2025-08-22,marketplace,227.16,34.07,202.23
2658,317,2025-10-07,04:28:07,concluído,cartão crédito,21.86,0,2025-10-22,loja física,56.91,0.0,78.77
2659,361,2025-09-18,02:39:51,concluído,cartão crédito,6.44,5,2025-09-26,site,214.58,10.73,210.29
2660,363,2026-03-29,20:35:29,cancelado,pix,33.64,5,,app,319.29,15.96,336.97
2661,425,2024-06-28,08:04:38,enviado,cartão crédito,0.49,0,,app,714.6,0.0,715.09
2662,396,2024-09-02,22:41:50,cancelado,pix,10.14,15,,site,839.62,125.94,723.82
2663,65,2025-02-25,04:14:52,concluído,boleto,43.83,0,2025-03-03,marketplace,2157.09,0.0,2200.92
2664,154,2025-02-28,06:18:54,concluído,cartão débito,45.4,20,2025-03-09,marketplace,14624.58,2924.92,11745.06
2665,316,2025-06-14,18:33:09,processando,pix,47.9,0,,app,12938.92,0.0,12986.82
2666,352,2025-09-23,19:40:50,processando,cartão débito,7.31,0,,site,6904.75,0.0,6912.06
2667,494,2025-09-12,22:28:32,concluído,cartão débito,46.93,0,2025-09-19,site,1291.2799999999997,0.0,1338.21
2668,483,2025-08-02,08:58:31,concluído,boleto,41.13,0,2025-08-09,loja física,731.52,0.0,772.65
2669,245,2024-06-07,19:16:34,enviado,cartão crédito,38.84,15,,loja física,9936.6,1490.49,8484.95
2670,349,2024-10-04,22:22:09,concluído,cartão crédito,44.4,0,2024-10-16,app,3526.96,0.0,3571.36
2671,158,2025-07-14,03:53:45,concluído,cartão débito,48.06,0,2025-07-19,app,8262.48,0.0,8310.54
2672,252,2026-01-01,00:01:44,concluído,cartão débito,37.86,10,2026-01-08,marketplace,1157.14,115.71,1079.29
2673,83,2024-12-18,14:02:27,concluído,cartão débito,41.34,0,2024-12-22,app,371.82,0.0,413.16
2674,161,2026-05-24,14:33:37,cancelado,cartão crédito,44.85,0,,site,4829.240000000001,0.0,4874.09
2675,95,2024-09-06,08:28:02,concluído,cartão débito,31.32,5,2024-09-11,app,453.41999999999996,22.67,462.07
2676,158,2024-10-31,16:41:39,concluído,cartão crédito,4.75,0,2024-11-04,site,5467.38,0.0,5472.13
2677,459,2025-09-17,16:31:18,concluído,pix,41.86,0,2025-09-28,app,234.8,0.0,276.66
2678,492,2024-06-26,20:44:51,concluído,cartão débito,45.58,5,2024-07-09,app,738.96,36.95,747.59
2679,463,2025-07-25,04:42:29,concluído,cartão crédito,19.16,0,2025-08-09,app,522.52,0.0,541.68
2680,4,2024-06-21,19:15:38,enviado,cartão crédito,33.85,20,,loja física,2220.41,444.08,1810.18
2681,289,2025-07-11,05:55:23,concluído,cartão débito,49.0,0,2025-07-26,app,5650.29,0.0,5699.29
2682,378,2025-07-06,09:24:39,concluído,cartão débito,21.13,0,2025-07-16,site,627.3,0.0,648.43
2683,124,2026-01-15,23:08:19,concluído,cartão crédito,40.12,0,2026-01-29,site,12347.28,0.0,12387.4
2684,73,2024-09-30,05:44:01,processando,cartão débito,17.65,0,,marketplace,2430.64,0.0,2448.29
2685,456,2024-11-18,22:02:38,concluído,cartão crédito,29.73,0,2024-11-26,loja física,1036.3500000000001,0.0,1066.08
2686,177,2026-04-08,05:30:19,concluído,pix,11.26,10,2026-04-21,site,2019.75,201.98,1829.03
2687,359,2025-03-14,07:51:09,concluído,boleto,4.94,10,2025-03-21,app,556.87,55.69,506.12
2688,467,2024-09-01,01:36:35,concluído,cartão débito,6.21,5,2024-09-16,loja física,693.35,34.67,664.89
2689,352,2026-05-02,20:24:04,enviado,cartão crédito,4.71,0,,site,1054.63,0.0,1059.34
2690,275,2024-11-19,10:11:03,concluído,cartão crédito,27.46,0,2024-11-23,marketplace,299.1,0.0,326.56
2691,354,2024-06-26,19:40:24,concluído,boleto,8.36,5,2024-07-04,loja física,200.43,10.02,198.77
2692,363,2025-02-13,07:34:52,concluído,cartão crédito,49.52,0,2025-02-14,app,927.66,0.0,977.18
2693,414,2024-09-19,12:50:14,concluído,pix,42.82,0,2024-10-02,loja física,107.38,0.0,150.2
2694,80,2024-11-21,14:26:31,enviado,cartão débito,29.04,15,,marketplace,796.2,119.43,705.81
2695,160,2024-08-07,17:17:01,concluído,pix,32.8,20,2024-08-22,app,4190.02,838.0,3384.82
2696,245,2025-12-21,03:55:39,concluído,cartão crédito,2.69,5,2026-01-03,marketplace,459.71,22.99,439.41
2697,475,2025-11-23,02:11:18,concluído,pix,11.41,5,2025-12-04,app,797.58,39.88,769.11
2698,143,2024-09-10,05:25:29,concluído,cartão crédito,49.27,5,2024-09-12,app,2668.2599999999998,133.41,2584.12
2699,441,2024-12-28,18:02:49,cancelado,cartão débito,5.47,0,,marketplace,17746.9,0.0,17752.37
2700,101,2025-01-02,11:18:39,concluído,pix,33.59,10,2025-01-14,site,871.08,87.11,817.56
2701,107,2025-06-12,23:00:15,concluído,boleto,13.82,10,2025-06-23,app,580.12,58.01,535.93
2702,67,2024-11-05,15:51:17,concluído,pix,24.85,15,2024-11-08,app,3051.68,457.75,2618.78
2703,53,2024-08-14,08:14:24,enviado,cartão crédito,35.82,0,,app,19.08,0.0,54.9
2704,172,2025-03-01,15:18:14,concluído,pix,20.32,0,2025-03-08,site,3044.5899999999997,0.0,3064.91
2705,423,2025-12-05,21:25:57,enviado,cartão crédito,35.69,5,,loja física,450.73,22.54,463.88
2706,204,2025-08-06,06:26:57,concluído,boleto,4.79,5,2025-08-12,app,113.28,5.66,112.41
2707,351,2025-10-23,06:33:07,enviado,cartão crédito,8.08,5,,loja física,6165.129999999999,308.26,5864.95
2708,417,2025-01-18,12:20:12,enviado,pix,37.04,0,,loja física,2067.0,0.0,2104.04
2709,21,2025-06-01,16:07:28,processando,pix,7.94,10,,app,218.85,21.88,204.91
2710,15,2026-01-03,17:13:46,concluído,cartão crédito,42.02,10,2026-01-16,marketplace,796.2,79.62,758.6
2711,201,2026-02-22,06:52:11,concluído,cartão crédito,28.32,10,2026-03-01,app,381.37,38.14,371.55
2712,215,2025-06-24,00:12:42,cancelado,cartão débito,25.0,0,,marketplace,318.48,0.0,343.48
2713,214,2025-05-08,14:34:57,cancelado,pix,45.28,0,,site,928.32,0.0,973.6
2714,202,2025-07-07,02:24:31,concluído,boleto,4.2,5,2025-07-19,loja física,992.45,49.62,947.03
2715,156,2025-04-10,13:15:36,concluído,cartão débito,38.86,10,2025-04-11,marketplace,8987.78,898.78,8127.86
2716,226,2026-05-21,07:36:46,enviado,boleto,19.54,0,,marketplace,430.76,0.0,450.3
2717,97,2024-10-31,20:35:23,enviado,pix,28.32,0,,marketplace,2816.52,0.0,2844.84
2718,193,2024-12-15,03:52:20,enviado,cartão crédito,9.47,10,,loja física,895.19,89.52,815.14
2719,428,2024-10-16,05:59:49,concluído,cartão crédito,14.75,0,2024-10-31,app,2278.2,0.0,2292.95
2720,341,2024-11-04,14:28:56,enviado,cartão crédito,41.35,0,,marketplace,2148.8,0.0,2190.15
2721,52,2025-11-19,13:28:38,concluído,pix,42.42,5,2025-11-22,site,161.06,8.05,195.43
2722,486,2026-03-23,01:02:52,concluído,boleto,47.42,5,2026-03-31,loja física,2900.6,145.03,2802.99
2723,371,2026-04-24,02:32:47,concluído,cartão crédito,40.95,0,2026-04-28,loja física,3234.73,0.0,3275.68
2724,287,2025-12-13,03:01:52,concluído,cartão crédito,11.95,0,2025-12-17,marketplace,2950.0600000000004,0.0,2962.01
2725,499,2025-01-08,05:33:37,cancelado,boleto,44.36,5,,marketplace,8501.31,425.07,8120.6
2726,126,2025-04-05,00:36:14,concluído,cartão crédito,10.1,10,2025-04-09,app,2864.2,286.42,2587.88
2727,428,2024-08-22,19:53:32,concluído,cartão crédito,33.36,0,2024-09-03,site,498.74,0.0,532.1
2728,137,2025-08-31,05:47:24,concluído,cartão crédito,23.3,10,2025-09-12,marketplace,1200.45,120.04,1103.71
2729,233,2026-02-09,23:14:45,concluído,cartão crédito,35.53,10,2026-02-22,marketplace,2291.36,229.14,2097.75
2730,483,2026-01-20,05:26:25,enviado,boleto,31.72,15,,marketplace,11255.08,1688.26,9598.54
2731,224,2025-09-03,07:03:44,cancelado,cartão crédito,23.56,15,,loja física,1988.8,298.32,1714.04
2732,305,2025-01-31,22:09:57,concluído,pix,19.08,10,2025-02-12,loja física,112.33,11.23,120.18
2733,65,2024-10-10,13:47:45,concluído,cartão crédito,17.13,0,2024-10-15,site,3129.93,0.0,3147.06
2734,430,2026-02-10,16:53:10,concluído,boleto,45.76,0,2026-02-25,site,1389.5900000000001,0.0,1435.35
2735,95,2024-11-10,18:46:51,processando,pix,29.74,0,,marketplace,6260.39,0.0,6290.13
2736,155,2025-12-16,17:58:42,concluído,pix,9.07,15,2025-12-23,app,1081.7,162.26,928.51
2737,142,2025-06-17,19:38:30,concluído,cartão crédito,18.36,10,2025-07-01,site,2373.99,237.4,2154.95
2738,63,2025-05-06,14:17:44,concluído,boleto,14.27,20,2025-05-13,marketplace,267.24,53.45,228.06
2739,299,2026-04-20,15:27:05,enviado,cartão crédito,39.55,0,,loja física,2291.36,0.0,2330.91
2740,155,2025-05-16,10:46:51,processando,pix,44.22,0,,site,3079.06,0.0,3123.28
2741,113,2025-04-29,00:50:03,concluído,pix,22.85,0,2025-05-06,site,3894.44,0.0,3917.29
2742,352,2025-09-10,02:11:27,concluído,pix,24.73,5,2025-09-21,marketplace,890.72,44.54,870.91
2743,73,2026-01-05,04:21:54,processando,boleto,3.96,10,,loja física,8404.66,840.47,7568.15
2744,286,2024-12-31,22:10:01,concluído,cartão crédito,7.81,0,2025-01-15,marketplace,531.72,0.0,539.53
2745,91,2026-02-27,15:07:51,enviado,cartão crédito,45.2,10,,marketplace,5386.8099999999995,538.68,4893.33
2746,334,2025-02-06,11:42:15,concluído,pix,24.85,0,2025-02-17,app,1210.75,0.0,1235.6
2747,84,2025-09-30,17:42:00,enviado,pix,46.59,5,,loja física,3222.8,161.14,3108.25
2748,449,2024-08-26,10:50:42,enviado,pix,7.36,15,,loja física,4098.57,614.79,3491.14
2749,221,2025-09-18,14:36:34,concluído,cartão crédito,16.16,0,2025-09-28,loja física,1684.3000000000002,0.0,1700.46
2750,467,2025-03-28,10:17:24,concluído,cartão crédito,41.29,15,2025-04-02,marketplace,440.52,66.08,415.73
2751,417,2025-05-03,08:46:19,processando,cartão crédito,26.8,0,,marketplace,309.22,0.0,336.02
2752,338,2024-11-06,00:51:47,concluído,boleto,1.81,15,2024-11-15,loja física,113.28,16.99,98.1
2753,92,2025-08-18,10:05:30,processando,pix,3.28,0,,loja física,15057.36,0.0,15060.64
2754,485,2025-03-05,00:37:11,enviado,cartão crédito,21.23,5,,app,2236.52,111.83,2145.92
2755,355,2025-03-21,08:55:36,cancelado,pix,38.39,0,,loja física,107.38,0.0,145.77
2756,356,2026-05-02,07:46:04,concluído,cartão crédito,49.57,15,2026-05-13,app,761.36,114.2,696.73
2757,319,2025-10-08,08:09:08,concluído,cartão crédito,35.39,5,2025-10-15,loja física,1001.05,50.05,986.39
2758,14,2026-03-02,07:26:03,concluído,cartão débito,9.31,10,2026-03-14,loja física,503.45,50.34,462.42
2759,177,2024-07-23,19:48:28,enviado,cartão crédito,18.64,5,,app,7533.72,376.69,7175.67
2760,76,2025-05-18,23:17:03,processando,cartão crédito,31.93,10,,loja física,208.13,20.81,219.25
2761,98,2024-10-11,19:32:46,concluído,pix,30.11,0,2024-10-21,marketplace,846.9799999999999,0.0,877.09
2762,354,2026-04-25,18:20:31,concluído,pix,44.63,10,2026-05-03,marketplace,261.26,26.13,279.76
2763,217,2024-06-30,03:07:48,concluído,cartão crédito,25.31,20,2024-07-04,loja física,506.49,101.3,430.5
2764,26,2025-07-06,02:10:47,concluído,cartão débito,22.91,5,2025-07-21,loja física,385.05,19.25,388.71
2765,404,2024-12-17,11:14:47,enviado,boleto,38.15,10,,app,2816.52,281.65,2573.02
2766,8,2025-09-02,17:50:01,concluído,cartão débito,7.78,0,2025-09-04,app,309.22,0.0,317.0
2767,286,2025-04-18,05:10:40,processando,pix,31.54,0,,site,1130.28,0.0,1161.82
2768,253,2025-01-17,20:32:29,cancelado,pix,42.01,0,,marketplace,227.06,0.0,269.07
2769,400,2025-09-15,22:58:34,concluído,cartão crédito,10.0,0,2025-09-20,marketplace,2364.83,0.0,2374.83
2770,497,2026-03-08,00:20:59,concluído,boleto,49.01,20,2026-03-12,app,849.21,169.84,728.38
2771,471,2026-04-16,06:57:44,cancelado,pix,0.84,0,,marketplace,7842.9400000000005,0.0,7843.78
2772,178,2025-10-17,23:17:44,concluído,cartão débito,33.45,10,2025-10-20,app,247.89000000000001,24.79,256.55
2773,341,2025-07-20,23:00:03,enviado,boleto,31.5,0,,marketplace,1786.08,0.0,1817.58
2774,94,2025-03-04,12:16:34,concluído,pix,30.83,20,2025-03-11,app,1568.25,313.65,1285.43
2775,461,2025-04-09,06:46:21,concluído,cartão crédito,41.57,5,2025-04-10,loja física,402.76,20.14,424.19
2776,126,2024-06-27,03:55:09,processando,cartão crédito,32.32,5,,marketplace,536.9,26.84,542.38
2777,252,2024-08-31,23:01:41,concluído,cartão crédito,41.3,0,2024-09-13,marketplace,425.72,0.0,467.02
2778,487,2024-10-21,15:27:21,concluído,cartão crédito,6.09,5,2024-10-30,app,817.04,40.85,782.28
2779,37,2026-02-22,07:24:19,concluído,cartão crédito,19.23,0,2026-03-05,site,1428.4,0.0,1447.63
2780,340,2025-02-09,13:00:39,concluído,cartão crédito,28.49,10,2025-02-14,marketplace,117.4,11.74,134.15
2781,375,2025-05-03,10:08:53,concluído,cartão crédito,23.76,0,2025-05-09,marketplace,3419.3100000000004,0.0,3443.07
2782,90,2026-02-08,05:10:30,concluído,boleto,32.92,0,2026-02-21,loja física,17408.98,0.0,17441.9
2783,138,2024-10-26,07:30:10,cancelado,cartão crédito,28.25,15,,marketplace,413.83,62.07,380.01
2784,9,2025-03-08,18:38:21,concluído,cartão débito,33.46,5,2025-03-13,loja física,6289.04,314.45,6008.05
2785,303,2024-12-11,10:51:35,concluído,cartão crédito,27.3,0,2024-12-15,app,133.62,0.0,160.92
2786,1,2024-07-30,07:54:43,concluído,pix,0.91,0,2024-08-12,app,358.62,0.0,359.53
2787,37,2024-11-18,01:07:17,enviado,cartão débito,32.54,0,,site,1263.88,0.0,1296.42
2788,482,2025-10-27,04:19:10,concluído,cartão crédito,12.16,10,2025-10-29,loja física,11956.710000000001,1195.67,10773.2
2789,332,2025-03-19,14:02:53,concluído,cartão débito,1.81,20,2025-03-29,loja física,2532.45,506.49,2027.77
2790,219,2025-03-19,19:42:53,concluído,cartão débito,24.15,0,2025-03-22,app,1115.17,0.0,1139.32
2791,200,2024-09-24,13:32:00,concluído,pix,1.41,20,2024-10-05,loja física,350.68,70.14,281.95
2792,216,2026-01-30,09:00:09,enviado,cartão crédito,41.95,15,,marketplace,179.07,26.86,194.16
2793,47,2025-02-03,03:37:29,concluído,cartão débito,19.07,0,2025-02-13,site,4049.4900000000002,0.0,4068.56
2794,345,2024-09-06,21:42:09,cancelado,pix,28.85,0,,app,20773.3,0.0,20802.15
2795,82,2024-06-11,09:22:12,concluído,cartão crédito,3.46,10,2024-06-12,marketplace,215.38,21.54,197.3
2796,140,2025-02-06,08:43:48,concluído,boleto,28.1,0,2025-02-13,marketplace,3952.89,0.0,3980.99
2797,26,2025-11-20,12:29:55,concluído,cartão crédito,21.0,5,2025-12-02,loja física,5689.38,284.47,5425.91
2798,341,2024-06-12,09:00:28,concluído,pix,24.77,0,2024-06-21,loja física,636.21,0.0,660.98
2799,159,2025-12-12,15:58:02,concluído,pix,4.44,10,2025-12-27,loja física,9968.34,996.83,8975.95
2800,219,2025-02-14,08:22:04,processando,pix,1.69,15,,site,218.85,32.83,187.71
2801,181,2024-11-16,22:48:17,concluído,cartão crédito,11.01,0,2024-11-20,loja física,322.12,0.0,333.13
2802,290,2025-05-31,09:02:49,cancelado,cartão crédito,9.3,0,,site,5747.74,0.0,5757.04
2803,290,2025-08-18,16:11:29,concluído,pix,6.85,5,2025-08-29,app,559.13,27.96,538.02
2804,356,2026-02-11,14:08:07,concluído,cartão crédito,23.25,0,2026-02-12,marketplace,10510.48,0.0,10533.73
2805,271,2025-02-08,16:08:02,concluído,cartão crédito,20.63,0,2025-02-11,marketplace,1060.72,0.0,1081.35
2806,437,2026-05-02,23:36:00,concluído,cartão crédito,14.47,5,2026-05-04,marketplace,1255.05,62.75,1206.77
2807,179,2024-12-01,14:41:05,enviado,boleto,20.66,0,,marketplace,7053.23,0.0,7073.89
2808,386,2025-08-14,03:32:14,cancelado,cartão crédito,44.97,15,,app,113.28,16.99,141.26
2809,403,2024-07-25,08:30:38,concluído,cartão crédito,44.74,5,2024-07-30,loja física,24543.219999999998,1227.16,23360.8
2810,302,2025-03-30,09:43:59,concluído,cartão crédito,30.31,10,2025-04-09,marketplace,56.91,5.69,81.53
2811,146,2025-01-10,04:45:03,concluído,cartão crédito,43.96,15,2025-01-18,marketplace,14782.890000000001,2217.43,12609.42
2812,347,2025-09-14,08:11:55,concluído,pix,34.91,0,2025-09-27,app,1151.76,0.0,1186.67
2813,257,2024-11-15,17:01:47,concluído,cartão crédito,30.21,0,2024-11-21,app,10418.79,0.0,10449.0
2814,343,2025-07-18,10:40:51,cancelado,pix,32.06,15,,marketplace,95.4,14.31,113.15
2815,54,2024-11-19,19:36:36,concluído,boleto,49.79,10,2024-11-22,loja física,952.0899999999999,95.21,906.67
2816,89,2024-08-22,20:22:10,concluído,cartão crédito,23.89,0,2024-09-03,marketplace,688.24,0.0,712.13
2817,266,2025-08-13,14:49:34,concluído,cartão crédito,14.32,10,2025-08-27,loja física,1131.52,113.15,1032.69
2818,410,2025-01-05,20:59:49,concluído,cartão débito,42.87,0,2025-01-13,app,554.22,0.0,597.09
2819,143,2025-12-12,05:57:25,concluído,cartão débito,42.33,0,2025-12-17,site,1525.84,0.0,1568.17
2820,115,2025-09-19,01:57:24,concluído,cartão débito,41.07,0,2025-09-29,marketplace,2706.9900000000002,0.0,2748.06
2821,59,2026-04-21,00:49:27,concluído,cartão crédito,43.1,0,2026-05-04,loja física,2592.09,0.0,2635.19
2822,271,2026-02-21,01:19:07,processando,pix,19.54,0,,marketplace,1679.18,0.0,1698.72
2823,430,2026-04-02,19:43:53,enviado,cartão débito,0.12,15,,site,536.9,80.54,456.48
2824,313,2025-11-07,08:34:31,cancelado,cartão crédito,3.43,10,,marketplace,561.65,56.16,508.92
2825,168,2024-08-01,00:37:19,concluído,cartão crédito,11.04,0,2024-08-13,marketplace,6242.7699999999995,0.0,6253.81
2826,152,2025-08-23,16:58:17,concluído,pix,9.51,0,2025-08-27,app,291.98,0.0,301.49
2827,100,2026-04-28,06:15:41,concluído,cartão crédito,14.61,0,2026-05-02,app,747.75,0.0,762.36
2828,10,2025-10-18,21:08:46,enviado,cartão crédito,33.1,10,,loja física,12939.76,1293.98,11678.88
2829,346,2025-04-27,11:47:25,concluído,pix,19.77,10,2025-05-09,site,11756.28,1175.63,10600.42
2830,462,2025-11-15,17:39:31,concluído,boleto,32.49,10,2025-11-28,app,4011.26,401.13,3642.62
2831,196,2026-01-12,06:24:36,concluído,pix,47.87,0,2026-01-17,site,9417.15,0.0,9465.02
2832,498,2025-05-07,22:37:04,enviado,cartão débito,44.37,0,,marketplace,3887.88,0.0,3932.25
2833,155,2025-02-05,17:42:28,concluído,cartão crédito,15.89,0,2025-02-06,marketplace,400.42,0.0,416.31
2834,84,2026-02-25,16:34:12,cancelado,cartão crédito,27.9,15,,loja física,1152.0,172.8,1007.1
2835,230,2025-02-07,13:17:37,concluído,pix,36.42,10,2025-02-10,app,102.75,10.28,128.89
2836,267,2024-11-04,19:35:22,concluído,boleto,31.12,0,2024-11-07,app,3006.58,0.0,3037.7
2837,206,2024-11-04,00:26:30,concluído,cartão débito,5.38,0,2024-11-10,site,1300.94,0.0,1306.32
2838,102,2024-07-12,11:31:21,concluído,cartão crédito,23.38,0,2024-07-16,site,49.05,0.0,72.43
2839,220,2026-02-17,09:40:48,enviado,pix,18.22,10,,loja física,49.05,4.9,62.37
2840,73,2025-06-22,13:24:00,processando,pix,30.42,0,,marketplace,2225.2799999999997,0.0,2255.7
2841,30,2025-06-26,05:19:33,concluído,cartão crédito,32.02,0,2025-07-08,site,2432.81,0.0,2464.83
2842,89,2024-07-10,06:03:40,cancelado,boleto,36.66,5,,marketplace,302.07,15.1,323.63
2843,88,2025-01-03,01:16:22,processando,cartão crédito,10.82,10,,app,1259.43,125.94,1144.31
2844,152,2025-04-27,02:13:46,concluído,cartão débito,47.23,10,2025-05-06,site,20668.530000000002,2066.85,18648.91
2845,84,2024-09-04,12:56:50,concluído,boleto,33.03,0,2024-09-16,site,1357.5,0.0,1390.53
2846,30,2024-09-08,07:03:11,processando,cartão crédito,43.85,0,,marketplace,618.44,0.0,662.29
2847,280,2025-05-21,14:19:27,enviado,cartão débito,38.73,0,,loja física,1568.25,0.0,1606.98
2848,354,2024-10-14,20:04:25,enviado,cartão débito,41.16,0,,app,8458.11,0.0,8499.27
2849,26,2025-09-14,01:16:42,cancelado,cartão crédito,31.93,0,,loja física,1508.51,0.0,1540.44
2850,241,2025-02-12,19:11:06,concluído,cartão débito,16.94,15,2025-02-23,site,3460.13,519.02,2958.05
2851,307,2025-09-06,02:01:33,concluído,cartão crédito,47.69,10,2025-09-12,marketplace,2733.96,273.4,2508.25
2852,274,2025-03-28,06:46:46,concluído,cartão crédito,12.71,5,2025-04-10,app,912.2800000000001,45.61,879.38
2853,249,2024-12-04,13:01:19,cancelado,cartão crédito,9.36,5,,site,13530.66,676.53,12863.49
2854,52,2025-08-25,14:55:49,enviado,cartão crédito,4.29,0,,loja física,722.31,0.0,726.6
2855,22,2024-06-20,10:16:31,cancelado,cartão crédito,17.3,5,,loja física,4018.74,200.94,3835.1
2856,381,2025-01-11,07:16:16,processando,cartão débito,33.41,15,,site,1798.62,269.79,1562.24
2857,442,2024-06-17,18:17:26,concluído,pix,14.54,0,2024-06-18,app,1078.17,0.0,1092.71
2858,54,2025-10-16,20:36:47,concluído,cartão débito,30.91,0,2025-10-22,marketplace,748.02,0.0,778.93
2859,377,2026-02-02,07:40:24,concluído,pix,38.14,0,2026-02-08,app,2007.9,0.0,2046.04
2860,253,2026-03-30,20:42:57,concluído,boleto,37.35,0,2026-04-14,loja física,3409.56,0.0,3446.91
2861,185,2025-08-25,02:43:07,concluído,pix,7.47,0,2025-08-26,app,450.12,0.0,457.59
2862,351,2024-06-07,12:25:28,concluído,pix,29.5,5,2024-06-13,app,1254.6,62.73,1221.37
2863,379,2026-05-13,00:03:28,processando,pix,34.55,10,,app,3029.05,302.9,2760.7
2864,151,2025-05-28,13:50:57,cancelado,cartão crédito,43.77,10,,marketplace,10877.02,1087.7,9833.09
2865,256,2025-01-10,18:45:40,concluído,cartão débito,28.95,0,2025-01-19,marketplace,486.49,0.0,515.44
2866,86,2024-09-13,16:53:49,concluído,cartão crédito,18.67,5,2024-09-26,marketplace,48.51,2.43,64.75
2867,448,2026-03-19,15:09:29,concluído,cartão crédito,39.32,0,2026-04-01,marketplace,25232.109999999997,0.0,25271.43
2868,463,2025-04-12,18:44:07,enviado,cartão crédito,21.31,5,,app,20566.18,1028.31,19559.18
2869,307,2024-07-02,15:40:50,cancelado,pix,20.66,0,,loja física,2594.2,0.0,2614.86
2870,243,2026-04-30,17:16:14,cancelado,cartão crédito,8.51,15,,app,334.05,50.11,292.45
2871,454,2025-07-23,06:20:37,concluído,cartão crédito,27.08,0,2025-07-25,app,3819.52,0.0,3846.6
2872,294,2026-05-17,23:12:04,concluído,pix,7.87,5,2026-05-23,site,1568.25,78.41,1497.71
2873,443,2025-07-18,15:21:57,concluído,boleto,38.35,0,2025-08-02,app,308.04,0.0,346.39
2874,388,2024-07-04,07:03:08,concluído,pix,29.02,0,2024-07-10,app,1720.45,0.0,1749.47
2875,416,2025-02-20,23:12:03,concluído,cartão crédito,20.39,10,2025-03-04,marketplace,2097.4,209.74,1908.05
2876,489,2025-10-17,17:17:15,enviado,cartão crédito,21.53,0,,marketplace,2288.76,0.0,2310.29
2877,14,2024-06-16,13:08:08,enviado,cartão débito,27.51,0,,app,1156.66,0.0,1184.17
2878,115,2024-07-27,20:30:59,enviado,pix,37.94,0,,marketplace,329.8,0.0,367.74
2879,436,2025-06-03,21:14:42,concluído,cartão crédito,42.69,0,2025-06-17,site,411.0,0.0,453.69
2880,49,2024-08-16,18:57:35,concluído,boleto,8.63,0,2024-08-19,marketplace,739.4200000000001,0.0,748.05
2881,453,2026-03-10,11:19:38,concluído,cartão crédito,18.59,0,2026-03-25,loja física,45.27,0.0,63.86
2882,256,2026-02-17,05:43:47,concluído,boleto,14.87,0,2026-02-26,site,248.6,0.0,263.47
2883,285,2025-04-22,07:25:44,concluído,cartão débito,19.43,20,2025-04-27,app,2077.6,415.52,1681.51
2884,345,2025-12-17,16:13:25,processando,cartão crédito,39.65,0,,loja física,898.28,0.0,937.93
2885,246,2025-01-23,16:48:45,concluído,cartão crédito,15.65,0,2025-02-01,loja física,175.34,0.0,190.99
2886,145,2025-01-03,06:05:02,enviado,boleto,19.92,0,,site,1012.98,0.0,1032.9
2887,67,2025-02-05,06:38:30,concluído,cartão crédito,32.86,0,2025-02-17,app,481.54,0.0,514.4
2888,224,2026-01-10,07:38:25,enviado,pix,8.93,0,,site,38.16,0.0,47.09
2889,24,2025-02-27,12:26:00,concluído,cartão crédito,30.53,5,2025-03-01,site,361.32,18.07,373.78
2890,481,2025-04-10,20:45:27,concluído,cartão débito,43.91,10,2025-04-18,site,402.65,40.26,406.3
2891,315,2024-08-04,20:45:59,concluído,cartão crédito,41.19,0,2024-08-18,marketplace,2432.16,0.0,2473.35
2892,50,2025-08-10,02:46:53,concluído,pix,25.63,0,2025-08-19,site,15362.32,0.0,15387.95
2893,222,2026-01-26,13:38:20,concluído,cartão crédito,1.04,5,2026-02-10,app,2835.57,141.78,2694.83
2894,32,2025-02-02,03:47:48,enviado,cartão crédito,46.72,10,,marketplace,618.44,61.84,603.32
2895,97,2025-06-22,11:14:38,concluído,pix,0.19,5,2025-06-29,marketplace,724.24,36.21,688.22
2896,139,2025-09-22,12:16:56,processando,cartão crédito,26.42,0,,site,4149.22,0.0,4175.64
2897,284,2024-07-10,11:17:53,cancelado,pix,46.15,10,,app,1301.03,130.1,1217.08
2898,290,2025-04-05,09:57:14,enviado,pix,3.12,0,,loja física,419.94,0.0,423.06
2899,388,2025-01-21,17:11:38,concluído,cartão crédito,12.18,0,2025-01-29,app,65.78,0.0,77.96
2900,257,2025-11-26,20:41:46,processando,cartão débito,19.23,10,,app,295.2,29.52,284.91
2901,209,2025-05-22,23:48:57,concluído,boleto,4.16,0,2025-05-30,site,1982.88,0.0,1987.04
2902,494,2025-06-22,02:15:33,processando,cartão débito,40.49,10,,loja física,17091.88,1709.19,15423.18
2903,54,2026-03-25,02:11:47,concluído,cartão crédito,27.55,20,2026-04-02,site,1131.3100000000002,226.26,932.6
2904,98,2025-10-14,20:42:53,concluído,cartão crédito,25.24,0,2025-10-16,app,513.75,0.0,538.99
2905,79,2026-05-12,02:13:22,enviado,cartão crédito,26.97,5,,app,924.8199999999999,46.24,905.55
2906,237,2024-09-06,05:05:57,concluído,pix,36.34,0,2024-09-09,loja física,1432.17,0.0,1468.51
2907,377,2026-03-20,17:52:01,concluído,boleto,0.99,20,2026-04-02,loja física,1028.52,205.7,823.81
2908,334,2025-03-21,07:54:45,concluído,cartão crédito,37.7,10,2025-03-23,app,2644.92,264.49,2418.13
2909,479,2026-06-02,05:51:46,concluído,cartão débito,5.01,5,2026-06-17,marketplace,13999.83,699.99,13304.85
2910,319,2025-09-26,21:43:27,concluído,cartão crédito,30.27,20,2025-09-28,site,2706.32,541.26,2195.33
2911,356,2024-08-22,17:04:40,concluído,cartão crédito,48.4,0,2024-08-31,app,1264.17,0.0,1312.57
2912,180,2024-06-26,15:46:09,concluído,pix,8.89,5,2024-07-01,app,688.24,34.41,662.72
2913,193,2024-11-24,21:43:42,enviado,cartão crédito,47.57,0,,loja física,747.75,0.0,795.32
2914,314,2024-07-11,01:29:34,enviado,pix,28.68,0,,marketplace,6922.610000000001,0.0,6951.29
2915,316,2026-03-07,01:25:23,concluído,cartão débito,28.22,20,2026-03-12,marketplace,5459.009999999999,1091.8,4395.43
2916,140,2024-06-11,23:35:38,concluído,pix,31.35,0,2024-06-21,loja física,866.04,0.0,897.39
2917,454,2024-09-19,15:59:42,enviado,cartão crédito,43.0,0,,marketplace,5066.17,0.0,5109.17
2918,74,2024-08-24,13:40:09,enviado,pix,20.56,5,,marketplace,1563.42,78.17,1505.81
2919,294,2025-02-09,16:19:36,concluído,cartão débito,24.17,5,2025-02-17,loja física,2721.64,136.08,2609.73
2920,255,2026-04-03,23:14:54,concluído,cartão crédito,17.56,5,2026-04-14,marketplace,132.3,6.62,143.24
2921,489,2025-11-19,23:34:14,concluído,cartão débito,40.06,10,2025-11-21,marketplace,1358.27,135.83,1262.5
2922,125,2025-12-18,10:51:33,concluído,cartão crédito,22.87,15,2025-12-26,marketplace,138.67,20.8,140.74
2923,298,2025-05-08,07:30:28,concluído,cartão débito,26.61,20,2025-05-20,marketplace,1627.94,325.59,1328.96
2924,274,2024-11-26,17:06:17,enviado,cartão crédito,14.47,0,,app,66.81,0.0,81.28
2925,264,2024-10-14,02:23:48,enviado,pix,43.7,0,,app,38.16,0.0,81.86
2926,17,2024-08-11,06:32:55,concluído,cartão crédito,6.96,0,2024-08-26,loja física,685.68,0.0,692.64
2927,309,2024-10-30,09:16:22,concluído,boleto,0.9,5,2024-11-08,marketplace,1389.29,69.46,1320.73
2928,184,2025-12-18,08:08:52,concluído,cartão débito,38.43,0,2025-12-23,app,617.69,0.0,656.12
2929,412,2026-05-05,17:27:02,processando,cartão crédito,24.08,5,,app,9.81,0.49,33.4
2930,378,2026-02-24,19:49:54,enviado,cartão débito,41.59,10,,site,19544.88,1954.49,17631.98
2931,444,2025-03-17,10:12:39,concluído,cartão crédito,7.45,20,2025-03-24,marketplace,313.65,62.73,258.37
2932,25,2026-02-27,19:53:32,processando,cartão crédito,2.29,0,,loja física,43.77,0.0,46.06
2933,207,2026-05-06,04:42:43,enviado,cartão crédito,44.34,10,,marketplace,5878.14,587.81,5334.67
2934,9,2025-07-26,10:36:44,enviado,boleto,47.42,0,,site,1282.05,0.0,1329.47
2935,290,2024-06-07,17:54:41,concluído,cartão crédito,21.87,5,2024-06-20,marketplace,938.53,46.93,913.47
2936,27,2026-05-30,10:52:37,concluído,cartão débito,23.94,10,2026-06-09,site,352.2,35.22,340.92
2937,272,2025-11-20,11:32:41,enviado,cartão débito,20.68,5,,site,14658.66,732.93,13946.41
2938,385,2026-04-09,02:46:05,concluído,cartão crédito,18.58,5,2026-04-20,site,784.71,39.24,764.05
2939,152,2024-07-14,16:18:03,concluído,cartão crédito,48.35,0,2024-07-29,site,3089.11,0.0,3137.46
2940,341,2024-12-22,14:43:38,concluído,cartão crédito,21.05,15,2024-12-27,loja física,12188.82,1828.32,10381.55
2941,192,2026-04-21,00:03:50,processando,cartão crédito,46.91,0,,app,1063.44,0.0,1110.35
2942,177,2026-02-03,14:12:55,concluído,cartão débito,21.77,0,2026-02-18,marketplace,169.65,0.0,191.42
2943,394,2024-07-07,08:47:46,cancelado,cartão crédito,46.85,0,,site,3052.76,0.0,3099.61
2944,478,2024-08-28,23:19:36,concluído,cartão débito,32.93,0,2024-09-01,site,9190.1,0.0,9223.03
2945,246,2024-07-11,04:38:45,concluído,boleto,15.15,0,2024-07-16,marketplace,430.76,0.0,445.91
2946,308,2025-01-26,06:10:35,concluído,cartão crédito,8.52,10,2025-01-30,app,1029.42,102.94,935.0
2947,4,2024-08-01,04:41:08,concluído,cartão débito,4.08,0,2024-08-07,marketplace,661.95,0.0,666.03
2948,112,2024-12-25,18:01:41,enviado,cartão crédito,35.01,15,,site,806.0,120.9,720.11
2949,202,2025-02-14,16:56:06,concluído,cartão crédito,9.22,0,2025-02-18,site,587.7,0.0,596.92
2950,399,2025-11-20,05:35:09,cancelado,cartão débito,46.06,5,,loja física,848.62,42.43,852.25
2951,396,2025-09-22,20:17:51,concluído,cartão crédito,32.06,10,2025-09-29,marketplace,4427.08,442.71,4016.43
2952,346,2026-02-08,18:48:37,concluído,cartão crédito,16.2,0,2026-02-20,marketplace,897.13,0.0,913.33
2953,178,2026-02-24,23:37:33,concluído,cartão crédito,42.87,0,2026-03-10,site,138.67,0.0,181.54
2954,168,2025-03-25,17:14:36,cancelado,cartão débito,30.69,0,,site,5690.530000000001,0.0,5721.22
2955,271,2024-12-30,13:19:24,concluído,pix,2.35,0,2024-12-31,site,1211.62,0.0,1213.97
2956,158,2025-11-28,13:51:16,concluído,cartão crédito,11.49,0,2025-12-06,app,413.4,0.0,424.89
2957,153,2024-10-14,05:08:24,concluído,cartão crédito,26.39,10,2024-10-17,marketplace,903.3,90.33,839.36
2958,433,2026-05-23,06:24:30,concluído,cartão débito,17.78,0,2026-06-05,loja física,65.78,0.0,83.56
2959,434,2024-09-18,21:53:33,concluído,boleto,10.14,0,2024-09-23,loja física,4568.06,0.0,4578.2
2960,114,2025-08-31,02:09:14,concluído,cartão crédito,26.44,0,2025-09-01,site,852.39,0.0,878.83
2961,123,2025-05-27,17:45:08,enviado,pix,26.01,5,,app,2070.16,103.51,1992.66
2962,263,2024-09-05,00:55:21,concluído,cartão débito,26.69,0,2024-09-06,site,1173.78,0.0,1200.47
2963,246,2024-09-09,23:59:24,concluído,cartão débito,9.8,0,2024-09-12,loja física,531.72,0.0,541.52
2964,33,2025-02-06,22:35:26,concluído,cartão crédito,6.1,5,2025-02-17,loja física,1183.4,59.17,1130.33
2965,109,2026-04-04,08:41:00,concluído,boleto,36.37,0,2026-04-15,site,288.0,0.0,324.37
2966,443,2024-09-26,20:44:44,concluído,cartão crédito,21.2,0,2024-10-06,marketplace,5030.26,0.0,5051.46
2967,255,2026-01-09,19:23:04,concluído,cartão crédito,23.91,10,2026-01-16,app,369.48,36.95,356.44
2968,302,2025-08-31,14:46:33,concluído,boleto,49.25,0,2025-09-07,loja física,1982.46,0.0,2031.71
2969,295,2026-04-24,11:33:35,concluído,cartão crédito,18.77,10,2026-05-04,marketplace,2636.74,263.67,2391.84
2970,175,2026-03-26,05:48:41,cancelado,cartão crédito,29.32,5,,site,2422.54,121.13,2330.73
2971,58,2026-04-30,10:42:02,enviado,cartão crédito,29.72,0,,app,342.84,0.0,372.56
2972,464,2025-04-20,22:09:18,concluído,cartão crédito,46.46,10,2025-04-29,app,2627.31,262.73,2411.04
2973,277,2025-10-11,14:32:33,concluído,cartão débito,33.11,0,2025-10-13,marketplace,8093.540000000001,0.0,8126.65
2974,200,2025-05-16,22:22:33,concluído,cartão crédito,46.8,10,2025-05-21,marketplace,2562.63,256.26,2353.17
2975,481,2025-11-04,22:36:21,enviado,boleto,33.43,10,,marketplace,824.4,82.44,775.39
2976,467,2024-09-06,23:00:06,concluído,pix,41.11,15,2024-09-15,marketplace,724.24,108.64,656.71
2977,293,2025-07-14,04:10:42,enviado,cartão crédito,25.94,15,,site,18.97,2.85,42.06
2978,27,2025-07-18,16:46:06,processando,cartão crédito,3.57,10,,loja física,3320.31,332.03,2991.85
2979,312,2024-12-07,17:28:48,enviado,pix,33.06,5,,site,14729.34,736.47,14025.93
2980,154,2025-08-26,18:21:00,processando,cartão débito,9.36,5,,loja física,554.22,27.71,535.87
2981,237,2025-06-10,02:59:58,processando,cartão crédito,16.38,5,,marketplace,2406.2,120.31,2302.27
2982,135,2025-10-30,12:44:42,processando,boleto,40.46,10,,app,506.49,50.65,496.3
2983,448,2025-06-19,13:59:44,concluído,cartão crédito,49.65,20,2025-07-02,site,532.15,106.43,475.37
2984,112,2025-01-07,19:28:21,concluído,cartão débito,10.48,5,2025-01-19,loja física,14056.94,702.85,13364.57
2985,59,2025-02-08,22:39:38,processando,pix,28.85,5,,loja física,1584.44,79.22,1534.07
2986,41,2026-01-25,00:55:32,processando,cartão crédito,45.73,5,,site,526.02,26.3,545.45
2987,317,2025-12-23,14:06:04,enviado,pix,43.24,10,,app,170.37,17.04,196.57
2988,228,2025-06-13,20:05:45,processando,cartão débito,2.35,0,,loja física,352.2,0.0,354.55
2989,300,2024-11-26,07:35:02,cancelado,cartão crédito,41.07,0,,marketplace,1885.29,0.0,1926.36
2990,276,2024-08-14,05:03:44,enviado,pix,37.65,0,,site,5751.09,0.0,5788.74
2991,343,2024-12-25,19:36:38,enviado,cartão crédito,6.31,0,,site,169.65,0.0,175.96
2992,404,2026-01-20,00:50:17,concluído,cartão débito,0.52,20,2026-01-24,app,19544.88,3908.98,15636.42
2993,243,2025-01-20,00:00:12,processando,cartão crédito,32.25,0,,site,8421.9,0.0,8454.15
2994,22,2025-12-08,10:54:29,concluído,cartão débito,34.44,0,2025-12-15,site,1749.44,0.0,1783.88
2995,368,2024-08-07,05:11:42,processando,cartão crédito,14.14,0,,app,13678.13,0.0,13692.27
2996,237,2025-03-05,02:22:32,concluído,cartão crédito,3.48,0,2025-03-17,loja física,6355.860000000001,0.0,6359.34
2997,206,2025-08-11,17:16:35,concluído,cartão crédito,21.95,0,2025-08-24,marketplace,1329.3,0.0,1351.25
2998,206,2026-03-14,21:25:53,concluído,cartão débito,10.43,0,2026-03-24,site,4293.73,0.0,4304.16
2999,321,2026-04-12,21:19:03,enviado,cartão crédito,16.06,15,,loja física,1461.08,219.16,1257.98
3000,490,2024-12-09,04:01:08,concluído,cartão crédito,33.22,0,2024-12-20,marketplace,29.43,0.0,62.65
